ISO-10303-21;
HEADER;
/* Generated by software containing ST-Developer
 * from STEP Tools, Inc. (www.steptools.com) 
 */
/* OPTION: using custom renumber hook */

FILE_DESCRIPTION(
/* description */ ('STEP AP242 Edition 2',
'CAx-IF Rec.Pracs.---Representation and Presentation of Product Manufa
cturing Information (PMI)---4.0---2014-10-13',
'CAx-IF Rec.Pracs.---3D Tessellated Geometry---0.4---2014-09-14','2;1',
'CAx-IF Rec.Pracs.---User Defined Attributes---1.5---2016-08-15'),
/* implementation_level */ '2;1');

FILE_NAME(
/* name */ 'SG90-1-arm-horn - Final-1-arm-horn',
/* time_stamp */ '2026-09-16T23:07:40Z',
/* author */ (''),
/* organization */ (''),
/* preprocessor_version */ 'ST-DEVELOPER v20',
/* originating_system */ 'ONSHAPE BY PTC INC, 1.220',
/* authorisation */ '  ');

FILE_SCHEMA (('AP242_MANAGED_MODEL_BASED_3D_ENGINEERING_MIM_LF { 1 0 10303 442 3 1 4 }'));
ENDSEC;

DATA;
#10=SHAPE_REPRESENTATION_RELATIONSHIP('','',#1371,#11);
#11=ADVANCED_BREP_SHAPE_REPRESENTATION('',(#1369),#2320);
#12=B_SPLINE_CURVE_WITH_KNOTS('',3,(#2058,#2059,#2060,#2061,#2062,#2063,
#2064),.UNSPECIFIED.,.T.,.F.,(1,1,1,1,1,1,1,1,1,1,1),(-0.000990463811284373,
-0.00066030920752287,-0.000330154603761366,1.36327634628262E-16,0.000330154603761639,
0.000660309207523142,0.000990463811284645,0.00132061841504615,0.00165077301880765,
0.00198092762256915,0.00231108222633066),.UNSPECIFIED.);
#13=B_SPLINE_CURVE_WITH_KNOTS('',3,(#2079,#2080,#2081,#2082,#2083,#2084,
#2085,#2086,#2087,#2088,#2089,#2090,#2091,#2092,#2093,#2094,#2095,#2096,
#2097),.UNSPECIFIED.,.T.,.F.,(1,1,1,1,1,1,1,1,1,1,1,1,1,1,1,1,1,1,1,1,1,
1,1),(-0.000939747803727314,-0.00062649853581821,-0.000313249267909105,
0.,0.000313249267909105,0.00062649853581821,0.000939747803727315,0.00125299707163642,
0.00156624633954552,0.00187949560745463,0.00219274487536373,0.00250599414327284,
0.00281924341118194,0.00313249267909105,0.00344574194700015,0.00375899121490926,
0.00407224048281836,0.00438548975072747,0.00469873901863657,0.00501198828654568,
0.00532523755445478,0.00563848682236389,0.00595173609027299),
 .UNSPECIFIED.);
#14=B_SPLINE_CURVE_WITH_KNOTS('',3,(#2223,#2224,#2225,#2226,#2227,#2228,
#2229),.UNSPECIFIED.,.T.,.F.,(1,1,1,1,1,1,1,1,1,1,1),(-0.000990463811284425,
-0.000660309207522918,-0.000330154603761411,9.64606087676251E-17,0.000330154603761604,
0.000660309207523111,0.000990463811284618,0.00132061841504613,0.00165077301880763,
0.00198092762256914,0.00231108222633065),.UNSPECIFIED.);
#15=B_SPLINE_CURVE_WITH_KNOTS('',3,(#2242,#2243,#2244,#2245,#2246,#2247,
#2248,#2249,#2250,#2251,#2252,#2253,#2254,#2255,#2256,#2257,#2258,#2259,
#2260),.UNSPECIFIED.,.T.,.F.,(1,1,1,1,1,1,1,1,1,1,1,1,1,1,1,1,1,1,1,1,1,
1,1),(-0.000939747803727302,-0.000626498535818201,-0.0003132492679091,0.,
0.000313249267909101,0.000626498535818201,0.000939747803727302,0.0012529970716364,
0.0015662463395455,0.0018794956074546,0.00219274487536371,0.00250599414327281,
0.00281924341118191,0.00313249267909101,0.00344574194700011,0.00375899121490921,
0.00407224048281831,0.00438548975072741,0.00469873901863651,0.00501198828654561,
0.00532523755445471,0.00563848682236381,0.00595173609027291),
 .UNSPECIFIED.);
#16=CIRCLE('',#1380,0.004);
#17=CIRCLE('',#1381,0.004);
#18=CIRCLE('',#1383,0.003);
#19=CIRCLE('',#1384,0.004);
#20=CIRCLE('',#1387,9.E-5);
#21=CIRCLE('',#1388,0.0007);
#22=CIRCLE('',#1389,0.0007);
#23=CIRCLE('',#1390,0.0007);
#24=CIRCLE('',#1391,0.0007);
#25=CIRCLE('',#1392,0.0007);
#26=CIRCLE('',#1393,0.004);
#27=CIRCLE('',#1396,0.003);
#28=CIRCLE('',#1398,0.004);
#29=CIRCLE('',#1400,0.0007);
#30=CIRCLE('',#1402,0.0007);
#31=CIRCLE('',#1404,0.000580190672452921);
#32=CIRCLE('',#1406,0.0007);
#33=CIRCLE('',#1409,0.0007);
#34=CIRCLE('',#1410,0.0007);
#35=CIRCLE('',#1412,0.0007);
#36=CIRCLE('',#1413,0.0007);
#37=CIRCLE('',#1414,0.0007);
#38=CIRCLE('',#1416,0.0025);
#39=CIRCLE('',#1417,0.0025);
#40=CIRCLE('',#1419,0.0007);
#41=CIRCLE('',#1420,0.0007);
#42=CIRCLE('',#1422,0.0007);
#43=CIRCLE('',#1423,0.0007);
#44=CIRCLE('',#1424,0.0007);
#45=CIRCLE('',#1425,0.0007);
#46=CIRCLE('',#1427,0.001);
#47=CIRCLE('',#1429,0.001);
#48=CIRCLE('',#1431,0.003);
#49=CIRCLE('',#1433,9.E-5);
#50=CIRCLE('',#1439,0.002675);
#51=CIRCLE('',#1440,0.002675);
#52=CIRCLE('',#1442,0.002675);
#53=CIRCLE('',#1443,0.002675);
#54=CIRCLE('',#1448,0.003);
#55=CIRCLE('',#1453,0.000580190672452921);
#56=CIRCLE('',#1455,0.0007);
#57=CIRCLE('',#1456,0.0007);
#58=CIRCLE('',#1457,0.0007);
#59=CIRCLE('',#1458,0.0007);
#60=CIRCLE('',#1459,9.E-5);
#61=CIRCLE('',#1460,0.004);
#62=CIRCLE('',#1461,0.0007);
#63=CIRCLE('',#1463,0.0007);
#64=CIRCLE('',#1465,0.0007);
#65=CIRCLE('',#1467,0.0007);
#66=CIRCLE('',#1469,0.0007);
#67=CIRCLE('',#1470,0.0007);
#68=CIRCLE('',#1472,0.0007);
#69=CIRCLE('',#1473,0.0007);
#70=CIRCLE('',#1474,0.0007);
#71=CIRCLE('',#1476,0.0007);
#72=CIRCLE('',#1477,0.0007);
#73=CIRCLE('',#1479,0.0007);
#74=CIRCLE('',#1480,0.0007);
#75=CIRCLE('',#1481,0.0007);
#76=CIRCLE('',#1482,0.0007);
#77=CIRCLE('',#1484,9.E-5);
#78=CIRCLE('',#1489,0.002675);
#79=CIRCLE('',#1490,0.002675);
#80=CIRCLE('',#1492,0.002675);
#81=CIRCLE('',#1493,0.002675);
#82=CIRCLE('',#1498,0.004);
#83=CYLINDRICAL_SURFACE('',#1379,0.004);
#84=CYLINDRICAL_SURFACE('',#1395,0.003);
#85=CYLINDRICAL_SURFACE('',#1397,0.004);
#86=CYLINDRICAL_SURFACE('',#1399,0.0007);
#87=CYLINDRICAL_SURFACE('',#1401,0.0007);
#88=CYLINDRICAL_SURFACE('',#1405,0.0007);
#89=CYLINDRICAL_SURFACE('',#1408,0.0007);
#90=CYLINDRICAL_SURFACE('',#1411,0.0007);
#91=CYLINDRICAL_SURFACE('',#1415,0.0025);
#92=CYLINDRICAL_SURFACE('',#1418,0.0007);
#93=CYLINDRICAL_SURFACE('',#1421,0.0007);
#94=CYLINDRICAL_SURFACE('',#1428,0.001);
#95=CYLINDRICAL_SURFACE('',#1432,9.E-5);
#96=CYLINDRICAL_SURFACE('',#1438,0.002675);
#97=CYLINDRICAL_SURFACE('',#1441,0.002675);
#98=CYLINDRICAL_SURFACE('',#1446,0.000580190672452921);
#99=CYLINDRICAL_SURFACE('',#1447,0.003);
#100=CYLINDRICAL_SURFACE('',#1462,0.0007);
#101=CYLINDRICAL_SURFACE('',#1464,0.0007);
#102=CYLINDRICAL_SURFACE('',#1466,0.0007);
#103=CYLINDRICAL_SURFACE('',#1468,0.0007);
#104=CYLINDRICAL_SURFACE('',#1471,0.0007);
#105=CYLINDRICAL_SURFACE('',#1475,0.0007);
#106=CYLINDRICAL_SURFACE('',#1478,0.0007);
#107=CYLINDRICAL_SURFACE('',#1483,9.E-5);
#108=CYLINDRICAL_SURFACE('',#1488,0.002675);
#109=CYLINDRICAL_SURFACE('',#1491,0.002675);
#110=CYLINDRICAL_SURFACE('',#1496,0.000580190672452921);
#111=CYLINDRICAL_SURFACE('',#1497,0.004);
#112=ELLIPSE('',#1375,0.000606419920599703,0.000580190672452921);
#113=ELLIPSE('',#1451,0.000606419920599703,0.000580190672452921);
#114=ORIENTED_EDGE('',*,*,#474,.F.);
#115=ORIENTED_EDGE('',*,*,#475,.T.);
#116=ORIENTED_EDGE('',*,*,#476,.T.);
#117=ORIENTED_EDGE('',*,*,#477,.F.);
#118=ORIENTED_EDGE('',*,*,#478,.F.);
#119=ORIENTED_EDGE('',*,*,#479,.T.);
#120=ORIENTED_EDGE('',*,*,#480,.F.);
#121=ORIENTED_EDGE('',*,*,#481,.F.);
#122=ORIENTED_EDGE('',*,*,#482,.T.);
#123=ORIENTED_EDGE('',*,*,#483,.T.);
#124=ORIENTED_EDGE('',*,*,#484,.F.);
#125=ORIENTED_EDGE('',*,*,#485,.T.);
#126=ORIENTED_EDGE('',*,*,#486,.T.);
#127=ORIENTED_EDGE('',*,*,#487,.F.);
#128=ORIENTED_EDGE('',*,*,#488,.T.);
#129=ORIENTED_EDGE('',*,*,#489,.T.);
#130=ORIENTED_EDGE('',*,*,#490,.F.);
#131=ORIENTED_EDGE('',*,*,#491,.F.);
#132=ORIENTED_EDGE('',*,*,#492,.F.);
#133=ORIENTED_EDGE('',*,*,#493,.T.);
#134=ORIENTED_EDGE('',*,*,#494,.F.);
#135=ORIENTED_EDGE('',*,*,#495,.T.);
#136=ORIENTED_EDGE('',*,*,#496,.T.);
#137=ORIENTED_EDGE('',*,*,#497,.F.);
#138=ORIENTED_EDGE('',*,*,#498,.F.);
#139=ORIENTED_EDGE('',*,*,#499,.T.);
#140=ORIENTED_EDGE('',*,*,#500,.T.);
#141=ORIENTED_EDGE('',*,*,#501,.F.);
#142=ORIENTED_EDGE('',*,*,#482,.F.);
#143=ORIENTED_EDGE('',*,*,#502,.F.);
#144=ORIENTED_EDGE('',*,*,#503,.F.);
#145=ORIENTED_EDGE('',*,*,#478,.T.);
#146=ORIENTED_EDGE('',*,*,#504,.T.);
#147=ORIENTED_EDGE('',*,*,#505,.T.);
#148=ORIENTED_EDGE('',*,*,#506,.F.);
#149=ORIENTED_EDGE('',*,*,#507,.T.);
#150=ORIENTED_EDGE('',*,*,#480,.T.);
#151=ORIENTED_EDGE('',*,*,#508,.F.);
#152=ORIENTED_EDGE('',*,*,#509,.F.);
#153=ORIENTED_EDGE('',*,*,#479,.F.);
#154=ORIENTED_EDGE('',*,*,#506,.T.);
#155=ORIENTED_EDGE('',*,*,#510,.F.);
#156=ORIENTED_EDGE('',*,*,#511,.T.);
#157=ORIENTED_EDGE('',*,*,#512,.T.);
#158=ORIENTED_EDGE('',*,*,#508,.T.);
#159=ORIENTED_EDGE('',*,*,#513,.T.);
#160=ORIENTED_EDGE('',*,*,#514,.F.);
#161=ORIENTED_EDGE('',*,*,#515,.F.);
#162=ORIENTED_EDGE('',*,*,#516,.F.);
#163=ORIENTED_EDGE('',*,*,#517,.F.);
#164=ORIENTED_EDGE('',*,*,#518,.F.);
#165=ORIENTED_EDGE('',*,*,#519,.T.);
#166=ORIENTED_EDGE('',*,*,#520,.F.);
#167=ORIENTED_EDGE('',*,*,#521,.F.);
#168=ORIENTED_EDGE('',*,*,#522,.T.);
#169=ORIENTED_EDGE('',*,*,#476,.F.);
#170=ORIENTED_EDGE('',*,*,#523,.F.);
#171=ORIENTED_EDGE('',*,*,#524,.F.);
#172=ORIENTED_EDGE('',*,*,#525,.F.);
#173=ORIENTED_EDGE('',*,*,#526,.F.);
#174=ORIENTED_EDGE('',*,*,#496,.F.);
#175=ORIENTED_EDGE('',*,*,#527,.T.);
#176=ORIENTED_EDGE('',*,*,#528,.T.);
#177=ORIENTED_EDGE('',*,*,#529,.F.);
#178=ORIENTED_EDGE('',*,*,#530,.T.);
#179=ORIENTED_EDGE('',*,*,#489,.F.);
#180=ORIENTED_EDGE('',*,*,#531,.F.);
#181=ORIENTED_EDGE('',*,*,#532,.F.);
#182=ORIENTED_EDGE('',*,*,#533,.F.);
#183=ORIENTED_EDGE('',*,*,#534,.T.);
#184=ORIENTED_EDGE('',*,*,#535,.T.);
#185=ORIENTED_EDGE('',*,*,#536,.T.);
#186=ORIENTED_EDGE('',*,*,#495,.F.);
#187=ORIENTED_EDGE('',*,*,#537,.F.);
#188=ORIENTED_EDGE('',*,*,#538,.F.);
#189=ORIENTED_EDGE('',*,*,#539,.T.);
#190=ORIENTED_EDGE('',*,*,#540,.F.);
#191=ORIENTED_EDGE('',*,*,#541,.F.);
#192=ORIENTED_EDGE('',*,*,#542,.F.);
#193=ORIENTED_EDGE('',*,*,#543,.T.);
#194=ORIENTED_EDGE('',*,*,#527,.F.);
#195=ORIENTED_EDGE('',*,*,#505,.F.);
#196=ORIENTED_EDGE('',*,*,#544,.T.);
#197=ORIENTED_EDGE('',*,*,#545,.T.);
#198=ORIENTED_EDGE('',*,*,#510,.T.);
#199=ORIENTED_EDGE('',*,*,#512,.F.);
#200=ORIENTED_EDGE('',*,*,#546,.F.);
#201=ORIENTED_EDGE('',*,*,#547,.T.);
#202=ORIENTED_EDGE('',*,*,#548,.F.);
#203=ORIENTED_EDGE('',*,*,#497,.T.);
#204=ORIENTED_EDGE('',*,*,#536,.F.);
#205=ORIENTED_EDGE('',*,*,#549,.F.);
#206=ORIENTED_EDGE('',*,*,#526,.T.);
#207=ORIENTED_EDGE('',*,*,#550,.F.);
#208=ORIENTED_EDGE('',*,*,#524,.T.);
#209=ORIENTED_EDGE('',*,*,#551,.F.);
#210=ORIENTED_EDGE('',*,*,#552,.F.);
#211=ORIENTED_EDGE('',*,*,#553,.F.);
#212=ORIENTED_EDGE('',*,*,#554,.T.);
#213=ORIENTED_EDGE('',*,*,#555,.T.);
#214=ORIENTED_EDGE('',*,*,#534,.F.);
#215=ORIENTED_EDGE('',*,*,#556,.T.);
#216=ORIENTED_EDGE('',*,*,#557,.F.);
#217=ORIENTED_EDGE('',*,*,#558,.F.);
#218=ORIENTED_EDGE('',*,*,#559,.F.);
#219=ORIENTED_EDGE('',*,*,#532,.T.);
#220=ORIENTED_EDGE('',*,*,#509,.T.);
#221=ORIENTED_EDGE('',*,*,#549,.T.);
#222=ORIENTED_EDGE('',*,*,#535,.F.);
#223=ORIENTED_EDGE('',*,*,#555,.F.);
#224=ORIENTED_EDGE('',*,*,#560,.T.);
#225=ORIENTED_EDGE('',*,*,#561,.T.);
#226=ORIENTED_EDGE('',*,*,#562,.F.);
#227=ORIENTED_EDGE('',*,*,#563,.T.);
#228=ORIENTED_EDGE('',*,*,#564,.F.);
#229=ORIENTED_EDGE('',*,*,#565,.T.);
#230=ORIENTED_EDGE('',*,*,#566,.F.);
#231=ORIENTED_EDGE('',*,*,#567,.F.);
#232=ORIENTED_EDGE('',*,*,#525,.T.);
#233=ORIENTED_EDGE('',*,*,#568,.F.);
#234=ORIENTED_EDGE('',*,*,#569,.T.);
#235=ORIENTED_EDGE('',*,*,#570,.T.);
#236=ORIENTED_EDGE('',*,*,#571,.F.);
#237=ORIENTED_EDGE('',*,*,#572,.T.);
#238=ORIENTED_EDGE('',*,*,#573,.T.);
#239=ORIENTED_EDGE('',*,*,#574,.F.);
#240=ORIENTED_EDGE('',*,*,#575,.F.);
#241=ORIENTED_EDGE('',*,*,#576,.T.);
#242=ORIENTED_EDGE('',*,*,#577,.F.);
#243=ORIENTED_EDGE('',*,*,#578,.F.);
#244=ORIENTED_EDGE('',*,*,#579,.T.);
#245=ORIENTED_EDGE('',*,*,#580,.T.);
#246=ORIENTED_EDGE('',*,*,#529,.T.);
#247=ORIENTED_EDGE('',*,*,#581,.T.);
#248=ORIENTED_EDGE('',*,*,#582,.F.);
#249=ORIENTED_EDGE('',*,*,#571,.T.);
#250=ORIENTED_EDGE('',*,*,#583,.T.);
#251=ORIENTED_EDGE('',*,*,#584,.T.);
#252=ORIENTED_EDGE('',*,*,#585,.F.);
#253=ORIENTED_EDGE('',*,*,#586,.T.);
#254=ORIENTED_EDGE('',*,*,#585,.T.);
#255=ORIENTED_EDGE('',*,*,#522,.F.);
#256=ORIENTED_EDGE('',*,*,#587,.F.);
#257=ORIENTED_EDGE('',*,*,#544,.F.);
#258=ORIENTED_EDGE('',*,*,#504,.F.);
#259=ORIENTED_EDGE('',*,*,#477,.T.);
#260=ORIENTED_EDGE('',*,*,#586,.F.);
#261=ORIENTED_EDGE('',*,*,#588,.F.);
#262=ORIENTED_EDGE('',*,*,#523,.T.);
#263=ORIENTED_EDGE('',*,*,#588,.T.);
#264=ORIENTED_EDGE('',*,*,#553,.T.);
#265=ORIENTED_EDGE('',*,*,#533,.T.);
#266=ORIENTED_EDGE('',*,*,#559,.T.);
#267=ORIENTED_EDGE('',*,*,#589,.F.);
#268=ORIENTED_EDGE('',*,*,#488,.F.);
#269=ORIENTED_EDGE('',*,*,#590,.F.);
#270=ORIENTED_EDGE('',*,*,#557,.T.);
#271=ORIENTED_EDGE('',*,*,#531,.T.);
#272=ORIENTED_EDGE('',*,*,#481,.T.);
#273=ORIENTED_EDGE('',*,*,#507,.F.);
#274=ORIENTED_EDGE('',*,*,#560,.F.);
#275=ORIENTED_EDGE('',*,*,#554,.F.);
#276=ORIENTED_EDGE('',*,*,#589,.T.);
#277=ORIENTED_EDGE('',*,*,#558,.T.);
#278=ORIENTED_EDGE('',*,*,#590,.T.);
#279=ORIENTED_EDGE('',*,*,#487,.T.);
#280=ORIENTED_EDGE('',*,*,#591,.F.);
#281=ORIENTED_EDGE('',*,*,#502,.T.);
#282=ORIENTED_EDGE('',*,*,#569,.F.);
#283=ORIENTED_EDGE('',*,*,#592,.T.);
#284=ORIENTED_EDGE('',*,*,#593,.T.);
#285=ORIENTED_EDGE('',*,*,#582,.T.);
#286=ORIENTED_EDGE('',*,*,#574,.T.);
#287=ORIENTED_EDGE('',*,*,#568,.T.);
#288=ORIENTED_EDGE('',*,*,#562,.T.);
#289=ORIENTED_EDGE('',*,*,#564,.T.);
#290=ORIENTED_EDGE('',*,*,#594,.F.);
#291=ORIENTED_EDGE('',*,*,#577,.T.);
#292=ORIENTED_EDGE('',*,*,#595,.T.);
#293=ORIENTED_EDGE('',*,*,#566,.T.);
#294=ORIENTED_EDGE('',*,*,#596,.T.);
#295=ORIENTED_EDGE('',*,*,#575,.T.);
#296=ORIENTED_EDGE('',*,*,#597,.F.);
#297=ORIENTED_EDGE('',*,*,#595,.F.);
#298=ORIENTED_EDGE('',*,*,#576,.F.);
#299=ORIENTED_EDGE('',*,*,#596,.F.);
#300=ORIENTED_EDGE('',*,*,#565,.F.);
#301=ORIENTED_EDGE('',*,*,#573,.F.);
#302=ORIENTED_EDGE('',*,*,#561,.F.);
#303=ORIENTED_EDGE('',*,*,#551,.T.);
#304=ORIENTED_EDGE('',*,*,#567,.T.);
#305=ORIENTED_EDGE('',*,*,#597,.T.);
#306=ORIENTED_EDGE('',*,*,#578,.T.);
#307=ORIENTED_EDGE('',*,*,#594,.T.);
#308=ORIENTED_EDGE('',*,*,#550,.T.);
#309=ORIENTED_EDGE('',*,*,#494,.T.);
#310=ORIENTED_EDGE('',*,*,#563,.F.);
#311=ORIENTED_EDGE('',*,*,#552,.T.);
#312=ORIENTED_EDGE('',*,*,#556,.F.);
#313=ORIENTED_EDGE('',*,*,#587,.T.);
#314=ORIENTED_EDGE('',*,*,#521,.T.);
#315=ORIENTED_EDGE('',*,*,#520,.T.);
#316=ORIENTED_EDGE('',*,*,#519,.F.);
#317=ORIENTED_EDGE('',*,*,#518,.T.);
#318=ORIENTED_EDGE('',*,*,#598,.T.);
#319=ORIENTED_EDGE('',*,*,#539,.F.);
#320=ORIENTED_EDGE('',*,*,#599,.T.);
#321=ORIENTED_EDGE('',*,*,#600,.F.);
#322=ORIENTED_EDGE('',*,*,#601,.T.);
#323=ORIENTED_EDGE('',*,*,#601,.F.);
#324=ORIENTED_EDGE('',*,*,#600,.T.);
#325=ORIENTED_EDGE('',*,*,#599,.F.);
#326=ORIENTED_EDGE('',*,*,#538,.T.);
#327=ORIENTED_EDGE('',*,*,#537,.T.);
#328=ORIENTED_EDGE('',*,*,#547,.F.);
#329=ORIENTED_EDGE('',*,*,#546,.T.);
#330=ORIENTED_EDGE('',*,*,#511,.F.);
#331=ORIENTED_EDGE('',*,*,#545,.F.);
#332=ORIENTED_EDGE('',*,*,#602,.F.);
#333=ORIENTED_EDGE('',*,*,#603,.T.);
#334=ORIENTED_EDGE('',*,*,#514,.T.);
#335=ORIENTED_EDGE('',*,*,#604,.F.);
#336=ORIENTED_EDGE('',*,*,#474,.T.);
#337=ORIENTED_EDGE('',*,*,#605,.F.);
#338=ORIENTED_EDGE('',*,*,#500,.F.);
#339=ORIENTED_EDGE('',*,*,#606,.F.);
#340=ORIENTED_EDGE('',*,*,#607,.T.);
#341=ORIENTED_EDGE('',*,*,#608,.F.);
#342=ORIENTED_EDGE('',*,*,#543,.F.);
#343=ORIENTED_EDGE('',*,*,#609,.F.);
#344=ORIENTED_EDGE('',*,*,#610,.F.);
#345=ORIENTED_EDGE('',*,*,#611,.T.);
#346=ORIENTED_EDGE('',*,*,#490,.T.);
#347=ORIENTED_EDGE('',*,*,#530,.F.);
#348=ORIENTED_EDGE('',*,*,#580,.F.);
#349=ORIENTED_EDGE('',*,*,#612,.T.);
#350=ORIENTED_EDGE('',*,*,#581,.F.);
#351=ORIENTED_EDGE('',*,*,#528,.F.);
#352=ORIENTED_EDGE('',*,*,#613,.F.);
#353=ORIENTED_EDGE('',*,*,#614,.F.);
#354=ORIENTED_EDGE('',*,*,#615,.F.);
#355=ORIENTED_EDGE('',*,*,#616,.F.);
#356=ORIENTED_EDGE('',*,*,#617,.F.);
#357=ORIENTED_EDGE('',*,*,#609,.T.);
#358=ORIENTED_EDGE('',*,*,#542,.T.);
#359=ORIENTED_EDGE('',*,*,#618,.T.);
#360=ORIENTED_EDGE('',*,*,#515,.T.);
#361=ORIENTED_EDGE('',*,*,#603,.F.);
#362=ORIENTED_EDGE('',*,*,#619,.F.);
#363=ORIENTED_EDGE('',*,*,#620,.F.);
#364=ORIENTED_EDGE('',*,*,#621,.F.);
#365=ORIENTED_EDGE('',*,*,#614,.T.);
#366=ORIENTED_EDGE('',*,*,#622,.F.);
#367=ORIENTED_EDGE('',*,*,#616,.T.);
#368=ORIENTED_EDGE('',*,*,#623,.F.);
#369=ORIENTED_EDGE('',*,*,#624,.T.);
#370=ORIENTED_EDGE('',*,*,#625,.F.);
#371=ORIENTED_EDGE('',*,*,#626,.F.);
#372=ORIENTED_EDGE('',*,*,#627,.F.);
#373=ORIENTED_EDGE('',*,*,#620,.T.);
#374=ORIENTED_EDGE('',*,*,#628,.T.);
#375=ORIENTED_EDGE('',*,*,#629,.F.);
#376=ORIENTED_EDGE('',*,*,#630,.T.);
#377=ORIENTED_EDGE('',*,*,#631,.F.);
#378=ORIENTED_EDGE('',*,*,#632,.T.);
#379=ORIENTED_EDGE('',*,*,#633,.F.);
#380=ORIENTED_EDGE('',*,*,#634,.F.);
#381=ORIENTED_EDGE('',*,*,#615,.T.);
#382=ORIENTED_EDGE('',*,*,#635,.F.);
#383=ORIENTED_EDGE('',*,*,#636,.T.);
#384=ORIENTED_EDGE('',*,*,#637,.F.);
#385=ORIENTED_EDGE('',*,*,#492,.T.);
#386=ORIENTED_EDGE('',*,*,#638,.F.);
#387=ORIENTED_EDGE('',*,*,#484,.T.);
#388=ORIENTED_EDGE('',*,*,#639,.T.);
#389=ORIENTED_EDGE('',*,*,#640,.F.);
#390=ORIENTED_EDGE('',*,*,#641,.T.);
#391=ORIENTED_EDGE('',*,*,#642,.F.);
#392=ORIENTED_EDGE('',*,*,#643,.F.);
#393=ORIENTED_EDGE('',*,*,#613,.T.);
#394=ORIENTED_EDGE('',*,*,#644,.F.);
#395=ORIENTED_EDGE('',*,*,#617,.T.);
#396=ORIENTED_EDGE('',*,*,#644,.T.);
#397=ORIENTED_EDGE('',*,*,#610,.T.);
#398=ORIENTED_EDGE('',*,*,#621,.T.);
#399=ORIENTED_EDGE('',*,*,#627,.T.);
#400=ORIENTED_EDGE('',*,*,#645,.F.);
#401=ORIENTED_EDGE('',*,*,#607,.F.);
#402=ORIENTED_EDGE('',*,*,#646,.F.);
#403=ORIENTED_EDGE('',*,*,#625,.T.);
#404=ORIENTED_EDGE('',*,*,#619,.T.);
#405=ORIENTED_EDGE('',*,*,#631,.T.);
#406=ORIENTED_EDGE('',*,*,#647,.F.);
#407=ORIENTED_EDGE('',*,*,#642,.T.);
#408=ORIENTED_EDGE('',*,*,#648,.T.);
#409=ORIENTED_EDGE('',*,*,#633,.T.);
#410=ORIENTED_EDGE('',*,*,#649,.T.);
#411=ORIENTED_EDGE('',*,*,#640,.T.);
#412=ORIENTED_EDGE('',*,*,#650,.F.);
#413=ORIENTED_EDGE('',*,*,#648,.F.);
#414=ORIENTED_EDGE('',*,*,#641,.F.);
#415=ORIENTED_EDGE('',*,*,#649,.F.);
#416=ORIENTED_EDGE('',*,*,#632,.F.);
#417=ORIENTED_EDGE('',*,*,#636,.F.);
#418=ORIENTED_EDGE('',*,*,#628,.F.);
#419=ORIENTED_EDGE('',*,*,#623,.T.);
#420=ORIENTED_EDGE('',*,*,#634,.T.);
#421=ORIENTED_EDGE('',*,*,#650,.T.);
#422=ORIENTED_EDGE('',*,*,#643,.T.);
#423=ORIENTED_EDGE('',*,*,#647,.T.);
#424=ORIENTED_EDGE('',*,*,#622,.T.);
#425=ORIENTED_EDGE('',*,*,#602,.T.);
#426=ORIENTED_EDGE('',*,*,#630,.F.);
#427=ORIENTED_EDGE('',*,*,#608,.T.);
#428=ORIENTED_EDGE('',*,*,#624,.F.);
#429=ORIENTED_EDGE('',*,*,#618,.F.);
#430=ORIENTED_EDGE('',*,*,#541,.T.);
#431=ORIENTED_EDGE('',*,*,#651,.F.);
#432=ORIENTED_EDGE('',*,*,#516,.T.);
#433=ORIENTED_EDGE('',*,*,#651,.T.);
#434=ORIENTED_EDGE('',*,*,#540,.T.);
#435=ORIENTED_EDGE('',*,*,#598,.F.);
#436=ORIENTED_EDGE('',*,*,#517,.T.);
#437=ORIENTED_EDGE('',*,*,#548,.T.);
#438=ORIENTED_EDGE('',*,*,#498,.T.);
#439=ORIENTED_EDGE('',*,*,#639,.F.);
#440=ORIENTED_EDGE('',*,*,#493,.F.);
#441=ORIENTED_EDGE('',*,*,#652,.F.);
#442=ORIENTED_EDGE('',*,*,#503,.T.);
#443=ORIENTED_EDGE('',*,*,#591,.T.);
#444=ORIENTED_EDGE('',*,*,#486,.F.);
#445=ORIENTED_EDGE('',*,*,#501,.T.);
#446=ORIENTED_EDGE('',*,*,#605,.T.);
#447=ORIENTED_EDGE('',*,*,#483,.F.);
#448=ORIENTED_EDGE('',*,*,#572,.F.);
#449=ORIENTED_EDGE('',*,*,#584,.F.);
#450=ORIENTED_EDGE('',*,*,#653,.F.);
#451=ORIENTED_EDGE('',*,*,#592,.F.);
#452=ORIENTED_EDGE('',*,*,#570,.F.);
#453=ORIENTED_EDGE('',*,*,#593,.F.);
#454=ORIENTED_EDGE('',*,*,#653,.T.);
#455=ORIENTED_EDGE('',*,*,#583,.F.);
#456=ORIENTED_EDGE('',*,*,#579,.F.);
#457=ORIENTED_EDGE('',*,*,#612,.F.);
#458=ORIENTED_EDGE('',*,*,#629,.T.);
#459=ORIENTED_EDGE('',*,*,#635,.T.);
#460=ORIENTED_EDGE('',*,*,#637,.T.);
#461=ORIENTED_EDGE('',*,*,#638,.T.);
#462=ORIENTED_EDGE('',*,*,#491,.T.);
#463=ORIENTED_EDGE('',*,*,#611,.F.);
#464=ORIENTED_EDGE('',*,*,#645,.T.);
#465=ORIENTED_EDGE('',*,*,#626,.T.);
#466=ORIENTED_EDGE('',*,*,#646,.T.);
#467=ORIENTED_EDGE('',*,*,#606,.T.);
#468=ORIENTED_EDGE('',*,*,#499,.F.);
#469=ORIENTED_EDGE('',*,*,#652,.T.);
#470=ORIENTED_EDGE('',*,*,#485,.F.);
#471=ORIENTED_EDGE('',*,*,#513,.F.);
#472=ORIENTED_EDGE('',*,*,#475,.F.);
#473=ORIENTED_EDGE('',*,*,#604,.T.);
#474=EDGE_CURVE('',#654,#655,#787,.T.);
#475=EDGE_CURVE('',#654,#656,#788,.T.);
#476=EDGE_CURVE('',#656,#657,#789,.T.);
#477=EDGE_CURVE('',#658,#657,#790,.T.);
#478=EDGE_CURVE('',#659,#658,#791,.F.);
#479=EDGE_CURVE('',#659,#660,#792,.T.);
#480=EDGE_CURVE('',#661,#660,#793,.F.);
#481=EDGE_CURVE('',#662,#661,#794,.F.);
#482=EDGE_CURVE('',#662,#663,#795,.F.);
#483=EDGE_CURVE('',#663,#655,#796,.T.);
#484=EDGE_CURVE('',#664,#665,#797,.F.);
#485=EDGE_CURVE('',#664,#666,#798,.T.);
#486=EDGE_CURVE('',#666,#667,#799,.T.);
#487=EDGE_CURVE('',#668,#667,#800,.T.);
#488=EDGE_CURVE('',#668,#669,#801,.T.);
#489=EDGE_CURVE('',#669,#670,#802,.T.);
#490=EDGE_CURVE('',#671,#670,#803,.T.);
#491=EDGE_CURVE('',#672,#671,#804,.T.);
#492=EDGE_CURVE('',#673,#672,#805,.T.);
#493=EDGE_CURVE('',#673,#665,#806,.T.);
#494=EDGE_CURVE('',#674,#674,#112,.T.);
#495=EDGE_CURVE('',#675,#676,#807,.T.);
#496=EDGE_CURVE('',#676,#677,#808,.T.);
#497=EDGE_CURVE('',#678,#677,#809,.T.);
#498=EDGE_CURVE('',#675,#678,#810,.T.);
#499=EDGE_CURVE('',#679,#680,#811,.T.);
#500=EDGE_CURVE('',#680,#681,#812,.T.);
#501=EDGE_CURVE('',#663,#681,#813,.T.);
#502=EDGE_CURVE('',#682,#662,#814,.T.);
#503=EDGE_CURVE('',#679,#682,#815,.T.);
#504=EDGE_CURVE('',#658,#683,#816,.T.);
#505=EDGE_CURVE('',#683,#684,#817,.F.);
#506=EDGE_CURVE('',#659,#684,#818,.T.);
#507=EDGE_CURVE('',#685,#661,#16,.F.);
#508=EDGE_CURVE('',#686,#660,#17,.F.);
#509=EDGE_CURVE('',#685,#686,#819,.F.);
#510=EDGE_CURVE('',#687,#684,#18,.F.);
#511=EDGE_CURVE('',#687,#688,#820,.T.);
#512=EDGE_CURVE('',#688,#686,#19,.F.);
#513=EDGE_CURVE('',#656,#689,#821,.T.);
#514=EDGE_CURVE('',#690,#689,#822,.T.);
#515=EDGE_CURVE('',#691,#690,#823,.T.);
#516=EDGE_CURVE('',#692,#691,#824,.T.);
#517=EDGE_CURVE('',#693,#692,#825,.T.);
#518=EDGE_CURVE('',#694,#693,#826,.T.);
#519=EDGE_CURVE('',#694,#695,#827,.T.);
#520=EDGE_CURVE('',#696,#695,#828,.T.);
#521=EDGE_CURVE('',#697,#696,#829,.T.);
#522=EDGE_CURVE('',#697,#657,#830,.T.);
#523=EDGE_CURVE('',#698,#698,#20,.T.);
#524=EDGE_CURVE('',#699,#699,#21,.F.);
#525=EDGE_CURVE('',#700,#700,#22,.F.);
#526=EDGE_CURVE('',#701,#701,#23,.F.);
#527=EDGE_CURVE('',#676,#702,#831,.T.);
#528=EDGE_CURVE('',#702,#703,#832,.T.);
#529=EDGE_CURVE('',#704,#703,#24,.F.);
#530=EDGE_CURVE('',#704,#670,#833,.T.);
#531=EDGE_CURVE('',#705,#669,#834,.T.);
#532=EDGE_CURVE('',#706,#705,#25,.F.);
#533=EDGE_CURVE('',#707,#706,#835,.T.);
#534=EDGE_CURVE('',#707,#708,#836,.T.);
#535=EDGE_CURVE('',#708,#709,#837,.F.);
#536=EDGE_CURVE('',#709,#677,#26,.T.);
#537=EDGE_CURVE('',#710,#675,#838,.T.);
#538=EDGE_CURVE('',#711,#710,#839,.T.);
#539=EDGE_CURVE('',#711,#712,#840,.T.);
#540=EDGE_CURVE('',#713,#712,#841,.T.);
#541=EDGE_CURVE('',#714,#713,#842,.F.);
#542=EDGE_CURVE('',#715,#714,#843,.T.);
#543=EDGE_CURVE('',#715,#702,#844,.T.);
#544=EDGE_CURVE('',#683,#716,#27,.T.);
#545=EDGE_CURVE('',#716,#687,#845,.T.);
#546=EDGE_CURVE('',#717,#688,#846,.T.);
#547=EDGE_CURVE('',#717,#675,#847,.F.);
#548=EDGE_CURVE('',#678,#675,#28,.T.);
#549=EDGE_CURVE('',#686,#709,#848,.F.);
#550=EDGE_CURVE('',#718,#718,#29,.F.);
#551=EDGE_CURVE('',#719,#719,#30,.F.);
#552=EDGE_CURVE('',#720,#720,#31,.T.);
#553=EDGE_CURVE('',#721,#707,#849,.T.);
#554=EDGE_CURVE('',#721,#722,#850,.T.);
#555=EDGE_CURVE('',#722,#708,#851,.T.);
#556=EDGE_CURVE('',#723,#723,#12,.T.);
#557=EDGE_CURVE('',#724,#705,#852,.F.);
#558=EDGE_CURVE('',#725,#724,#32,.F.);
#559=EDGE_CURVE('',#706,#725,#853,.T.);
#560=EDGE_CURVE('',#722,#685,#854,.F.);
#561=EDGE_CURVE('',#726,#726,#33,.F.);
#562=EDGE_CURVE('',#727,#727,#34,.F.);
#563=EDGE_CURVE('',#728,#728,#13,.T.);
#564=EDGE_CURVE('',#729,#730,#855,.T.);
#565=EDGE_CURVE('',#729,#731,#35,.F.);
#566=EDGE_CURVE('',#732,#731,#856,.F.);
#567=EDGE_CURVE('',#730,#732,#36,.F.);
#568=EDGE_CURVE('',#733,#733,#37,.F.);
#569=EDGE_CURVE('',#734,#735,#38,.T.);
#570=EDGE_CURVE('',#735,#736,#857,.F.);
#571=EDGE_CURVE('',#737,#736,#39,.T.);
#572=EDGE_CURVE('',#737,#734,#858,.T.);
#573=EDGE_CURVE('',#738,#738,#40,.F.);
#574=EDGE_CURVE('',#739,#739,#41,.F.);
#575=EDGE_CURVE('',#740,#741,#859,.T.);
#576=EDGE_CURVE('',#740,#742,#42,.F.);
#577=EDGE_CURVE('',#743,#742,#860,.F.);
#578=EDGE_CURVE('',#741,#743,#43,.F.);
#579=EDGE_CURVE('',#744,#745,#44,.F.);
#580=EDGE_CURVE('',#745,#704,#861,.F.);
#581=EDGE_CURVE('',#703,#744,#862,.T.);
#582=EDGE_CURVE('',#746,#746,#45,.F.);
#583=EDGE_CURVE('',#736,#747,#863,.T.);
#584=EDGE_CURVE('',#747,#737,#864,.T.);
#585=EDGE_CURVE('',#748,#748,#46,.T.);
#586=EDGE_CURVE('',#749,#749,#47,.F.);
#587=EDGE_CURVE('',#716,#697,#48,.T.);
#588=EDGE_CURVE('',#750,#750,#49,.T.);
#589=EDGE_CURVE('',#721,#725,#865,.T.);
#590=EDGE_CURVE('',#724,#668,#866,.T.);
#591=EDGE_CURVE('',#682,#667,#867,.T.);
#592=EDGE_CURVE('',#734,#751,#868,.T.);
#593=EDGE_CURVE('',#751,#735,#869,.T.);
#594=EDGE_CURVE('',#743,#730,#50,.T.);
#595=EDGE_CURVE('',#742,#729,#51,.T.);
#596=EDGE_CURVE('',#731,#740,#52,.T.);
#597=EDGE_CURVE('',#732,#741,#53,.T.);
#598=EDGE_CURVE('',#693,#712,#54,.F.);
#599=EDGE_CURVE('',#711,#752,#870,.T.);
#600=EDGE_CURVE('',#753,#752,#871,.F.);
#601=EDGE_CURVE('',#753,#716,#872,.T.);
#602=EDGE_CURVE('',#754,#754,#113,.T.);
#603=EDGE_CURVE('',#755,#690,#873,.T.);
#604=EDGE_CURVE('',#654,#689,#874,.T.);
#605=EDGE_CURVE('',#681,#655,#875,.T.);
#606=EDGE_CURVE('',#756,#680,#876,.T.);
#607=EDGE_CURVE('',#756,#755,#877,.T.);
#608=EDGE_CURVE('',#757,#757,#55,.T.);
#609=EDGE_CURVE('',#758,#715,#878,.T.);
#610=EDGE_CURVE('',#759,#758,#879,.T.);
#611=EDGE_CURVE('',#759,#671,#880,.T.);
#612=EDGE_CURVE('',#745,#744,#881,.T.);
#613=EDGE_CURVE('',#760,#760,#56,.F.);
#614=EDGE_CURVE('',#761,#761,#57,.F.);
#615=EDGE_CURVE('',#762,#762,#58,.F.);
#616=EDGE_CURVE('',#763,#763,#59,.F.);
#617=EDGE_CURVE('',#764,#764,#60,.T.);
#618=EDGE_CURVE('',#714,#691,#61,.T.);
#619=EDGE_CURVE('',#765,#755,#882,.T.);
#620=EDGE_CURVE('',#766,#765,#62,.F.);
#621=EDGE_CURVE('',#758,#766,#883,.T.);
#622=EDGE_CURVE('',#767,#767,#63,.F.);
#623=EDGE_CURVE('',#768,#768,#64,.F.);
#624=EDGE_CURVE('',#769,#769,#14,.T.);
#625=EDGE_CURVE('',#770,#765,#884,.F.);
#626=EDGE_CURVE('',#771,#770,#65,.F.);
#627=EDGE_CURVE('',#766,#771,#885,.T.);
#628=EDGE_CURVE('',#772,#772,#66,.F.);
#629=EDGE_CURVE('',#773,#773,#67,.F.);
#630=EDGE_CURVE('',#774,#774,#15,.T.);
#631=EDGE_CURVE('',#775,#776,#886,.T.);
#632=EDGE_CURVE('',#775,#777,#68,.F.);
#633=EDGE_CURVE('',#778,#777,#887,.F.);
#634=EDGE_CURVE('',#776,#778,#69,.F.);
#635=EDGE_CURVE('',#779,#779,#70,.F.);
#636=EDGE_CURVE('',#780,#780,#71,.F.);
#637=EDGE_CURVE('',#781,#781,#72,.F.);
#638=EDGE_CURVE('',#664,#672,#73,.F.);
#639=EDGE_CURVE('',#665,#673,#74,.F.);
#640=EDGE_CURVE('',#782,#783,#888,.T.);
#641=EDGE_CURVE('',#782,#784,#75,.F.);
#642=EDGE_CURVE('',#785,#784,#889,.F.);
#643=EDGE_CURVE('',#783,#785,#76,.F.);
#644=EDGE_CURVE('',#786,#786,#77,.T.);
#645=EDGE_CURVE('',#759,#771,#890,.T.);
#646=EDGE_CURVE('',#770,#756,#891,.T.);
#647=EDGE_CURVE('',#785,#776,#78,.T.);
#648=EDGE_CURVE('',#784,#775,#79,.T.);
#649=EDGE_CURVE('',#777,#782,#80,.T.);
#650=EDGE_CURVE('',#778,#783,#81,.T.);
#651=EDGE_CURVE('',#692,#713,#82,.F.);
#652=EDGE_CURVE('',#679,#666,#892,.T.);
#653=EDGE_CURVE('',#751,#747,#893,.F.);
#654=VERTEX_POINT('',#1893);
#655=VERTEX_POINT('',#1894);
#656=VERTEX_POINT('',#1896);
#657=VERTEX_POINT('',#1898);
#658=VERTEX_POINT('',#1900);
#659=VERTEX_POINT('',#1902);
#660=VERTEX_POINT('',#1904);
#661=VERTEX_POINT('',#1906);
#662=VERTEX_POINT('',#1908);
#663=VERTEX_POINT('',#1910);
#664=VERTEX_POINT('',#1914);
#665=VERTEX_POINT('',#1915);
#666=VERTEX_POINT('',#1917);
#667=VERTEX_POINT('',#1919);
#668=VERTEX_POINT('',#1921);
#669=VERTEX_POINT('',#1923);
#670=VERTEX_POINT('',#1925);
#671=VERTEX_POINT('',#1927);
#672=VERTEX_POINT('',#1929);
#673=VERTEX_POINT('',#1931);
#674=VERTEX_POINT('',#1934);
#675=VERTEX_POINT('',#1937);
#676=VERTEX_POINT('',#1938);
#677=VERTEX_POINT('',#1940);
#678=VERTEX_POINT('',#1942);
#679=VERTEX_POINT('',#1946);
#680=VERTEX_POINT('',#1947);
#681=VERTEX_POINT('',#1949);
#682=VERTEX_POINT('',#1952);
#683=VERTEX_POINT('',#1956);
#684=VERTEX_POINT('',#1958);
#685=VERTEX_POINT('',#1962);
#686=VERTEX_POINT('',#1964);
#687=VERTEX_POINT('',#1968);
#688=VERTEX_POINT('',#1970);
#689=VERTEX_POINT('',#1974);
#690=VERTEX_POINT('',#1976);
#691=VERTEX_POINT('',#1978);
#692=VERTEX_POINT('',#1980);
#693=VERTEX_POINT('',#1982);
#694=VERTEX_POINT('',#1984);
#695=VERTEX_POINT('',#1986);
#696=VERTEX_POINT('',#1988);
#697=VERTEX_POINT('',#1990);
#698=VERTEX_POINT('',#1994);
#699=VERTEX_POINT('',#1996);
#700=VERTEX_POINT('',#1998);
#701=VERTEX_POINT('',#2000);
#702=VERTEX_POINT('',#2002);
#703=VERTEX_POINT('',#2004);
#704=VERTEX_POINT('',#2006);
#705=VERTEX_POINT('',#2009);
#706=VERTEX_POINT('',#2011);
#707=VERTEX_POINT('',#2013);
#708=VERTEX_POINT('',#2015);
#709=VERTEX_POINT('',#2017);
#710=VERTEX_POINT('',#2021);
#711=VERTEX_POINT('',#2023);
#712=VERTEX_POINT('',#2025);
#713=VERTEX_POINT('',#2027);
#714=VERTEX_POINT('',#2029);
#715=VERTEX_POINT('',#2031);
#716=VERTEX_POINT('',#2035);
#717=VERTEX_POINT('',#2039);
#718=VERTEX_POINT('',#2045);
#719=VERTEX_POINT('',#2048);
#720=VERTEX_POINT('',#2051);
#721=VERTEX_POINT('',#2053);
#722=VERTEX_POINT('',#2055);
#723=VERTEX_POINT('',#2065);
#724=VERTEX_POINT('',#2067);
#725=VERTEX_POINT('',#2069);
#726=VERTEX_POINT('',#2075);
#727=VERTEX_POINT('',#2077);
#728=VERTEX_POINT('',#2098);
#729=VERTEX_POINT('',#2100);
#730=VERTEX_POINT('',#2101);
#731=VERTEX_POINT('',#2103);
#732=VERTEX_POINT('',#2105);
#733=VERTEX_POINT('',#2108);
#734=VERTEX_POINT('',#2111);
#735=VERTEX_POINT('',#2112);
#736=VERTEX_POINT('',#2114);
#737=VERTEX_POINT('',#2116);
#738=VERTEX_POINT('',#2120);
#739=VERTEX_POINT('',#2122);
#740=VERTEX_POINT('',#2125);
#741=VERTEX_POINT('',#2126);
#742=VERTEX_POINT('',#2128);
#743=VERTEX_POINT('',#2130);
#744=VERTEX_POINT('',#2133);
#745=VERTEX_POINT('',#2134);
#746=VERTEX_POINT('',#2138);
#747=VERTEX_POINT('',#2141);
#748=VERTEX_POINT('',#2144);
#749=VERTEX_POINT('',#2147);
#750=VERTEX_POINT('',#2152);
#751=VERTEX_POINT('',#2161);
#752=VERTEX_POINT('',#2175);
#753=VERTEX_POINT('',#2177);
#754=VERTEX_POINT('',#2182);
#755=VERTEX_POINT('',#2184);
#756=VERTEX_POINT('',#2188);
#757=VERTEX_POINT('',#2192);
#758=VERTEX_POINT('',#2194);
#759=VERTEX_POINT('',#2196);
#760=VERTEX_POINT('',#2201);
#761=VERTEX_POINT('',#2203);
#762=VERTEX_POINT('',#2205);
#763=VERTEX_POINT('',#2207);
#764=VERTEX_POINT('',#2209);
#765=VERTEX_POINT('',#2212);
#766=VERTEX_POINT('',#2214);
#767=VERTEX_POINT('',#2218);
#768=VERTEX_POINT('',#2221);
#769=VERTEX_POINT('',#2230);
#770=VERTEX_POINT('',#2232);
#771=VERTEX_POINT('',#2234);
#772=VERTEX_POINT('',#2238);
#773=VERTEX_POINT('',#2240);
#774=VERTEX_POINT('',#2261);
#775=VERTEX_POINT('',#2263);
#776=VERTEX_POINT('',#2264);
#777=VERTEX_POINT('',#2266);
#778=VERTEX_POINT('',#2268);
#779=VERTEX_POINT('',#2271);
#780=VERTEX_POINT('',#2274);
#781=VERTEX_POINT('',#2276);
#782=VERTEX_POINT('',#2281);
#783=VERTEX_POINT('',#2282);
#784=VERTEX_POINT('',#2284);
#785=VERTEX_POINT('',#2286);
#786=VERTEX_POINT('',#2290);
#787=LINE('',#1892,#894);
#788=LINE('',#1895,#895);
#789=LINE('',#1897,#896);
#790=LINE('',#1899,#897);
#791=LINE('',#1901,#898);
#792=LINE('',#1903,#899);
#793=LINE('',#1905,#900);
#794=LINE('',#1907,#901);
#795=LINE('',#1909,#902);
#796=LINE('',#1911,#903);
#797=LINE('',#1913,#904);
#798=LINE('',#1916,#905);
#799=LINE('',#1918,#906);
#800=LINE('',#1920,#907);
#801=LINE('',#1922,#908);
#802=LINE('',#1924,#909);
#803=LINE('',#1926,#910);
#804=LINE('',#1928,#911);
#805=LINE('',#1930,#912);
#806=LINE('',#1932,#913);
#807=LINE('',#1936,#914);
#808=LINE('',#1939,#915);
#809=LINE('',#1941,#916);
#810=LINE('',#1943,#917);
#811=LINE('',#1945,#918);
#812=LINE('',#1948,#919);
#813=LINE('',#1950,#920);
#814=LINE('',#1951,#921);
#815=LINE('',#1953,#922);
#816=LINE('',#1955,#923);
#817=LINE('',#1957,#924);
#818=LINE('',#1959,#925);
#819=LINE('',#1965,#926);
#820=LINE('',#1969,#927);
#821=LINE('',#1973,#928);
#822=LINE('',#1975,#929);
#823=LINE('',#1977,#930);
#824=LINE('',#1979,#931);
#825=LINE('',#1981,#932);
#826=LINE('',#1983,#933);
#827=LINE('',#1985,#934);
#828=LINE('',#1987,#935);
#829=LINE('',#1989,#936);
#830=LINE('',#1991,#937);
#831=LINE('',#2001,#938);
#832=LINE('',#2003,#939);
#833=LINE('',#2007,#940);
#834=LINE('',#2008,#941);
#835=LINE('',#2012,#942);
#836=LINE('',#2014,#943);
#837=LINE('',#2016,#944);
#838=LINE('',#2020,#945);
#839=LINE('',#2022,#946);
#840=LINE('',#2024,#947);
#841=LINE('',#2026,#948);
#842=LINE('',#2028,#949);
#843=LINE('',#2030,#950);
#844=LINE('',#2032,#951);
#845=LINE('',#2036,#952);
#846=LINE('',#2038,#953);
#847=LINE('',#2040,#954);
#848=LINE('',#2042,#955);
#849=LINE('',#2052,#956);
#850=LINE('',#2054,#957);
#851=LINE('',#2056,#958);
#852=LINE('',#2066,#959);
#853=LINE('',#2070,#960);
#854=LINE('',#2072,#961);
#855=LINE('',#2099,#962);
#856=LINE('',#2104,#963);
#857=LINE('',#2113,#964);
#858=LINE('',#2117,#965);
#859=LINE('',#2124,#966);
#860=LINE('',#2129,#967);
#861=LINE('',#2135,#968);
#862=LINE('',#2136,#969);
#863=LINE('',#2140,#970);
#864=LINE('',#2142,#971);
#865=LINE('',#2155,#972);
#866=LINE('',#2157,#973);
#867=LINE('',#2159,#974);
#868=LINE('',#2160,#975);
#869=LINE('',#2162,#976);
#870=LINE('',#2174,#977);
#871=LINE('',#2176,#978);
#872=LINE('',#2178,#979);
#873=LINE('',#2183,#980);
#874=LINE('',#2185,#981);
#875=LINE('',#2186,#982);
#876=LINE('',#2187,#983);
#877=LINE('',#2189,#984);
#878=LINE('',#2193,#985);
#879=LINE('',#2195,#986);
#880=LINE('',#2197,#987);
#881=LINE('',#2198,#988);
#882=LINE('',#2211,#989);
#883=LINE('',#2215,#990);
#884=LINE('',#2231,#991);
#885=LINE('',#2235,#992);
#886=LINE('',#2262,#993);
#887=LINE('',#2267,#994);
#888=LINE('',#2280,#995);
#889=LINE('',#2285,#996);
#890=LINE('',#2293,#997);
#891=LINE('',#2295,#998);
#892=LINE('',#2311,#999);
#893=LINE('',#2314,#1000);
#894=VECTOR('',#1513,1.);
#895=VECTOR('',#1514,1.);
#896=VECTOR('',#1515,1.);
#897=VECTOR('',#1516,1.);
#898=VECTOR('',#1517,1.);
#899=VECTOR('',#1518,1.);
#900=VECTOR('',#1519,1.);
#901=VECTOR('',#1520,1.);
#902=VECTOR('',#1521,1.);
#903=VECTOR('',#1522,1.);
#904=VECTOR('',#1525,1.);
#905=VECTOR('',#1526,1.);
#906=VECTOR('',#1527,1.);
#907=VECTOR('',#1528,1.);
#908=VECTOR('',#1529,1.);
#909=VECTOR('',#1530,1.);
#910=VECTOR('',#1531,1.);
#911=VECTOR('',#1532,1.);
#912=VECTOR('',#1533,1.);
#913=VECTOR('',#1534,1.);
#914=VECTOR('',#1539,1.);
#915=VECTOR('',#1540,1.);
#916=VECTOR('',#1541,1.);
#917=VECTOR('',#1542,1.);
#918=VECTOR('',#1545,1.);
#919=VECTOR('',#1546,1.);
#920=VECTOR('',#1547,1.);
#921=VECTOR('',#1548,1.);
#922=VECTOR('',#1549,1.);
#923=VECTOR('',#1552,1.);
#924=VECTOR('',#1553,1.);
#925=VECTOR('',#1554,1.);
#926=VECTOR('',#1561,1.);
#927=VECTOR('',#1566,1.);
#928=VECTOR('',#1571,1.);
#929=VECTOR('',#1572,1.);
#930=VECTOR('',#1573,1.);
#931=VECTOR('',#1574,1.);
#932=VECTOR('',#1575,1.);
#933=VECTOR('',#1576,1.);
#934=VECTOR('',#1577,1.);
#935=VECTOR('',#1578,1.);
#936=VECTOR('',#1579,1.);
#937=VECTOR('',#1580,1.);
#938=VECTOR('',#1591,1.);
#939=VECTOR('',#1592,1.);
#940=VECTOR('',#1595,1.);
#941=VECTOR('',#1596,1.);
#942=VECTOR('',#1599,1.);
#943=VECTOR('',#1600,1.);
#944=VECTOR('',#1601,1.);
#945=VECTOR('',#1606,1.);
#946=VECTOR('',#1607,1.);
#947=VECTOR('',#1608,1.);
#948=VECTOR('',#1609,1.);
#949=VECTOR('',#1610,1.);
#950=VECTOR('',#1611,1.);
#951=VECTOR('',#1612,1.);
#952=VECTOR('',#1617,1.);
#953=VECTOR('',#1620,1.);
#954=VECTOR('',#1621,1.);
#955=VECTOR('',#1624,1.);
#956=VECTOR('',#1637,1.);
#957=VECTOR('',#1638,1.);
#958=VECTOR('',#1639,1.);
#959=VECTOR('',#1642,1.);
#960=VECTOR('',#1645,1.);
#961=VECTOR('',#1648,1.);
#962=VECTOR('',#1657,1.);
#963=VECTOR('',#1660,1.);
#964=VECTOR('',#1669,1.);
#965=VECTOR('',#1672,1.);
#966=VECTOR('',#1681,1.);
#967=VECTOR('',#1684,1.);
#968=VECTOR('',#1689,1.);
#969=VECTOR('',#1690,1.);
#970=VECTOR('',#1695,1.);
#971=VECTOR('',#1696,1.);
#972=VECTOR('',#1715,1.);
#973=VECTOR('',#1718,1.);
#974=VECTOR('',#1721,1.);
#975=VECTOR('',#1722,1.);
#976=VECTOR('',#1723,1.);
#977=VECTOR('',#1746,1.);
#978=VECTOR('',#1747,1.);
#979=VECTOR('',#1748,1.);
#980=VECTOR('',#1755,1.);
#981=VECTOR('',#1756,1.);
#982=VECTOR('',#1757,1.);
#983=VECTOR('',#1758,1.);
#984=VECTOR('',#1759,1.);
#985=VECTOR('',#1764,1.);
#986=VECTOR('',#1765,1.);
#987=VECTOR('',#1766,1.);
#988=VECTOR('',#1767,1.);
#989=VECTOR('',#1782,1.);
#990=VECTOR('',#1785,1.);
#991=VECTOR('',#1796,1.);
#992=VECTOR('',#1799,1.);
#993=VECTOR('',#1808,1.);
#994=VECTOR('',#1811,1.);
#995=VECTOR('',#1828,1.);
#996=VECTOR('',#1831,1.);
#997=VECTOR('',#1842,1.);
#998=VECTOR('',#1845,1.);
#999=VECTOR('',#1876,1.);
#1000=VECTOR('',#1881,1.);
#1001=EDGE_LOOP('',(#114,#115,#116,#117,#118,#119,#120,#121,#122,#123));
#1002=EDGE_LOOP('',(#124,#125,#126,#127,#128,#129,#130,#131,#132,#133));
#1003=EDGE_LOOP('',(#134));
#1004=EDGE_LOOP('',(#135,#136,#137,#138));
#1005=EDGE_LOOP('',(#139,#140,#141,#142,#143,#144));
#1006=EDGE_LOOP('',(#145,#146,#147,#148));
#1007=EDGE_LOOP('',(#149,#150,#151,#152));
#1008=EDGE_LOOP('',(#153,#154,#155,#156,#157,#158));
#1009=EDGE_LOOP('',(#159,#160,#161,#162,#163,#164,#165,#166,#167,#168,#169));
#1010=EDGE_LOOP('',(#170));
#1011=EDGE_LOOP('',(#171));
#1012=EDGE_LOOP('',(#172));
#1013=EDGE_LOOP('',(#173));
#1014=EDGE_LOOP('',(#174,#175,#176,#177,#178,#179,#180,#181,#182,#183,#184,
#185));
#1015=EDGE_LOOP('',(#186,#187,#188,#189,#190,#191,#192,#193,#194));
#1016=EDGE_LOOP('',(#195,#196,#197,#198));
#1017=EDGE_LOOP('',(#199,#200,#201,#202,#203,#204,#205));
#1018=EDGE_LOOP('',(#206));
#1019=EDGE_LOOP('',(#207));
#1020=EDGE_LOOP('',(#208));
#1021=EDGE_LOOP('',(#209));
#1022=EDGE_LOOP('',(#210));
#1023=EDGE_LOOP('',(#211,#212,#213,#214));
#1024=EDGE_LOOP('',(#215));
#1025=EDGE_LOOP('',(#216,#217,#218,#219));
#1026=EDGE_LOOP('',(#220,#221,#222,#223,#224));
#1027=EDGE_LOOP('',(#225));
#1028=EDGE_LOOP('',(#226));
#1029=EDGE_LOOP('',(#227));
#1030=EDGE_LOOP('',(#228,#229,#230,#231));
#1031=EDGE_LOOP('',(#232));
#1032=EDGE_LOOP('',(#233));
#1033=EDGE_LOOP('',(#234,#235,#236,#237));
#1034=EDGE_LOOP('',(#238));
#1035=EDGE_LOOP('',(#239));
#1036=EDGE_LOOP('',(#240,#241,#242,#243));
#1037=EDGE_LOOP('',(#244,#245,#246,#247));
#1038=EDGE_LOOP('',(#248));
#1039=EDGE_LOOP('',(#249,#250,#251));
#1040=EDGE_LOOP('',(#252));
#1041=EDGE_LOOP('',(#253));
#1042=EDGE_LOOP('',(#254));
#1043=EDGE_LOOP('',(#255,#256,#257,#258,#259));
#1044=EDGE_LOOP('',(#260));
#1045=EDGE_LOOP('',(#261));
#1046=EDGE_LOOP('',(#262));
#1047=EDGE_LOOP('',(#263));
#1048=EDGE_LOOP('',(#264,#265,#266,#267));
#1049=EDGE_LOOP('',(#268,#269,#270,#271));
#1050=EDGE_LOOP('',(#272,#273,#274,#275,#276,#277,#278,#279,#280,#281));
#1051=EDGE_LOOP('',(#282,#283,#284));
#1052=EDGE_LOOP('',(#285));
#1053=EDGE_LOOP('',(#286));
#1054=EDGE_LOOP('',(#287));
#1055=EDGE_LOOP('',(#288));
#1056=EDGE_LOOP('',(#289,#290,#291,#292));
#1057=EDGE_LOOP('',(#293,#294,#295,#296));
#1058=EDGE_LOOP('',(#297,#298,#299,#300));
#1059=EDGE_LOOP('',(#301));
#1060=EDGE_LOOP('',(#302));
#1061=EDGE_LOOP('',(#303));
#1062=EDGE_LOOP('',(#304,#305,#306,#307));
#1063=EDGE_LOOP('',(#308));
#1064=EDGE_LOOP('',(#309));
#1065=EDGE_LOOP('',(#310));
#1066=EDGE_LOOP('',(#311));
#1067=EDGE_LOOP('',(#312));
#1068=EDGE_LOOP('',(#313,#314,#315,#316,#317,#318,#319,#320,#321,#322));
#1069=EDGE_LOOP('',(#323,#324,#325,#326,#327,#328,#329,#330,#331));
#1070=EDGE_LOOP('',(#332));
#1071=EDGE_LOOP('',(#333,#334,#335,#336,#337,#338,#339,#340));
#1072=EDGE_LOOP('',(#341));
#1073=EDGE_LOOP('',(#342,#343,#344,#345,#346,#347,#348,#349,#350,#351));
#1074=EDGE_LOOP('',(#352));
#1075=EDGE_LOOP('',(#353));
#1076=EDGE_LOOP('',(#354));
#1077=EDGE_LOOP('',(#355));
#1078=EDGE_LOOP('',(#356));
#1079=EDGE_LOOP('',(#357,#358,#359,#360,#361,#362,#363,#364));
#1080=EDGE_LOOP('',(#365));
#1081=EDGE_LOOP('',(#366));
#1082=EDGE_LOOP('',(#367));
#1083=EDGE_LOOP('',(#368));
#1084=EDGE_LOOP('',(#369));
#1085=EDGE_LOOP('',(#370,#371,#372,#373));
#1086=EDGE_LOOP('',(#374));
#1087=EDGE_LOOP('',(#375));
#1088=EDGE_LOOP('',(#376));
#1089=EDGE_LOOP('',(#377,#378,#379,#380));
#1090=EDGE_LOOP('',(#381));
#1091=EDGE_LOOP('',(#382));
#1092=EDGE_LOOP('',(#383));
#1093=EDGE_LOOP('',(#384));
#1094=EDGE_LOOP('',(#385,#386,#387,#388));
#1095=EDGE_LOOP('',(#389,#390,#391,#392));
#1096=EDGE_LOOP('',(#393));
#1097=EDGE_LOOP('',(#394));
#1098=EDGE_LOOP('',(#395));
#1099=EDGE_LOOP('',(#396));
#1100=EDGE_LOOP('',(#397,#398,#399,#400));
#1101=EDGE_LOOP('',(#401,#402,#403,#404));
#1102=EDGE_LOOP('',(#405,#406,#407,#408));
#1103=EDGE_LOOP('',(#409,#410,#411,#412));
#1104=EDGE_LOOP('',(#413,#414,#415,#416));
#1105=EDGE_LOOP('',(#417));
#1106=EDGE_LOOP('',(#418));
#1107=EDGE_LOOP('',(#419));
#1108=EDGE_LOOP('',(#420,#421,#422,#423));
#1109=EDGE_LOOP('',(#424));
#1110=EDGE_LOOP('',(#425));
#1111=EDGE_LOOP('',(#426));
#1112=EDGE_LOOP('',(#427));
#1113=EDGE_LOOP('',(#428));
#1114=EDGE_LOOP('',(#429,#430,#431,#432));
#1115=EDGE_LOOP('',(#433,#434,#435,#436));
#1116=EDGE_LOOP('',(#437,#438));
#1117=EDGE_LOOP('',(#439,#440));
#1118=EDGE_LOOP('',(#441,#442,#443,#444));
#1119=EDGE_LOOP('',(#445,#446,#447));
#1120=EDGE_LOOP('',(#448,#449,#450,#451));
#1121=EDGE_LOOP('',(#452,#453,#454,#455));
#1122=EDGE_LOOP('',(#456,#457));
#1123=EDGE_LOOP('',(#458));
#1124=EDGE_LOOP('',(#459));
#1125=EDGE_LOOP('',(#460));
#1126=EDGE_LOOP('',(#461,#462,#463,#464,#465,#466,#467,#468,#469,#470));
#1127=EDGE_LOOP('',(#471,#472,#473));
#1128=FACE_BOUND('',#1001,.T.);
#1129=FACE_BOUND('',#1002,.T.);
#1130=FACE_BOUND('',#1003,.T.);
#1131=FACE_BOUND('',#1004,.T.);
#1132=FACE_BOUND('',#1005,.T.);
#1133=FACE_BOUND('',#1006,.T.);
#1134=FACE_BOUND('',#1007,.T.);
#1135=FACE_BOUND('',#1008,.T.);
#1136=FACE_BOUND('',#1009,.T.);
#1137=FACE_BOUND('',#1010,.T.);
#1138=FACE_BOUND('',#1011,.T.);
#1139=FACE_BOUND('',#1012,.T.);
#1140=FACE_BOUND('',#1013,.T.);
#1141=FACE_BOUND('',#1014,.T.);
#1142=FACE_BOUND('',#1015,.T.);
#1143=FACE_BOUND('',#1016,.T.);
#1144=FACE_BOUND('',#1017,.T.);
#1145=FACE_BOUND('',#1018,.T.);
#1146=FACE_BOUND('',#1019,.T.);
#1147=FACE_BOUND('',#1020,.T.);
#1148=FACE_BOUND('',#1021,.T.);
#1149=FACE_BOUND('',#1022,.T.);
#1150=FACE_BOUND('',#1023,.T.);
#1151=FACE_BOUND('',#1024,.T.);
#1152=FACE_BOUND('',#1025,.T.);
#1153=FACE_BOUND('',#1026,.T.);
#1154=FACE_BOUND('',#1027,.T.);
#1155=FACE_BOUND('',#1028,.T.);
#1156=FACE_BOUND('',#1029,.T.);
#1157=FACE_BOUND('',#1030,.T.);
#1158=FACE_BOUND('',#1031,.T.);
#1159=FACE_BOUND('',#1032,.T.);
#1160=FACE_BOUND('',#1033,.T.);
#1161=FACE_BOUND('',#1034,.T.);
#1162=FACE_BOUND('',#1035,.T.);
#1163=FACE_BOUND('',#1036,.T.);
#1164=FACE_BOUND('',#1037,.T.);
#1165=FACE_BOUND('',#1038,.T.);
#1166=FACE_BOUND('',#1039,.T.);
#1167=FACE_BOUND('',#1040,.T.);
#1168=FACE_BOUND('',#1041,.T.);
#1169=FACE_BOUND('',#1042,.T.);
#1170=FACE_BOUND('',#1043,.T.);
#1171=FACE_BOUND('',#1044,.T.);
#1172=FACE_BOUND('',#1045,.T.);
#1173=FACE_BOUND('',#1046,.T.);
#1174=FACE_BOUND('',#1047,.T.);
#1175=FACE_BOUND('',#1048,.T.);
#1176=FACE_BOUND('',#1049,.T.);
#1177=FACE_BOUND('',#1050,.T.);
#1178=FACE_BOUND('',#1051,.T.);
#1179=FACE_BOUND('',#1052,.T.);
#1180=FACE_BOUND('',#1053,.T.);
#1181=FACE_BOUND('',#1054,.T.);
#1182=FACE_BOUND('',#1055,.T.);
#1183=FACE_BOUND('',#1056,.T.);
#1184=FACE_BOUND('',#1057,.T.);
#1185=FACE_BOUND('',#1058,.T.);
#1186=FACE_BOUND('',#1059,.T.);
#1187=FACE_BOUND('',#1060,.T.);
#1188=FACE_BOUND('',#1061,.T.);
#1189=FACE_BOUND('',#1062,.T.);
#1190=FACE_BOUND('',#1063,.T.);
#1191=FACE_BOUND('',#1064,.T.);
#1192=FACE_BOUND('',#1065,.T.);
#1193=FACE_BOUND('',#1066,.T.);
#1194=FACE_BOUND('',#1067,.T.);
#1195=FACE_BOUND('',#1068,.T.);
#1196=FACE_BOUND('',#1069,.T.);
#1197=FACE_BOUND('',#1070,.T.);
#1198=FACE_BOUND('',#1071,.T.);
#1199=FACE_BOUND('',#1072,.T.);
#1200=FACE_BOUND('',#1073,.T.);
#1201=FACE_BOUND('',#1074,.T.);
#1202=FACE_BOUND('',#1075,.T.);
#1203=FACE_BOUND('',#1076,.T.);
#1204=FACE_BOUND('',#1077,.T.);
#1205=FACE_BOUND('',#1078,.T.);
#1206=FACE_BOUND('',#1079,.T.);
#1207=FACE_BOUND('',#1080,.T.);
#1208=FACE_BOUND('',#1081,.T.);
#1209=FACE_BOUND('',#1082,.T.);
#1210=FACE_BOUND('',#1083,.T.);
#1211=FACE_BOUND('',#1084,.T.);
#1212=FACE_BOUND('',#1085,.T.);
#1213=FACE_BOUND('',#1086,.T.);
#1214=FACE_BOUND('',#1087,.T.);
#1215=FACE_BOUND('',#1088,.T.);
#1216=FACE_BOUND('',#1089,.T.);
#1217=FACE_BOUND('',#1090,.T.);
#1218=FACE_BOUND('',#1091,.T.);
#1219=FACE_BOUND('',#1092,.T.);
#1220=FACE_BOUND('',#1093,.T.);
#1221=FACE_BOUND('',#1094,.T.);
#1222=FACE_BOUND('',#1095,.T.);
#1223=FACE_BOUND('',#1096,.T.);
#1224=FACE_BOUND('',#1097,.T.);
#1225=FACE_BOUND('',#1098,.T.);
#1226=FACE_BOUND('',#1099,.T.);
#1227=FACE_BOUND('',#1100,.T.);
#1228=FACE_BOUND('',#1101,.T.);
#1229=FACE_BOUND('',#1102,.T.);
#1230=FACE_BOUND('',#1103,.T.);
#1231=FACE_BOUND('',#1104,.T.);
#1232=FACE_BOUND('',#1105,.T.);
#1233=FACE_BOUND('',#1106,.T.);
#1234=FACE_BOUND('',#1107,.T.);
#1235=FACE_BOUND('',#1108,.T.);
#1236=FACE_BOUND('',#1109,.T.);
#1237=FACE_BOUND('',#1110,.T.);
#1238=FACE_BOUND('',#1111,.T.);
#1239=FACE_BOUND('',#1112,.T.);
#1240=FACE_BOUND('',#1113,.T.);
#1241=FACE_BOUND('',#1114,.T.);
#1242=FACE_BOUND('',#1115,.T.);
#1243=FACE_BOUND('',#1116,.T.);
#1244=FACE_BOUND('',#1117,.T.);
#1245=FACE_BOUND('',#1118,.T.);
#1246=FACE_BOUND('',#1119,.T.);
#1247=FACE_BOUND('',#1120,.T.);
#1248=FACE_BOUND('',#1121,.T.);
#1249=FACE_BOUND('',#1122,.T.);
#1250=FACE_BOUND('',#1123,.T.);
#1251=FACE_BOUND('',#1124,.T.);
#1252=FACE_BOUND('',#1125,.T.);
#1253=FACE_BOUND('',#1126,.T.);
#1254=FACE_BOUND('',#1127,.T.);
#1255=PLANE('',#1373);
#1256=PLANE('',#1374);
#1257=PLANE('',#1376);
#1258=PLANE('',#1377);
#1259=PLANE('',#1378);
#1260=PLANE('',#1382);
#1261=PLANE('',#1385);
#1262=PLANE('',#1386);
#1263=PLANE('',#1394);
#1264=PLANE('',#1403);
#1265=PLANE('',#1407);
#1266=PLANE('',#1426);
#1267=PLANE('',#1430);
#1268=PLANE('',#1434);
#1269=PLANE('',#1435);
#1270=PLANE('',#1436);
#1271=PLANE('',#1437);
#1272=PLANE('',#1444);
#1273=PLANE('',#1445);
#1274=PLANE('',#1449);
#1275=PLANE('',#1450);
#1276=PLANE('',#1452);
#1277=PLANE('',#1454);
#1278=PLANE('',#1485);
#1279=PLANE('',#1486);
#1280=PLANE('',#1487);
#1281=PLANE('',#1494);
#1282=PLANE('',#1495);
#1283=PLANE('',#1499);
#1284=PLANE('',#1500);
#1285=PLANE('',#1501);
#1286=PLANE('',#1502);
#1287=PLANE('',#1503);
#1288=PLANE('',#1504);
#1289=PLANE('',#1505);
#1290=PLANE('',#1506);
#1291=PLANE('',#1507);
#1292=PLANE('',#1508);
#1293=ADVANCED_FACE('',(#1128),#1255,.T.);
#1294=ADVANCED_FACE('',(#1129,#1130),#1256,.T.);
#1295=ADVANCED_FACE('',(#1131),#1257,.F.);
#1296=ADVANCED_FACE('',(#1132),#1258,.T.);
#1297=ADVANCED_FACE('',(#1133),#1259,.T.);
#1298=ADVANCED_FACE('',(#1134),#83,.T.);
#1299=ADVANCED_FACE('',(#1135),#1260,.F.);
#1300=ADVANCED_FACE('',(#1136),#1261,.F.);
#1301=ADVANCED_FACE('',(#1137,#1138,#1139,#1140,#1141),#1262,.F.);
#1302=ADVANCED_FACE('',(#1142),#1263,.F.);
#1303=ADVANCED_FACE('',(#1143),#84,.T.);
#1304=ADVANCED_FACE('',(#1144),#85,.F.);
#1305=ADVANCED_FACE('',(#1145,#1146),#86,.F.);
#1306=ADVANCED_FACE('',(#1147,#1148),#87,.F.);
#1307=ADVANCED_FACE('',(#1149,#1150),#1264,.F.);
#1308=ADVANCED_FACE('',(#1151,#1152),#88,.F.);
#1309=ADVANCED_FACE('',(#1153),#1265,.F.);
#1310=ADVANCED_FACE('',(#1154,#1155),#89,.F.);
#1311=ADVANCED_FACE('',(#1156,#1157,#1158,#1159),#90,.F.);
#1312=ADVANCED_FACE('',(#1160),#91,.F.);
#1313=ADVANCED_FACE('',(#1161,#1162),#92,.F.);
#1314=ADVANCED_FACE('',(#1163,#1164,#1165),#93,.F.);
#1315=ADVANCED_FACE('',(#1166,#1167),#1266,.F.);
#1316=ADVANCED_FACE('',(#1168,#1169),#94,.F.);
#1317=ADVANCED_FACE('',(#1170,#1171),#1267,.F.);
#1318=ADVANCED_FACE('',(#1172,#1173),#95,.F.);
#1319=ADVANCED_FACE('',(#1174),#1268,.T.);
#1320=ADVANCED_FACE('',(#1175),#1269,.T.);
#1321=ADVANCED_FACE('',(#1176),#1270,.T.);
#1322=ADVANCED_FACE('',(#1177,#1178,#1179,#1180,#1181,#1182),#1271,.T.);
#1323=ADVANCED_FACE('',(#1183),#96,.F.);
#1324=ADVANCED_FACE('',(#1184),#97,.F.);
#1325=ADVANCED_FACE('',(#1185,#1186,#1187),#1272,.F.);
#1326=ADVANCED_FACE('',(#1188,#1189,#1190),#1273,.T.);
#1327=ADVANCED_FACE('',(#1191,#1192,#1193,#1194),#98,.F.);
#1328=ADVANCED_FACE('',(#1195),#99,.F.);
#1329=ADVANCED_FACE('',(#1196),#1274,.T.);
#1330=ADVANCED_FACE('',(#1197,#1198),#1275,.T.);
#1331=ADVANCED_FACE('',(#1199,#1200),#1276,.F.);
#1332=ADVANCED_FACE('',(#1201,#1202,#1203,#1204,#1205,#1206),#1277,.F.);
#1333=ADVANCED_FACE('',(#1207,#1208),#100,.F.);
#1334=ADVANCED_FACE('',(#1209,#1210),#101,.F.);
#1335=ADVANCED_FACE('',(#1211,#1212),#102,.F.);
#1336=ADVANCED_FACE('',(#1213,#1214),#103,.F.);
#1337=ADVANCED_FACE('',(#1215,#1216,#1217,#1218),#104,.F.);
#1338=ADVANCED_FACE('',(#1219,#1220),#105,.F.);
#1339=ADVANCED_FACE('',(#1221,#1222,#1223),#106,.F.);
#1340=ADVANCED_FACE('',(#1224,#1225),#107,.F.);
#1341=ADVANCED_FACE('',(#1226),#1278,.T.);
#1342=ADVANCED_FACE('',(#1227),#1279,.T.);
#1343=ADVANCED_FACE('',(#1228),#1280,.T.);
#1344=ADVANCED_FACE('',(#1229),#108,.F.);
#1345=ADVANCED_FACE('',(#1230),#109,.F.);
#1346=ADVANCED_FACE('',(#1231,#1232,#1233),#1281,.F.);
#1347=ADVANCED_FACE('',(#1234,#1235,#1236),#1282,.T.);
#1348=ADVANCED_FACE('',(#1237,#1238,#1239,#1240),#110,.F.);
#1349=ADVANCED_FACE('',(#1241),#111,.F.);
#1350=ADVANCED_FACE('',(#1242),#1283,.F.);
#1351=ADVANCED_FACE('',(#1243),#1284,.T.);
#1352=ADVANCED_FACE('',(#1244),#1285,.T.);
#1353=ADVANCED_FACE('',(#1245),#1286,.T.);
#1354=ADVANCED_FACE('',(#1246),#1287,.F.);
#1355=ADVANCED_FACE('',(#1247),#1288,.T.);
#1356=ADVANCED_FACE('',(#1248),#1289,.T.);
#1357=ADVANCED_FACE('',(#1249),#1290,.T.);
#1358=ADVANCED_FACE('',(#1250,#1251,#1252,#1253),#1291,.T.);
#1359=ADVANCED_FACE('',(#1254),#1292,.T.);
#1360=CLOSED_SHELL('',(#1293,#1294,#1295,#1296,#1297,#1298,#1299,#1300,
#1301,#1302,#1303,#1304,#1305,#1306,#1307,#1308,#1309,#1310,#1311,#1312,
#1313,#1314,#1315,#1316,#1317,#1318,#1319,#1320,#1321,#1322,#1323,#1324,
#1325,#1326,#1327,#1328,#1329,#1330,#1331,#1332,#1333,#1334,#1335,#1336,
#1337,#1338,#1339,#1340,#1341,#1342,#1343,#1344,#1345,#1346,#1347,#1348,
#1349,#1350,#1351,#1352,#1353,#1354,#1355,#1356,#1357,#1358,#1359));
#1361=STYLED_ITEM('',(#1362),#1369);
#1362=PRESENTATION_STYLE_ASSIGNMENT((#1363));
#1363=SURFACE_STYLE_USAGE(.BOTH.,#1364);
#1364=SURFACE_SIDE_STYLE('',(#1365));
#1365=SURFACE_STYLE_FILL_AREA(#1366);
#1366=FILL_AREA_STYLE('',(#1367));
#1367=FILL_AREA_STYLE_COLOUR('',#1368);
#1368=COLOUR_RGB('',0.819607843137255,0.819607843137255,0.819607843137255);
#1369=MANIFOLD_SOLID_BREP('Final-1-arm-horn',#1360);
#1370=SHAPE_DEFINITION_REPRESENTATION(#2325,#1371);
#1371=SHAPE_REPRESENTATION('Final-1-arm-horn',(#1372),#2320);
#1372=AXIS2_PLACEMENT_3D('',#1890,#1509,#1510);
#1373=AXIS2_PLACEMENT_3D('',#1891,#1511,#1512);
#1374=AXIS2_PLACEMENT_3D('',#1912,#1523,#1524);
#1375=AXIS2_PLACEMENT_3D('',#1933,#1535,#1536);
#1376=AXIS2_PLACEMENT_3D('',#1935,#1537,#1538);
#1377=AXIS2_PLACEMENT_3D('',#1944,#1543,#1544);
#1378=AXIS2_PLACEMENT_3D('',#1954,#1550,#1551);
#1379=AXIS2_PLACEMENT_3D('',#1960,#1555,#1556);
#1380=AXIS2_PLACEMENT_3D('',#1961,#1557,#1558);
#1381=AXIS2_PLACEMENT_3D('',#1963,#1559,#1560);
#1382=AXIS2_PLACEMENT_3D('',#1966,#1562,#1563);
#1383=AXIS2_PLACEMENT_3D('',#1967,#1564,#1565);
#1384=AXIS2_PLACEMENT_3D('',#1971,#1567,#1568);
#1385=AXIS2_PLACEMENT_3D('',#1972,#1569,#1570);
#1386=AXIS2_PLACEMENT_3D('',#1992,#1581,#1582);
#1387=AXIS2_PLACEMENT_3D('',#1993,#1583,#1584);
#1388=AXIS2_PLACEMENT_3D('',#1995,#1585,#1586);
#1389=AXIS2_PLACEMENT_3D('',#1997,#1587,#1588);
#1390=AXIS2_PLACEMENT_3D('',#1999,#1589,#1590);
#1391=AXIS2_PLACEMENT_3D('',#2005,#1593,#1594);
#1392=AXIS2_PLACEMENT_3D('',#2010,#1597,#1598);
#1393=AXIS2_PLACEMENT_3D('',#2018,#1602,#1603);
#1394=AXIS2_PLACEMENT_3D('',#2019,#1604,#1605);
#1395=AXIS2_PLACEMENT_3D('',#2033,#1613,#1614);
#1396=AXIS2_PLACEMENT_3D('',#2034,#1615,#1616);
#1397=AXIS2_PLACEMENT_3D('',#2037,#1618,#1619);
#1398=AXIS2_PLACEMENT_3D('',#2041,#1622,#1623);
#1399=AXIS2_PLACEMENT_3D('',#2043,#1625,#1626);
#1400=AXIS2_PLACEMENT_3D('',#2044,#1627,#1628);
#1401=AXIS2_PLACEMENT_3D('',#2046,#1629,#1630);
#1402=AXIS2_PLACEMENT_3D('',#2047,#1631,#1632);
#1403=AXIS2_PLACEMENT_3D('',#2049,#1633,#1634);
#1404=AXIS2_PLACEMENT_3D('',#2050,#1635,#1636);
#1405=AXIS2_PLACEMENT_3D('',#2057,#1640,#1641);
#1406=AXIS2_PLACEMENT_3D('',#2068,#1643,#1644);
#1407=AXIS2_PLACEMENT_3D('',#2071,#1646,#1647);
#1408=AXIS2_PLACEMENT_3D('',#2073,#1649,#1650);
#1409=AXIS2_PLACEMENT_3D('',#2074,#1651,#1652);
#1410=AXIS2_PLACEMENT_3D('',#2076,#1653,#1654);
#1411=AXIS2_PLACEMENT_3D('',#2078,#1655,#1656);
#1412=AXIS2_PLACEMENT_3D('',#2102,#1658,#1659);
#1413=AXIS2_PLACEMENT_3D('',#2106,#1661,#1662);
#1414=AXIS2_PLACEMENT_3D('',#2107,#1663,#1664);
#1415=AXIS2_PLACEMENT_3D('',#2109,#1665,#1666);
#1416=AXIS2_PLACEMENT_3D('',#2110,#1667,#1668);
#1417=AXIS2_PLACEMENT_3D('',#2115,#1670,#1671);
#1418=AXIS2_PLACEMENT_3D('',#2118,#1673,#1674);
#1419=AXIS2_PLACEMENT_3D('',#2119,#1675,#1676);
#1420=AXIS2_PLACEMENT_3D('',#2121,#1677,#1678);
#1421=AXIS2_PLACEMENT_3D('',#2123,#1679,#1680);
#1422=AXIS2_PLACEMENT_3D('',#2127,#1682,#1683);
#1423=AXIS2_PLACEMENT_3D('',#2131,#1685,#1686);
#1424=AXIS2_PLACEMENT_3D('',#2132,#1687,#1688);
#1425=AXIS2_PLACEMENT_3D('',#2137,#1691,#1692);
#1426=AXIS2_PLACEMENT_3D('',#2139,#1693,#1694);
#1427=AXIS2_PLACEMENT_3D('',#2143,#1697,#1698);
#1428=AXIS2_PLACEMENT_3D('',#2145,#1699,#1700);
#1429=AXIS2_PLACEMENT_3D('',#2146,#1701,#1702);
#1430=AXIS2_PLACEMENT_3D('',#2148,#1703,#1704);
#1431=AXIS2_PLACEMENT_3D('',#2149,#1705,#1706);
#1432=AXIS2_PLACEMENT_3D('',#2150,#1707,#1708);
#1433=AXIS2_PLACEMENT_3D('',#2151,#1709,#1710);
#1434=AXIS2_PLACEMENT_3D('',#2153,#1711,#1712);
#1435=AXIS2_PLACEMENT_3D('',#2154,#1713,#1714);
#1436=AXIS2_PLACEMENT_3D('',#2156,#1716,#1717);
#1437=AXIS2_PLACEMENT_3D('',#2158,#1719,#1720);
#1438=AXIS2_PLACEMENT_3D('',#2163,#1724,#1725);
#1439=AXIS2_PLACEMENT_3D('',#2164,#1726,#1727);
#1440=AXIS2_PLACEMENT_3D('',#2165,#1728,#1729);
#1441=AXIS2_PLACEMENT_3D('',#2166,#1730,#1731);
#1442=AXIS2_PLACEMENT_3D('',#2167,#1732,#1733);
#1443=AXIS2_PLACEMENT_3D('',#2168,#1734,#1735);
#1444=AXIS2_PLACEMENT_3D('',#2169,#1736,#1737);
#1445=AXIS2_PLACEMENT_3D('',#2170,#1738,#1739);
#1446=AXIS2_PLACEMENT_3D('',#2171,#1740,#1741);
#1447=AXIS2_PLACEMENT_3D('',#2172,#1742,#1743);
#1448=AXIS2_PLACEMENT_3D('',#2173,#1744,#1745);
#1449=AXIS2_PLACEMENT_3D('',#2179,#1749,#1750);
#1450=AXIS2_PLACEMENT_3D('',#2180,#1751,#1752);
#1451=AXIS2_PLACEMENT_3D('',#2181,#1753,#1754);
#1452=AXIS2_PLACEMENT_3D('',#2190,#1760,#1761);
#1453=AXIS2_PLACEMENT_3D('',#2191,#1762,#1763);
#1454=AXIS2_PLACEMENT_3D('',#2199,#1768,#1769);
#1455=AXIS2_PLACEMENT_3D('',#2200,#1770,#1771);
#1456=AXIS2_PLACEMENT_3D('',#2202,#1772,#1773);
#1457=AXIS2_PLACEMENT_3D('',#2204,#1774,#1775);
#1458=AXIS2_PLACEMENT_3D('',#2206,#1776,#1777);
#1459=AXIS2_PLACEMENT_3D('',#2208,#1778,#1779);
#1460=AXIS2_PLACEMENT_3D('',#2210,#1780,#1781);
#1461=AXIS2_PLACEMENT_3D('',#2213,#1783,#1784);
#1462=AXIS2_PLACEMENT_3D('',#2216,#1786,#1787);
#1463=AXIS2_PLACEMENT_3D('',#2217,#1788,#1789);
#1464=AXIS2_PLACEMENT_3D('',#2219,#1790,#1791);
#1465=AXIS2_PLACEMENT_3D('',#2220,#1792,#1793);
#1466=AXIS2_PLACEMENT_3D('',#2222,#1794,#1795);
#1467=AXIS2_PLACEMENT_3D('',#2233,#1797,#1798);
#1468=AXIS2_PLACEMENT_3D('',#2236,#1800,#1801);
#1469=AXIS2_PLACEMENT_3D('',#2237,#1802,#1803);
#1470=AXIS2_PLACEMENT_3D('',#2239,#1804,#1805);
#1471=AXIS2_PLACEMENT_3D('',#2241,#1806,#1807);
#1472=AXIS2_PLACEMENT_3D('',#2265,#1809,#1810);
#1473=AXIS2_PLACEMENT_3D('',#2269,#1812,#1813);
#1474=AXIS2_PLACEMENT_3D('',#2270,#1814,#1815);
#1475=AXIS2_PLACEMENT_3D('',#2272,#1816,#1817);
#1476=AXIS2_PLACEMENT_3D('',#2273,#1818,#1819);
#1477=AXIS2_PLACEMENT_3D('',#2275,#1820,#1821);
#1478=AXIS2_PLACEMENT_3D('',#2277,#1822,#1823);
#1479=AXIS2_PLACEMENT_3D('',#2278,#1824,#1825);
#1480=AXIS2_PLACEMENT_3D('',#2279,#1826,#1827);
#1481=AXIS2_PLACEMENT_3D('',#2283,#1829,#1830);
#1482=AXIS2_PLACEMENT_3D('',#2287,#1832,#1833);
#1483=AXIS2_PLACEMENT_3D('',#2288,#1834,#1835);
#1484=AXIS2_PLACEMENT_3D('',#2289,#1836,#1837);
#1485=AXIS2_PLACEMENT_3D('',#2291,#1838,#1839);
#1486=AXIS2_PLACEMENT_3D('',#2292,#1840,#1841);
#1487=AXIS2_PLACEMENT_3D('',#2294,#1843,#1844);
#1488=AXIS2_PLACEMENT_3D('',#2296,#1846,#1847);
#1489=AXIS2_PLACEMENT_3D('',#2297,#1848,#1849);
#1490=AXIS2_PLACEMENT_3D('',#2298,#1850,#1851);
#1491=AXIS2_PLACEMENT_3D('',#2299,#1852,#1853);
#1492=AXIS2_PLACEMENT_3D('',#2300,#1854,#1855);
#1493=AXIS2_PLACEMENT_3D('',#2301,#1856,#1857);
#1494=AXIS2_PLACEMENT_3D('',#2302,#1858,#1859);
#1495=AXIS2_PLACEMENT_3D('',#2303,#1860,#1861);
#1496=AXIS2_PLACEMENT_3D('',#2304,#1862,#1863);
#1497=AXIS2_PLACEMENT_3D('',#2305,#1864,#1865);
#1498=AXIS2_PLACEMENT_3D('',#2306,#1866,#1867);
#1499=AXIS2_PLACEMENT_3D('',#2307,#1868,#1869);
#1500=AXIS2_PLACEMENT_3D('',#2308,#1870,#1871);
#1501=AXIS2_PLACEMENT_3D('',#2309,#1872,#1873);
#1502=AXIS2_PLACEMENT_3D('',#2310,#1874,#1875);
#1503=AXIS2_PLACEMENT_3D('',#2312,#1877,#1878);
#1504=AXIS2_PLACEMENT_3D('',#2313,#1879,#1880);
#1505=AXIS2_PLACEMENT_3D('',#2315,#1882,#1883);
#1506=AXIS2_PLACEMENT_3D('',#2316,#1884,#1885);
#1507=AXIS2_PLACEMENT_3D('',#2317,#1886,#1887);
#1508=AXIS2_PLACEMENT_3D('',#2318,#1888,#1889);
#1509=DIRECTION('',(0.,0.,1.));
#1510=DIRECTION('',(1.,0.,0.));
#1511=DIRECTION('',(-0.989127737590294,-0.147058895445012,0.));
#1512=DIRECTION('',(0.,0.,-1.));
#1513=DIRECTION('',(2.12115047744981E-16,1.22464679914735E-16,1.));
#1514=DIRECTION('',(-0.147058895445012,0.989127737590294,-8.99398071501386E-17));
#1515=DIRECTION('',(2.12115047744981E-16,1.22464679914735E-16,1.));
#1516=DIRECTION('',(0.147058895445012,-0.989127737590294,0.));
#1517=DIRECTION('',(0.,0.,-1.));
#1518=DIRECTION('',(0.147058895445012,-0.989127737590294,0.));
#1519=DIRECTION('',(0.,0.,-1.));
#1520=DIRECTION('',(0.147058895445012,-0.989127737590294,0.));
#1521=DIRECTION('',(0.,0.,-1.));
#1522=DIRECTION('',(-0.147058895445012,0.989127737590294,-8.99398071501386E-17));
#1523=DIRECTION('',(0.147058895445043,-0.989127737590289,0.));
#1524=DIRECTION('',(-0.989127737590289,-0.147058895445043,0.));
#1525=DIRECTION('',(-2.12115047744981E-16,-1.22464679914735E-16,-1.));
#1526=DIRECTION('',(-0.989127737590289,-0.147058895445043,2.27818397844142E-16));
#1527=DIRECTION('',(0.,0.,-1.));
#1528=DIRECTION('',(-0.989127737590289,-0.147058895445043,0.));
#1529=DIRECTION('',(0.,0.,1.));
#1530=DIRECTION('',(-0.989127737590289,-0.147058895445043,0.));
#1531=DIRECTION('',(2.46022245679846E-16,3.6577439222085E-17,1.));
#1532=DIRECTION('',(0.989127737590289,0.147058895445043,-2.27818397844142E-16));
#1533=DIRECTION('',(-2.12115047744981E-16,-1.22464679914735E-16,-1.));
#1534=DIRECTION('',(-0.989127737590289,-0.147058895445043,0.));
#1535=DIRECTION('',(0.147058895445043,-0.989127737590289,0.));
#1536=DIRECTION('',(0.989127737590289,0.147058895445043,0.));
#1537=DIRECTION('',(-0.92159963010275,-0.388141883587014,0.));
#1538=DIRECTION('',(0.388141883587014,-0.92159963010275,0.));
#1539=DIRECTION('',(0.,0.,-1.));
#1540=DIRECTION('',(-0.388141883587014,0.92159963010275,0.));
#1541=DIRECTION('',(0.,0.,-1.));
#1542=DIRECTION('',(-0.388141883587014,0.92159963010275,0.));
#1543=DIRECTION('',(0.147058895445043,-0.989127737590289,0.));
#1544=DIRECTION('',(0.989127737590289,0.147058895445043,0.));
#1545=DIRECTION('',(-0.989127737590289,-0.147058895445043,2.27818397844142E-16));
#1546=DIRECTION('',(2.12115047744981E-16,1.22464679914735E-16,1.));
#1547=DIRECTION('',(0.989127737590294,0.147058895445012,0.));
#1548=DIRECTION('',(-0.989127737590289,-0.147058895445043,0.));
#1549=DIRECTION('',(0.,0.,-1.));
#1550=DIRECTION('',(-0.147058895445012,0.989127737590294,0.));
#1551=DIRECTION('',(-0.989127737590294,-0.147058895445012,0.));
#1552=DIRECTION('',(0.989127737590294,0.147058895445012,0.));
#1553=DIRECTION('',(0.,0.,1.));
#1554=DIRECTION('',(0.989127737590294,0.147058895445012,0.));
#1555=DIRECTION('',(0.,0.,-1.));
#1556=DIRECTION('',(1.,0.,0.));
#1557=DIRECTION('',(0.,0.,-1.));
#1558=DIRECTION('',(-1.,0.,0.));
#1559=DIRECTION('',(0.,0.,-1.));
#1560=DIRECTION('',(-1.,0.,0.));
#1561=DIRECTION('',(0.,0.,-1.));
#1562=DIRECTION('',(0.,0.,-1.));
#1563=DIRECTION('',(-1.,0.,0.));
#1564=DIRECTION('',(0.,0.,-1.));
#1565=DIRECTION('',(-1.,0.,0.));
#1566=DIRECTION('',(0.866025403784439,0.5,0.));
#1567=DIRECTION('',(0.,0.,-1.));
#1568=DIRECTION('',(-1.,0.,0.));
#1569=DIRECTION('',(0.5,-0.866025403784439,0.));
#1570=DIRECTION('',(1.06057523872491E-16,6.12323399573676E-17,1.));
#1571=DIRECTION('',(-0.866025403784439,-0.5,2.4492935982947E-16));
#1572=DIRECTION('',(-2.12115047744981E-16,-1.22464679914735E-16,-1.));
#1573=DIRECTION('',(-0.866025403784439,-0.5,2.4492935982947E-16));
#1574=DIRECTION('',(2.12115047744981E-16,1.22464679914735E-16,1.));
#1575=DIRECTION('',(-0.866025403784439,-0.5,2.4492935982947E-16));
#1576=DIRECTION('',(2.12115047744981E-16,1.22464679914735E-16,1.));
#1577=DIRECTION('',(0.,0.,-1.));
#1578=DIRECTION('',(2.12115047744981E-16,1.22464679914735E-16,1.));
#1579=DIRECTION('',(0.,0.,1.));
#1580=DIRECTION('',(-0.866025403784439,-0.5,2.4492935982947E-16));
#1581=DIRECTION('',(0.,0.,-1.));
#1582=DIRECTION('',(-1.,0.,0.));
#1583=DIRECTION('',(0.,0.,1.));
#1584=DIRECTION('',(1.,0.,0.));
#1585=DIRECTION('',(0.,0.,-1.));
#1586=DIRECTION('',(-1.,0.,0.));
#1587=DIRECTION('',(0.,0.,-1.));
#1588=DIRECTION('',(-1.,0.,0.));
#1589=DIRECTION('',(0.,0.,-1.));
#1590=DIRECTION('',(-1.,0.,0.));
#1591=DIRECTION('',(0.866025403784439,0.5,0.));
#1592=DIRECTION('',(0.367207197114388,-0.930139169365206,0.));
#1593=DIRECTION('',(0.,0.,-1.));
#1594=DIRECTION('',(-1.,0.,0.));
#1595=DIRECTION('',(0.367207197114388,-0.930139169365206,0.));
#1596=DIRECTION('',(0.,-1.,0.));
#1597=DIRECTION('',(0.,0.,-1.));
#1598=DIRECTION('',(-1.,0.,0.));
#1599=DIRECTION('',(0.,-1.,0.));
#1600=DIRECTION('',(-0.989127748282419,0.147058823529062,0.));
#1601=DIRECTION('',(0.147058823529517,0.989127748282351,0.));
#1602=DIRECTION('',(0.,0.,-1.));
#1603=DIRECTION('',(-1.,0.,0.));
#1604=DIRECTION('',(0.5,-0.866025403784439,0.));
#1605=DIRECTION('',(1.06057523872491E-16,6.12323399573676E-17,1.));
#1606=DIRECTION('',(0.,0.,-1.));
#1607=DIRECTION('',(0.866025403784439,0.5,0.));
#1608=DIRECTION('',(2.12115047744981E-16,1.22464679914735E-16,1.));
#1609=DIRECTION('',(-0.866025403784439,-0.5,2.4492935982947E-16));
#1610=DIRECTION('',(2.12115047744981E-16,1.22464679914735E-16,1.));
#1611=DIRECTION('',(-0.866025403784439,-0.5,2.4492935982947E-16));
#1612=DIRECTION('',(-2.12115047744981E-16,-1.22464679914735E-16,-1.));
#1613=DIRECTION('',(0.,0.,1.));
#1614=DIRECTION('',(1.,0.,0.));
#1615=DIRECTION('',(0.,0.,-1.));
#1616=DIRECTION('',(-1.,0.,0.));
#1617=DIRECTION('',(0.,0.,-1.));
#1618=DIRECTION('',(0.,0.,1.));
#1619=DIRECTION('',(1.,0.,0.));
#1620=DIRECTION('',(0.,0.,-1.));
#1621=DIRECTION('',(0.,0.,-1.));
#1622=DIRECTION('',(0.,0.,-1.));
#1623=DIRECTION('',(-1.,0.,0.));
#1624=DIRECTION('',(0.,0.,-1.));
#1625=DIRECTION('',(0.,0.,-1.));
#1626=DIRECTION('',(1.,0.,0.));
#1627=DIRECTION('',(0.,0.,-1.));
#1628=DIRECTION('',(-1.,0.,0.));
#1629=DIRECTION('',(0.,0.,-1.));
#1630=DIRECTION('',(1.,0.,0.));
#1631=DIRECTION('',(0.,0.,-1.));
#1632=DIRECTION('',(-1.,0.,0.));
#1633=DIRECTION('',(-0.147058823529062,-0.989127748282419,0.));
#1634=DIRECTION('',(-0.989127748282419,0.147058823529062,0.));
#1635=DIRECTION('',(0.147058823529062,0.989127748282419,0.));
#1636=DIRECTION('',(-0.989127748282419,0.147058823529062,0.));
#1637=DIRECTION('',(0.,0.,1.));
#1638=DIRECTION('',(-0.989127748282419,0.147058823529062,0.));
#1639=DIRECTION('',(0.,0.,1.));
#1640=DIRECTION('',(0.,0.,-1.));
#1641=DIRECTION('',(1.,0.,0.));
#1642=DIRECTION('',(0.,0.,-1.));
#1643=DIRECTION('',(0.,0.,-1.));
#1644=DIRECTION('',(-1.,0.,0.));
#1645=DIRECTION('',(0.,0.,-1.));
#1646=DIRECTION('',(0.989127748282351,-0.147058823529517,0.));
#1647=DIRECTION('',(0.,0.,-1.));
#1648=DIRECTION('',(0.147058823529517,0.989127748282351,0.));
#1649=DIRECTION('',(0.,0.,-1.));
#1650=DIRECTION('',(1.,0.,0.));
#1651=DIRECTION('',(0.,0.,-1.));
#1652=DIRECTION('',(-1.,0.,0.));
#1653=DIRECTION('',(0.,0.,-1.));
#1654=DIRECTION('',(-1.,0.,0.));
#1655=DIRECTION('',(0.,0.,-1.));
#1656=DIRECTION('',(1.,0.,0.));
#1657=DIRECTION('',(0.,0.,1.));
#1658=DIRECTION('',(0.,0.,-1.));
#1659=DIRECTION('',(-1.,0.,0.));
#1660=DIRECTION('',(0.,0.,1.));
#1661=DIRECTION('',(0.,0.,-1.));
#1662=DIRECTION('',(-1.,0.,0.));
#1663=DIRECTION('',(0.,0.,-1.));
#1664=DIRECTION('',(-1.,0.,0.));
#1665=DIRECTION('',(0.,0.,-1.));
#1666=DIRECTION('',(1.,0.,0.));
#1667=DIRECTION('',(0.,0.,-1.));
#1668=DIRECTION('',(-1.,0.,0.));
#1669=DIRECTION('',(0.,0.,-1.));
#1670=DIRECTION('',(0.,0.,-1.));
#1671=DIRECTION('',(-1.,0.,0.));
#1672=DIRECTION('',(0.,0.,-1.));
#1673=DIRECTION('',(0.,0.,-1.));
#1674=DIRECTION('',(1.,0.,0.));
#1675=DIRECTION('',(0.,0.,-1.));
#1676=DIRECTION('',(-1.,0.,0.));
#1677=DIRECTION('',(0.,0.,-1.));
#1678=DIRECTION('',(-1.,0.,0.));
#1679=DIRECTION('',(0.,0.,-1.));
#1680=DIRECTION('',(1.,0.,0.));
#1681=DIRECTION('',(0.,0.,1.));
#1682=DIRECTION('',(0.,0.,-1.));
#1683=DIRECTION('',(-1.,0.,0.));
#1684=DIRECTION('',(0.,0.,1.));
#1685=DIRECTION('',(0.,0.,-1.));
#1686=DIRECTION('',(-1.,0.,0.));
#1687=DIRECTION('',(-2.12115047744981E-16,-1.22464679914735E-16,-1.));
#1688=DIRECTION('',(-1.,0.,2.12115047744981E-16));
#1689=DIRECTION('',(0.,0.,-1.));
#1690=DIRECTION('',(0.,0.,-1.));
#1691=DIRECTION('',(0.,0.,-1.));
#1692=DIRECTION('',(-1.,0.,0.));
#1693=DIRECTION('',(0.,0.,1.));
#1694=DIRECTION('',(1.,0.,0.));
#1695=DIRECTION('',(-0.147058895445012,0.989127737590294,0.));
#1696=DIRECTION('',(-0.989127737590294,-0.147058895445012,0.));
#1697=DIRECTION('',(0.,0.,-1.));
#1698=DIRECTION('',(-1.,0.,0.));
#1699=DIRECTION('',(0.,0.,-1.));
#1700=DIRECTION('',(1.,0.,0.));
#1701=DIRECTION('',(0.,0.,-1.));
#1702=DIRECTION('',(-1.,0.,0.));
#1703=DIRECTION('',(0.,0.,-1.));
#1704=DIRECTION('',(-1.,0.,0.));
#1705=DIRECTION('',(0.,0.,-1.));
#1706=DIRECTION('',(-1.,0.,0.));
#1707=DIRECTION('',(0.,0.,1.));
#1708=DIRECTION('',(1.,0.,0.));
#1709=DIRECTION('',(0.,0.,1.));
#1710=DIRECTION('',(1.,0.,0.));
#1711=DIRECTION('',(0.,0.,1.));
#1712=DIRECTION('',(1.,0.,0.));
#1713=DIRECTION('',(1.,0.,0.));
#1714=DIRECTION('',(0.,1.,0.));
#1715=DIRECTION('',(0.,-1.,0.));
#1716=DIRECTION('',(1.,0.,0.));
#1717=DIRECTION('',(0.,1.,0.));
#1718=DIRECTION('',(0.,-1.,0.));
#1719=DIRECTION('',(0.,0.,-1.));
#1720=DIRECTION('',(-1.,0.,0.));
#1721=DIRECTION('',(-0.147058895445043,0.989127737590289,0.));
#1722=DIRECTION('',(0.989127737590294,0.147058895445012,0.));
#1723=DIRECTION('',(0.147058895445012,-0.989127737590294,0.));
#1724=DIRECTION('',(0.,0.,1.));
#1725=DIRECTION('',(1.,0.,0.));
#1726=DIRECTION('',(0.,0.,-1.));
#1727=DIRECTION('',(-1.,0.,0.));
#1728=DIRECTION('',(0.,0.,-1.));
#1729=DIRECTION('',(-1.,0.,0.));
#1730=DIRECTION('',(0.,0.,1.));
#1731=DIRECTION('',(1.,0.,0.));
#1732=DIRECTION('',(0.,0.,-1.));
#1733=DIRECTION('',(-1.,0.,0.));
#1734=DIRECTION('',(0.,0.,-1.));
#1735=DIRECTION('',(-1.,0.,0.));
#1736=DIRECTION('',(0.,0.,-1.));
#1737=DIRECTION('',(1.,0.,0.));
#1738=DIRECTION('',(0.,0.,-1.));
#1739=DIRECTION('',(1.,0.,0.));
#1740=DIRECTION('',(0.147058823529062,0.989127748282419,0.));
#1741=DIRECTION('',(-0.989127748282419,0.147058823529062,0.));
#1742=DIRECTION('',(0.,0.,-1.));
#1743=DIRECTION('',(-0.866025403784439,-0.5,0.));
#1744=DIRECTION('',(-2.12115047744981E-16,-1.22464679914735E-16,-1.));
#1745=DIRECTION('',(-0.5,0.866025403784439,1.49975978266186E-32));
#1746=DIRECTION('',(0.,0.,-1.));
#1747=DIRECTION('',(0.,0.,-1.));
#1748=DIRECTION('',(0.,0.,-1.));
#1749=DIRECTION('',(-0.5,0.866025403784439,0.));
#1750=DIRECTION('',(0.,0.,1.));
#1751=DIRECTION('',(-0.783080300618497,-0.621920608103031,2.42266423557562E-16));
#1752=DIRECTION('',(-0.621920608103031,0.783080300618497,3.60190411185834E-17));
#1753=DIRECTION('',(-0.783080300618497,-0.621920608103031,2.42266423557562E-16));
#1754=DIRECTION('',(0.621920608103031,-0.783080300618497,-3.60190411185834E-17));
#1755=DIRECTION('',(-0.621920608103031,0.783080300618497,3.60190411185834E-17));
#1756=DIRECTION('',(-0.621920608103031,0.783080300618497,3.60190411185834E-17));
#1757=DIRECTION('',(-0.621920608103031,0.783080300618497,3.60190411185834E-17));
#1758=DIRECTION('',(-0.621920608103031,0.783080300618497,3.60190411185834E-17));
#1759=DIRECTION('',(2.12115047744981E-16,1.22464679914735E-16,1.));
#1760=DIRECTION('',(-0.930139169365206,-0.367207197114388,2.42266426176379E-16));
#1761=DIRECTION('',(-0.367207197114388,0.930139169365206,-3.60190235042483E-17));
#1762=DIRECTION('',(0.930139169365206,0.367207197114388,-2.42266426176379E-16));
#1763=DIRECTION('',(-0.367207197114388,0.930139169365206,-3.60190235042483E-17));
#1764=DIRECTION('',(-0.367207197114388,0.930139169365206,-3.60190235042483E-17));
#1765=DIRECTION('',(2.12115047744981E-16,1.22464679914735E-16,1.));
#1766=DIRECTION('',(-0.367207197114388,0.930139169365206,-3.60190235042483E-17));
#1767=DIRECTION('',(-0.367207197114388,0.930139169365206,-3.60190235042483E-17));
#1768=DIRECTION('',(-2.12115047744981E-16,-1.22464679914735E-16,-1.));
#1769=DIRECTION('',(-0.5,0.866025403784439,1.49975978266186E-32));
#1770=DIRECTION('',(-2.12115047744981E-16,-1.22464679914735E-16,-1.));
#1771=DIRECTION('',(-0.5,0.866025403784439,1.49975978266186E-32));
#1772=DIRECTION('',(-2.12115047744981E-16,-1.22464679914735E-16,-1.));
#1773=DIRECTION('',(-0.5,0.866025403784439,1.49975978266186E-32));
#1774=DIRECTION('',(-2.12115047744981E-16,-1.22464679914735E-16,-1.));
#1775=DIRECTION('',(-0.5,0.866025403784439,1.49975978266186E-32));
#1776=DIRECTION('',(-2.12115047744981E-16,-1.22464679914735E-16,-1.));
#1777=DIRECTION('',(-0.5,0.866025403784439,1.49975978266186E-32));
#1778=DIRECTION('',(2.12115047744981E-16,1.22464679914735E-16,1.));
#1779=DIRECTION('',(0.5,-0.866025403784439,-1.49975978266186E-32));
#1780=DIRECTION('',(-2.12115047744981E-16,-1.22464679914735E-16,-1.));
#1781=DIRECTION('',(-0.5,0.866025403784439,1.49975978266186E-32));
#1782=DIRECTION('',(-0.866025403784439,-0.5,2.4492935982947E-16));
#1783=DIRECTION('',(-2.12115047744981E-16,-1.22464679914735E-16,-1.));
#1784=DIRECTION('',(-0.5,0.866025403784439,1.49975978266186E-32));
#1785=DIRECTION('',(-0.866025403784439,-0.5,2.4492935982947E-16));
#1786=DIRECTION('',(-2.12115047744981E-16,-1.22464679914735E-16,-1.));
#1787=DIRECTION('',(0.5,-0.866025403784439,-1.49975978266186E-32));
#1788=DIRECTION('',(-2.12115047744981E-16,-1.22464679914735E-16,-1.));
#1789=DIRECTION('',(-0.5,0.866025403784439,1.49975978266186E-32));
#1790=DIRECTION('',(-2.12115047744981E-16,-1.22464679914735E-16,-1.));
#1791=DIRECTION('',(0.5,-0.866025403784439,-1.49975978266186E-32));
#1792=DIRECTION('',(-2.12115047744981E-16,-1.22464679914735E-16,-1.));
#1793=DIRECTION('',(-0.5,0.866025403784439,1.49975978266186E-32));
#1794=DIRECTION('',(-2.12115047744981E-16,-1.22464679914735E-16,-1.));
#1795=DIRECTION('',(0.5,-0.866025403784439,-1.49975978266186E-32));
#1796=DIRECTION('',(-2.12115047744981E-16,-1.22464679914735E-16,-1.));
#1797=DIRECTION('',(-2.12115047744981E-16,-1.22464679914735E-16,-1.));
#1798=DIRECTION('',(-0.5,0.866025403784439,1.49975978266186E-32));
#1799=DIRECTION('',(-2.12115047744981E-16,-1.22464679914735E-16,-1.));
#1800=DIRECTION('',(-2.12115047744981E-16,-1.22464679914735E-16,-1.));
#1801=DIRECTION('',(0.5,-0.866025403784439,-1.49975978266186E-32));
#1802=DIRECTION('',(-2.12115047744981E-16,-1.22464679914735E-16,-1.));
#1803=DIRECTION('',(-0.5,0.866025403784439,1.49975978266186E-32));
#1804=DIRECTION('',(-2.12115047744981E-16,-1.22464679914735E-16,-1.));
#1805=DIRECTION('',(-0.5,0.866025403784439,1.49975978266186E-32));
#1806=DIRECTION('',(-2.12115047744981E-16,-1.22464679914735E-16,-1.));
#1807=DIRECTION('',(0.5,-0.866025403784439,-1.49975978266186E-32));
#1808=DIRECTION('',(2.12115047744981E-16,1.22464679914735E-16,1.));
#1809=DIRECTION('',(-2.12115047744981E-16,-1.22464679914735E-16,-1.));
#1810=DIRECTION('',(-0.5,0.866025403784439,1.49975978266186E-32));
#1811=DIRECTION('',(2.12115047744981E-16,1.22464679914735E-16,1.));
#1812=DIRECTION('',(-2.12115047744981E-16,-1.22464679914735E-16,-1.));
#1813=DIRECTION('',(-0.5,0.866025403784439,1.49975978266186E-32));
#1814=DIRECTION('',(-2.12115047744981E-16,-1.22464679914735E-16,-1.));
#1815=DIRECTION('',(-0.5,0.866025403784439,1.49975978266186E-32));
#1816=DIRECTION('',(-2.12115047744981E-16,-1.22464679914735E-16,-1.));
#1817=DIRECTION('',(0.5,-0.866025403784439,-1.49975978266186E-32));
#1818=DIRECTION('',(-2.12115047744981E-16,-1.22464679914735E-16,-1.));
#1819=DIRECTION('',(-0.5,0.866025403784439,1.49975978266186E-32));
#1820=DIRECTION('',(-2.12115047744981E-16,-1.22464679914735E-16,-1.));
#1821=DIRECTION('',(-0.5,0.866025403784439,1.49975978266186E-32));
#1822=DIRECTION('',(-2.12115047744981E-16,-1.22464679914735E-16,-1.));
#1823=DIRECTION('',(0.5,-0.866025403784439,-1.49975978266186E-32));
#1824=DIRECTION('',(-2.12115047744981E-16,-1.22464679914735E-16,-1.));
#1825=DIRECTION('',(-0.5,0.866025403784439,1.49975978266186E-32));
#1826=DIRECTION('',(0.,0.,1.));
#1827=DIRECTION('',(1.,0.,0.));
#1828=DIRECTION('',(2.12115047744981E-16,1.22464679914735E-16,1.));
#1829=DIRECTION('',(-2.12115047744981E-16,-1.22464679914735E-16,-1.));
#1830=DIRECTION('',(-0.5,0.866025403784439,1.49975978266186E-32));
#1831=DIRECTION('',(2.12115047744981E-16,1.22464679914735E-16,1.));
#1832=DIRECTION('',(-2.12115047744981E-16,-1.22464679914735E-16,-1.));
#1833=DIRECTION('',(-0.5,0.866025403784439,1.49975978266186E-32));
#1834=DIRECTION('',(2.12115047744981E-16,1.22464679914735E-16,1.));
#1835=DIRECTION('',(0.5,-0.866025403784439,-1.49975978266186E-32));
#1836=DIRECTION('',(2.12115047744981E-16,1.22464679914735E-16,1.));
#1837=DIRECTION('',(0.5,-0.866025403784439,-1.49975978266186E-32));
#1838=DIRECTION('',(2.12115047744981E-16,1.22464679914735E-16,1.));
#1839=DIRECTION('',(0.5,-0.866025403784439,-1.49975978266186E-32));
#1840=DIRECTION('',(0.5,-0.866025403784439,-1.49975978266186E-32));
#1841=DIRECTION('',(0.866025403784439,0.5,-2.4492935982947E-16));
#1842=DIRECTION('',(-0.866025403784439,-0.5,2.4492935982947E-16));
#1843=DIRECTION('',(0.5,-0.866025403784439,-1.49975978266186E-32));
#1844=DIRECTION('',(0.866025403784439,0.5,-2.4492935982947E-16));
#1845=DIRECTION('',(-0.866025403784439,-0.5,2.4492935982947E-16));
#1846=DIRECTION('',(2.12115047744981E-16,1.22464679914735E-16,1.));
#1847=DIRECTION('',(0.5,-0.866025403784439,-1.49975978266186E-32));
#1848=DIRECTION('',(-2.12115047744981E-16,-1.22464679914735E-16,-1.));
#1849=DIRECTION('',(-0.5,0.866025403784439,1.49975978266186E-32));
#1850=DIRECTION('',(-2.12115047744981E-16,-1.22464679914735E-16,-1.));
#1851=DIRECTION('',(-0.5,0.866025403784439,1.49975978266186E-32));
#1852=DIRECTION('',(2.12115047744981E-16,1.22464679914735E-16,1.));
#1853=DIRECTION('',(0.5,-0.866025403784439,-1.49975978266186E-32));
#1854=DIRECTION('',(-2.12115047744981E-16,-1.22464679914735E-16,-1.));
#1855=DIRECTION('',(-0.5,0.866025403784439,1.49975978266186E-32));
#1856=DIRECTION('',(-2.12115047744981E-16,-1.22464679914735E-16,-1.));
#1857=DIRECTION('',(-0.5,0.866025403784439,1.49975978266186E-32));
#1858=DIRECTION('',(-2.12115047744981E-16,-1.22464679914735E-16,-1.));
#1859=DIRECTION('',(0.5,-0.866025403784439,-1.49975978266186E-32));
#1860=DIRECTION('',(-2.12115047744981E-16,-1.22464679914735E-16,-1.));
#1861=DIRECTION('',(0.5,-0.866025403784439,-1.49975978266186E-32));
#1862=DIRECTION('',(0.930139169365206,0.367207197114388,-2.42266426176379E-16));
#1863=DIRECTION('',(-0.367207197114388,0.930139169365206,-3.60190235042483E-17));
#1864=DIRECTION('',(2.12115047744981E-16,1.22464679914735E-16,1.));
#1865=DIRECTION('',(0.5,-0.866025403784439,-1.49975978266186E-32));
#1866=DIRECTION('',(-2.12115047744981E-16,-1.22464679914735E-16,-1.));
#1867=DIRECTION('',(-0.5,0.866025403784439,1.49975978266186E-32));
#1868=DIRECTION('',(-2.12115047744981E-16,-1.22464679914735E-16,-1.));
#1869=DIRECTION('',(-0.5,0.866025403784439,1.49975978266186E-32));
#1870=DIRECTION('',(0.,0.,1.));
#1871=DIRECTION('',(1.,0.,0.));
#1872=DIRECTION('',(0.,0.,1.));
#1873=DIRECTION('',(1.,0.,0.));
#1874=DIRECTION('',(0.989127737590289,0.147058895445043,0.));
#1875=DIRECTION('',(-0.147058895445043,0.989127737590289,0.));
#1876=DIRECTION('',(-0.147058895445043,0.989127737590289,0.));
#1877=DIRECTION('',(1.32264486960368E-17,-8.89619579657239E-17,-1.));
#1878=DIRECTION('',(0.,1.,-8.89619579657239E-17));
#1879=DIRECTION('',(-0.147058895445012,0.989127737590294,0.));
#1880=DIRECTION('',(-0.989127737590294,-0.147058895445012,0.));
#1881=DIRECTION('',(0.,0.,-1.));
#1882=DIRECTION('',(0.989127737590294,0.147058895445012,0.));
#1883=DIRECTION('',(-0.147058895445012,0.989127737590294,0.));
#1884=DIRECTION('',(-2.12115047744981E-16,-1.22464679914735E-16,-1.));
#1885=DIRECTION('',(-0.5,0.866025403784439,1.49975978266186E-32));
#1886=DIRECTION('',(-2.12115047744981E-16,-1.22464679914735E-16,-1.));
#1887=DIRECTION('',(-0.5,0.866025403784439,1.49975978266186E-32));
#1888=DIRECTION('',(-2.12115047744981E-16,-1.22464679914735E-16,-1.));
#1889=DIRECTION('',(-0.5,0.866025403784439,1.49975978266186E-32));
#1890=CARTESIAN_POINT('',(0.,0.,0.));
#1891=CARTESIAN_POINT('',(0.0245114345726019,0.0319267472248682,0.0266721712781));
#1892=CARTESIAN_POINT('',(0.0245019174374607,0.0319907600975484,0.0274121712781));
#1893=CARTESIAN_POINT('',(0.0245019174374607,0.0319907600975484,0.0274121712781));
#1894=CARTESIAN_POINT('',(0.0245019174374607,0.0319907600975484,0.0291721712781));
#1895=CARTESIAN_POINT('',(0.0263585982959727,0.0195026033529338,0.0274121712781));
#1896=CARTESIAN_POINT('',(0.0242997539342247,0.0333505250269261,0.0274121712781));
#1897=CARTESIAN_POINT('',(0.0242997539342247,0.0333505250269261,0.0274121712781));
#1898=CARTESIAN_POINT('',(0.0242997539342247,0.0333505250269261,0.0276721712781));
#1899=CARTESIAN_POINT('',(0.0241348587478862,0.0344596208222466,0.0276721712781));
#1900=CARTESIAN_POINT('',(0.0241348587478862,0.0344596208222466,0.0276721712781));
#1901=CARTESIAN_POINT('',(0.0241348587478862,0.0344596208222466,0.0256721712781));
#1902=CARTESIAN_POINT('',(0.0241348587478862,0.0344596208222466,0.0266721712781));
#1903=CARTESIAN_POINT('',(0.02400970426574,0.0353014180450531,0.0266721712781));
#1904=CARTESIAN_POINT('',(0.0242985191070913,0.0333588305548917,0.0266721712781));
#1905=CARTESIAN_POINT('',(0.0242985191070913,0.0333588305548917,0.0256721712781));
#1906=CARTESIAN_POINT('',(0.0242985191070914,0.0333588305548917,0.0233721712781));
#1907=CARTESIAN_POINT('',(0.0245114345726019,0.0319267472248682,0.0233721712781));
#1908=CARTESIAN_POINT('',(0.0247224640875655,0.0305073489214263,0.0233721712781));
#1909=CARTESIAN_POINT('',(0.0247224640875655,0.0305073489214263,0.0256721712781));
#1910=CARTESIAN_POINT('',(0.0247224640875655,0.0305073489214263,0.0291721712781));
#1911=CARTESIAN_POINT('',(0.0263585982959727,0.0195026033529338,0.0291721712781));
#1912=CARTESIAN_POINT('',(0.0442817886830546,0.0342241314268082,0.0256721712781));
#1913=CARTESIAN_POINT('',(0.0287751888555471,0.0319186825387838,0.0314721712781));
#1914=CARTESIAN_POINT('',(0.0287751888555471,0.0319186825387838,0.0274121712781));
#1915=CARTESIAN_POINT('',(0.0287751888555471,0.0319186825387838,0.0306621712781));
#1916=CARTESIAN_POINT('',(0.0325401205496572,0.0324784350109071,0.0274121712781));
#1917=CARTESIAN_POINT('',(0.0285856931558154,0.0318905092025856,0.0274121712781));
#1918=CARTESIAN_POINT('',(0.0285856931558154,0.0318905092025856,0.0262721712781));
#1919=CARTESIAN_POINT('',(0.0285856931558154,0.0318905092025856,0.0233721712781));
#1920=CARTESIAN_POINT('',(0.0442817886830546,0.0342241314268082,0.0233721712781));
#1921=CARTESIAN_POINT('',(0.0405,0.0336618727362457,0.0233721712781));
#1922=CARTESIAN_POINT('',(0.0405,0.0336618727362457,0.0256721712781));
#1923=CARTESIAN_POINT('',(0.0405,0.0336618727362457,0.0276721712781));
#1924=CARTESIAN_POINT('',(0.0442817886830546,0.0342241314268082,0.0276721712781));
#1925=CARTESIAN_POINT('',(0.0334239574857527,0.0326098397614122,0.0276721712781));
#1926=CARTESIAN_POINT('',(0.0334239574857528,0.0326098397614122,0.0256721712781));
#1927=CARTESIAN_POINT('',(0.0334239574857527,0.0326098397614122,0.0274121712781));
#1928=CARTESIAN_POINT('',(0.0442817886830546,0.0342241314268082,0.0274121712781));
#1929=CARTESIAN_POINT('',(0.030159619522596,0.0321245132287739,0.0274121712781));
#1930=CARTESIAN_POINT('',(0.030159619522596,0.0321245132287739,0.0314721712781));
#1931=CARTESIAN_POINT('',(0.030159619522596,0.0321245132287739,0.0306621712781));
#1932=CARTESIAN_POINT('',(0.0442817886830546,0.0342241314268082,0.0306621712781));
#1933=CARTESIAN_POINT('',(0.0382639815530609,0.0333294319497779,0.0257277627399222));
#1934=CARTESIAN_POINT('',(0.0388638083171534,0.0334186113934772,0.0257277627399222));
#1935=CARTESIAN_POINT('',(0.0318593222561859,0.0348798833417694,0.0306621712781));
#1936=CARTESIAN_POINT('',(0.0308988170423898,0.0371604958888246,0.0341721712781));
#1937=CARTESIAN_POINT('',(0.0308851440215928,0.0371473647481672,0.0306621712781));
#1938=CARTESIAN_POINT('',(0.0308988170423898,0.0371604958888246,0.0276721712781));
#1939=CARTESIAN_POINT('',(0.0318593222561859,0.0348798833417694,0.0276721712781));
#1940=CARTESIAN_POINT('',(0.0308674067138372,0.0372350762121537,0.0276721712781));
#1941=CARTESIAN_POINT('',(0.0308674067138372,0.0372350762121537,0.0306621712781));
#1942=CARTESIAN_POINT('',(0.0308674067138372,0.0372350762121537,0.0306621712781));
#1943=CARTESIAN_POINT('',(0.0318593222561859,0.0348798833417694,0.0306621712781));
#1944=CARTESIAN_POINT('',(0.0333723362956499,0.0317933715495657,0.0270171712781));
#1945=CARTESIAN_POINT('',(0.0326577676660132,0.0316871328208349,0.0274121712781));
#1946=CARTESIAN_POINT('',(0.0287033402721715,0.0310992070125134,0.0274121712781));
#1947=CARTESIAN_POINT('',(0.0255789119294186,0.0306346815892331,0.0274121712781));
#1948=CARTESIAN_POINT('',(0.0255789119294186,0.0306346815892331,0.0274121712781));
#1949=CARTESIAN_POINT('',(0.0255789119294186,0.0306346815892331,0.0291721712781));
#1950=CARTESIAN_POINT('',(0.0247224640875655,0.0305073489214263,0.0291721712781));
#1951=CARTESIAN_POINT('',(0.0443994357994107,0.0334328292367359,0.0233721712781));
#1952=CARTESIAN_POINT('',(0.0287033402721715,0.0310992070125134,0.0233721712781));
#1953=CARTESIAN_POINT('',(0.0287033402721715,0.0310992070125134,0.0262721712781));
#1954=CARTESIAN_POINT('',(0.0241348587478862,0.0344596208222466,0.0256721712781));
#1955=CARTESIAN_POINT('',(0.0241348587478862,0.0344596208222466,0.0276721712781));
#1956=CARTESIAN_POINT('',(0.0245777939076266,0.0345254743544747,0.0276721712781));
#1957=CARTESIAN_POINT('',(0.0245777939076266,0.0345254743544747,0.0266721712781));
#1958=CARTESIAN_POINT('',(0.0245777939076266,0.0345254743544747,0.0266721712781));
#1959=CARTESIAN_POINT('',(0.0310948669047462,0.0354944023503934,0.0266721712781));
#1960=CARTESIAN_POINT('',(0.0269697124226,0.0363361995732,0.0256721712781));
#1961=CARTESIAN_POINT('',(0.0269697124226,0.0363361995732,0.0233721712781));
#1962=CARTESIAN_POINT('',(0.0275579477167163,0.0402927105663237,0.0233721712781));
#1963=CARTESIAN_POINT('',(0.0269697124226,0.0363361995732,0.0266721712781));
#1964=CARTESIAN_POINT('',(0.0275579477167175,0.0402927105663295,0.0266721712781));
#1965=CARTESIAN_POINT('',(0.0275579477167172,0.0402927105663236,0.0256721712781));
#1966=CARTESIAN_POINT('',(0.0309697124226,0.0363361995732,0.0266721712781));
#1967=CARTESIAN_POINT('',(0.0269697124226,0.0363361995732,0.0266721712781));
#1968=CARTESIAN_POINT('',(0.0299575055420799,0.0366065554038904,0.0266721712781));
#1969=CARTESIAN_POINT('',(0.0280645462812547,0.0355136548650879,0.0266721712781));
#1970=CARTESIAN_POINT('',(0.0308874117170885,0.0371434369843526,0.0266721712781));
#1971=CARTESIAN_POINT('',(0.0269697124226,0.0363361995732,0.0266721712781));
#1972=CARTESIAN_POINT('',(0.0275950578210685,0.035253069613057,0.0341721712781));
#1973=CARTESIAN_POINT('',(0.0275950578210685,0.035253069613057,0.0274121712781));
#1974=CARTESIAN_POINT('',(0.0236979435040385,0.0330030696130571,0.0274121712781));
#1975=CARTESIAN_POINT('',(0.0236979435040385,0.0330030696130571,0.0341721712781));
#1976=CARTESIAN_POINT('',(0.0236979435040385,0.0330030696130571,0.0334721712781));
#1977=CARTESIAN_POINT('',(0.0263099003236564,0.034511083585975,0.0334721712781));
#1978=CARTESIAN_POINT('',(0.0243046430163619,0.0333533477398141,0.0334721712781));
#1979=CARTESIAN_POINT('',(0.0243046430163619,0.0333533477398141,0.0324721712781));
#1980=CARTESIAN_POINT('',(0.0243046430163619,0.0333533477398141,0.0324721712781));
#1981=CARTESIAN_POINT('',(0.0275950578027591,0.035253069602486,0.0324721712781));
#1982=CARTESIAN_POINT('',(0.0252335266328312,0.0338896389458284,0.0324721712781));
#1983=CARTESIAN_POINT('',(0.0252335266328312,0.0338896389458284,0.0305721712781));
#1984=CARTESIAN_POINT('',(0.025237603739126,0.0338867558458258,0.0316721712781));
#1985=CARTESIAN_POINT('',(0.025241680845421,0.0338838727458232,0.0316721712781));
#1986=CARTESIAN_POINT('',(0.025237603739126,0.0338867558458258,0.0305721712781));
#1987=CARTESIAN_POINT('',(0.0252335266328312,0.0338896389458284,0.0288721712781));
#1988=CARTESIAN_POINT('',(0.0252353010895766,0.0338889742535504,0.0291721712781));
#1989=CARTESIAN_POINT('',(0.0252360711113319,0.0338893398037923,0.0276721712781));
#1990=CARTESIAN_POINT('',(0.0252360711113319,0.0338893398037923,0.0276721712781));
#1991=CARTESIAN_POINT('',(0.0275950578210685,0.035253069613057,0.0276721712781));
#1992=CARTESIAN_POINT('',(0.044188406284447,0.034852227540178,0.0276721712781));
#1993=CARTESIAN_POINT('',(0.0349673815071583,0.0363486930727959,0.0276721712781));
#1994=CARTESIAN_POINT('',(0.0350573815071583,0.0363486930727959,0.0276721712781));
#1995=CARTESIAN_POINT('',(0.0339697124226,0.0363361995732,0.0276721712781));
#1996=CARTESIAN_POINT('',(0.0332697124226,0.0363361995732,0.0276721712781));
#1997=CARTESIAN_POINT('',(0.0379697124226,0.0363361995732,0.0276721712781));
#1998=CARTESIAN_POINT('',(0.0372697124226,0.0363361995732,0.0276721712781));
#1999=CARTESIAN_POINT('',(0.0359697124226,0.0363361995732,0.0276721712781));
#2000=CARTESIAN_POINT('',(0.0352697124226,0.0363361995732,0.0276721712781));
#2001=CARTESIAN_POINT('',(0.039866499459593,0.0423379897464039,0.0276721712781));
#2002=CARTESIAN_POINT('',(0.0314921721380986,0.0375030696130568,0.0276721712781));
#2003=CARTESIAN_POINT('',(0.0341095518174914,0.030873223084898,0.0276721712781));
#2004=CARTESIAN_POINT('',(0.0316981326886814,0.0369813696655979,0.0276721712781));
#2005=CARTESIAN_POINT('',(0.0319697124226,0.0363361995732,0.0276721712781));
#2006=CARTESIAN_POINT('',(0.032212093512649,0.0356795022249591,0.0276721712781));
#2007=CARTESIAN_POINT('',(0.0341095518174914,0.030873223084898,0.0276721712781));
#2008=CARTESIAN_POINT('',(0.0405,0.034852227540178,0.0276721712781));
#2009=CARTESIAN_POINT('',(0.0405,0.0358792585646931,0.0276721712781));
#2010=CARTESIAN_POINT('',(0.0399697124226,0.0363361995732,0.0276721712781));
#2011=CARTESIAN_POINT('',(0.0405,0.0367931405817069,0.0276721712781));
#2012=CARTESIAN_POINT('',(0.0405,0.034852227540178,0.0276721712781));
#2013=CARTESIAN_POINT('',(0.0405,0.0390105273649793,0.0276721712781));
#2014=CARTESIAN_POINT('',(0.0447135058511371,0.0383840832939511,0.0276721712781));
#2015=CARTESIAN_POINT('',(0.0276513300696584,0.0409208066864828,0.0276721712781));
#2016=CARTESIAN_POINT('',(0.0275579477167172,0.0402927105663236,0.0276721712781));
#2017=CARTESIAN_POINT('',(0.0275579477167181,0.0402927105663294,0.0276721712781));
#2018=CARTESIAN_POINT('',(0.0269697124226,0.0363361995732,0.0276721712781));
#2019=CARTESIAN_POINT('',(0.0275950578210685,0.035253069613057,0.0341721712781));
#2020=CARTESIAN_POINT('',(0.0308874117170885,0.0371434369843526,0.0316721712781));
#2021=CARTESIAN_POINT('',(0.0308857930873576,0.0371477394864612,0.0316721712781));
#2022=CARTESIAN_POINT('',(0.0280645462812547,0.0355136548650879,0.0316721712781));
#2023=CARTESIAN_POINT('',(0.0299570472573835,0.036611527831517,0.0316721712781));
#2024=CARTESIAN_POINT('',(0.029956588972687,0.0366165002591436,0.0305721712781));
#2025=CARTESIAN_POINT('',(0.029956588972687,0.0366165002591436,0.0324721712781));
#2026=CARTESIAN_POINT('',(0.0275950578027591,0.035253069602486,0.0324721712781));
#2027=CARTESIAN_POINT('',(0.0308854725891562,0.037152791465158,0.0324721712781));
#2028=CARTESIAN_POINT('',(0.0308854725891562,0.037152791465158,0.0324721712781));
#2029=CARTESIAN_POINT('',(0.0308854725891562,0.037152791465158,0.0334721712781));
#2030=CARTESIAN_POINT('',(0.0263099003236564,0.034511083585975,0.0334721712781));
#2031=CARTESIAN_POINT('',(0.0314921721380986,0.0375030696130568,0.0334721712781));
#2032=CARTESIAN_POINT('',(0.0314921721380986,0.0375030696130568,0.0341721712781));
#2033=CARTESIAN_POINT('',(0.0269697124226,0.0363361995732,0.0266721712781));
#2034=CARTESIAN_POINT('',(0.0269697124226,0.0363361995732,0.0276721712781));
#2035=CARTESIAN_POINT('',(0.0299575055420799,0.0366065554038904,0.0276721712781));
#2036=CARTESIAN_POINT('',(0.0299575055420799,0.0366065554038904,0.0316721712781));
#2037=CARTESIAN_POINT('',(0.0269697124226,0.0363361995732,0.0266721712781));
#2038=CARTESIAN_POINT('',(0.0308874117170885,0.0371434369843526,0.0316721712781));
#2039=CARTESIAN_POINT('',(0.0308919136378916,0.0371477903924455,0.0291721712781));
#2040=CARTESIAN_POINT('',(0.0308854725891562,0.037152791465158,0.0306621712781));
#2041=CARTESIAN_POINT('',(0.0269697124226,0.0363361995732,0.0306621712781));
#2042=CARTESIAN_POINT('',(0.0275579477167172,0.0402927105663236,0.0256721712781));
#2043=CARTESIAN_POINT('',(0.0359697124226,0.0363361995732,0.0256721712781));
#2044=CARTESIAN_POINT('',(0.0359697124226,0.0363361995732,0.0268721712781));
#2045=CARTESIAN_POINT('',(0.0352697124226,0.0363361995732,0.0268721712781));
#2046=CARTESIAN_POINT('',(0.0339697124226,0.0363361995732,0.0256721712781));
#2047=CARTESIAN_POINT('',(0.0339697124226,0.0363361995732,0.0268721712781));
#2048=CARTESIAN_POINT('',(0.0332697124226,0.0363361995732,0.0268721712781));
#2049=CARTESIAN_POINT('',(0.0442836830188159,0.0384479873145964,0.0256721712781));
#2050=CARTESIAN_POINT('',(0.0391387102821782,0.0392129174654822,0.0257277627399222));
#2051=CARTESIAN_POINT('',(0.0385648275887604,0.0392982396231957,0.0257277627399222));
#2052=CARTESIAN_POINT('',(0.0405,0.0390105273649793,0.0256721712781));
#2053=CARTESIAN_POINT('',(0.0405,0.0390105273649793,0.0233721712781));
#2054=CARTESIAN_POINT('',(0.0447135058511371,0.0383840832939511,0.0233721712781));
#2055=CARTESIAN_POINT('',(0.0276513300696584,0.0409208066864828,0.0233721712781));
#2056=CARTESIAN_POINT('',(0.0276513300696584,0.0409208066864828,0.0256721712781));
#2057=CARTESIAN_POINT('',(0.0399697124226,0.0363361995732,0.0256721712781));
#2058=CARTESIAN_POINT('',(0.0392985629100005,0.0361036023807966,0.0257270126248571));
#2059=CARTESIAN_POINT('',(0.0392425363770106,0.0364443633349845,0.0260262007171002));
#2060=CARTESIAN_POINT('',(0.0393952295747709,0.0367537887772874,0.0257284583320285));
#2061=CARTESIAN_POINT('',(0.0392425806773293,0.0364446610086894,0.0254293521423756));
#2062=CARTESIAN_POINT('',(0.0392985629100005,0.0361036023807966,0.0257270126248571));
#2063=CARTESIAN_POINT('',(0.0392425363770106,0.0364443633349845,0.0260262007171002));
#2064=CARTESIAN_POINT('',(0.0393952295747709,0.0367537887772874,0.0257284583320285));
#2065=CARTESIAN_POINT('',(0.0392773229988023,0.0364391407496702,0.0259267123042147));
#2066=CARTESIAN_POINT('',(0.0405,0.0358792585646931,0.0256721712781));
#2067=CARTESIAN_POINT('',(0.0405,0.0358792585646931,0.0233721712781));
#2068=CARTESIAN_POINT('',(0.0399697124226,0.0363361995732,0.0233721712781));
#2069=CARTESIAN_POINT('',(0.0405,0.0367931405817069,0.0233721712781));
#2070=CARTESIAN_POINT('',(0.0405,0.0367931405817069,0.0256721712781));
#2071=CARTESIAN_POINT('',(0.0275579477167172,0.0402927105663236,0.0266721712781));
#2072=CARTESIAN_POINT('',(0.0275579477167172,0.0402927105663236,0.0233721712781));
#2073=CARTESIAN_POINT('',(0.0359697124226,0.0363361995732,0.0256721712781));
#2074=CARTESIAN_POINT('',(0.0359697124226,0.0363361995732,0.0244721712781));
#2075=CARTESIAN_POINT('',(0.0352697124226,0.0363361995732,0.0244721712781));
#2076=CARTESIAN_POINT('',(0.0359697124226,0.0363361995732,0.0233721712781));
#2077=CARTESIAN_POINT('',(0.0352697124226,0.0363361995732,0.0233721712781));
#2078=CARTESIAN_POINT('',(0.0379697124226,0.0363361995732,0.0256721712781));
#2079=CARTESIAN_POINT('',(0.0386215612303984,0.0366545659169913,0.0263022361875256));
#2080=CARTESIAN_POINT('',(0.038693659257405,0.0363351648272477,0.0263072173160746));
#2081=CARTESIAN_POINT('',(0.0386220762755817,0.0360219722132179,0.026307974948388));
#2082=CARTESIAN_POINT('',(0.0384185769471657,0.035768093904685,0.0262867143681916));
#2083=CARTESIAN_POINT('',(0.0381500390070799,0.0356467489869668,0.0261336984243599));
#2084=CARTESIAN_POINT('',(0.0380005549826557,0.0356374875103082,0.0258376356139437));
#2085=CARTESIAN_POINT('',(0.0380302610970391,0.0356363228391158,0.0255113499050115));
#2086=CARTESIAN_POINT('',(0.038233494118788,0.0356688663388533,0.0252516418468783));
#2087=CARTESIAN_POINT('',(0.0384999902781787,0.035841365030949,0.0251533857756245));
#2088=CARTESIAN_POINT('',(0.0386618011437605,0.036124167991212,0.0251483093100414));
#2089=CARTESIAN_POINT('',(0.0386856419652752,0.036444944223792,0.0251475854663593));
#2090=CARTESIAN_POINT('',(0.0385657490500642,0.0367474413189101,0.0251682487735015));
#2091=CARTESIAN_POINT('',(0.0383434075672857,0.0369431898839746,0.0253209885866019));
#2092=CARTESIAN_POINT('',(0.038202531764826,0.0369956696458233,0.0256171853244686));
#2093=CARTESIAN_POINT('',(0.038231107058236,0.0369883142110403,0.0259443266667051));
#2094=CARTESIAN_POINT('',(0.0384169763448093,0.0368973819854657,0.0262045959566201));
#2095=CARTESIAN_POINT('',(0.0386215612303984,0.0366545659169913,0.0263022361875256));
#2096=CARTESIAN_POINT('',(0.038693659257405,0.0363351648272477,0.0263072173160746));
#2097=CARTESIAN_POINT('',(0.0386220762755817,0.0360219722132179,0.026307974948388));
#2098=CARTESIAN_POINT('',(0.0386697124226,0.0363361995732,0.0263065134000353));
#2099=CARTESIAN_POINT('',(0.0375831466034353,0.0369197806450774,0.0256721712781));
#2100=CARTESIAN_POINT('',(0.0375831466034353,0.0369197806450774,0.0244721712781));
#2101=CARTESIAN_POINT('',(0.0375831466034353,0.0369197806450774,0.0268721712781));
#2102=CARTESIAN_POINT('',(0.0379697124226,0.0363361995732,0.0244721712781));
#2103=CARTESIAN_POINT('',(0.0375781116556786,0.0357559850961774,0.0244721712781));
#2104=CARTESIAN_POINT('',(0.0375781116556786,0.0357559850961774,0.0256721712781));
#2105=CARTESIAN_POINT('',(0.0375781116556786,0.0357559850961774,0.0268721712781));
#2106=CARTESIAN_POINT('',(0.0379697124226,0.0363361995732,0.0268721712781));
#2107=CARTESIAN_POINT('',(0.0379697124226,0.0363361995732,0.0233721712781));
#2108=CARTESIAN_POINT('',(0.0372697124226,0.0363361995732,0.0233721712781));
#2109=CARTESIAN_POINT('',(0.0269697124226,0.0363361995732,0.0256721712781));
#2110=CARTESIAN_POINT('',(0.0269697124226,0.0363361995732,0.0233721712781));
#2111=CARTESIAN_POINT('',(0.0251594690674622,0.0346119551023725,0.0233721712781));
#2112=CARTESIAN_POINT('',(0.025602662193706,0.0342430742373252,0.0233721712781));
#2113=CARTESIAN_POINT('',(0.0256026621937059,0.0342430742373253,0.0256721712781));
#2114=CARTESIAN_POINT('',(0.0256026621937059,0.0342430742373253,0.0266721712781));
#2115=CARTESIAN_POINT('',(0.0269697124226,0.0363361995732,0.0266721712781));
#2116=CARTESIAN_POINT('',(0.0251594690674622,0.0346119551023725,0.0266721712781));
#2117=CARTESIAN_POINT('',(0.0251594690674622,0.0346119551023725,0.0256721712781));
#2118=CARTESIAN_POINT('',(0.0339697124226,0.0363361995732,0.0256721712781));
#2119=CARTESIAN_POINT('',(0.0339697124226,0.0363361995732,0.0244721712781));
#2120=CARTESIAN_POINT('',(0.0332697124226,0.0363361995732,0.0244721712781));
#2121=CARTESIAN_POINT('',(0.0339697124226,0.0363361995732,0.0233721712781));
#2122=CARTESIAN_POINT('',(0.0332697124226,0.0363361995732,0.0233721712781));
#2123=CARTESIAN_POINT('',(0.0319697124226,0.0363361995732,0.0256721712781));
#2124=CARTESIAN_POINT('',(0.0323613131895214,0.0357559850961774,0.0256721712781));
#2125=CARTESIAN_POINT('',(0.0323613131895214,0.0357559850961774,0.0244721712781));
#2126=CARTESIAN_POINT('',(0.0323613131895214,0.0357559850961774,0.0268721712781));
#2127=CARTESIAN_POINT('',(0.0319697124226,0.0363361995732,0.0244721712781));
#2128=CARTESIAN_POINT('',(0.0323562782417646,0.0369197806450774,0.0244721712781));
#2129=CARTESIAN_POINT('',(0.0323562782417646,0.0369197806450774,0.0256721712781));
#2130=CARTESIAN_POINT('',(0.0323562782417646,0.0369197806450774,0.0268721712781));
#2131=CARTESIAN_POINT('',(0.0319697124226,0.0363361995732,0.0268721712781));
#2132=CARTESIAN_POINT('',(0.0319697124226,0.0363361995732,0.0274121712781));
#2133=CARTESIAN_POINT('',(0.0316981326886814,0.0369813696655979,0.0274121712781));
#2134=CARTESIAN_POINT('',(0.032212093512649,0.0356795022249591,0.0274121712781));
#2135=CARTESIAN_POINT('',(0.032212093512649,0.0356795022249591,0.0256721712781));
#2136=CARTESIAN_POINT('',(0.0316981326886814,0.0369813696655979,0.0256721712781));
#2137=CARTESIAN_POINT('',(0.0319697124226,0.0363361995732,0.0233721712781));
#2138=CARTESIAN_POINT('',(0.0312697124226,0.0363361995732,0.0233721712781));
#2139=CARTESIAN_POINT('',(0.0294697124226,0.0363361995732,0.0266721712781));
#2140=CARTESIAN_POINT('',(0.0253818261750239,0.0357284317254012,0.0266721712781));
#2141=CARTESIAN_POINT('',(0.0255394201352644,0.0346684444537784,0.0266721712781));
#2142=CARTESIAN_POINT('',(0.0296273063828406,0.0352762123015773,0.0266721712781));
#2143=CARTESIAN_POINT('',(0.0269697124226,0.0363361995732,0.0266721712781));
#2144=CARTESIAN_POINT('',(0.0259697124226,0.0363361995732,0.0266721712781));
#2145=CARTESIAN_POINT('',(0.0269697124226,0.0363361995732,0.0256721712781));
#2146=CARTESIAN_POINT('',(0.0269697124226,0.0363361995732,0.0276721712781));
#2147=CARTESIAN_POINT('',(0.0259697124226,0.0363361995732,0.0276721712781));
#2148=CARTESIAN_POINT('',(0.044188406284447,0.034852227540178,0.0276721712781));
#2149=CARTESIAN_POINT('',(0.0269697124226,0.0363361995732,0.0276721712781));
#2150=CARTESIAN_POINT('',(0.0349673815071583,0.0363486930727959,0.0271721712781));
#2151=CARTESIAN_POINT('',(0.0349673815071583,0.0363486930727959,0.0271721712781));
#2152=CARTESIAN_POINT('',(0.0350573815071583,0.0363486930727959,0.0271721712781));
#2153=CARTESIAN_POINT('',(0.0386728274633961,0.036336199597976,0.0271721712781));
#2154=CARTESIAN_POINT('',(0.0405,0.0362716428935528,0.0257626492530107));
#2155=CARTESIAN_POINT('',(0.0405,0.034852227540178,0.0233721712781));
#2156=CARTESIAN_POINT('',(0.0405,0.0362716428935528,0.0257626492530107));
#2157=CARTESIAN_POINT('',(0.0405,0.034852227540178,0.0233721712781));
#2158=CARTESIAN_POINT('',(0.044188406284447,0.034852227540178,0.0233721712781));
#2159=CARTESIAN_POINT('',(0.0287033402721715,0.0310992070125134,0.0233721712781));
#2160=CARTESIAN_POINT('',(0.0241348587478863,0.0344596208222465,0.0233721712781));
#2161=CARTESIAN_POINT('',(0.0255394201352645,0.0346684444537784,0.0233721712781));
#2162=CARTESIAN_POINT('',(0.0255394201352645,0.0346684444537784,0.0233721712781));
#2163=CARTESIAN_POINT('',(0.0349697124226,0.0363491785223672,0.0244721712781));
#2164=CARTESIAN_POINT('',(0.0349697124226,0.0363491785223672,0.0268721712781));
#2165=CARTESIAN_POINT('',(0.0349697124226,0.0363491785223672,0.0244721712781));
#2166=CARTESIAN_POINT('',(0.0349697124226,0.0363491785223672,0.0244721712781));
#2167=CARTESIAN_POINT('',(0.0349697124226,0.0363491785223672,0.0244721712781));
#2168=CARTESIAN_POINT('',(0.0349697124226,0.0363491785223672,0.0268721712781));
#2169=CARTESIAN_POINT('',(0.0349697124226,0.0363491785223672,0.0244721712781));
#2170=CARTESIAN_POINT('',(0.0349697124226,0.0363491785223672,0.0268721712781));
#2171=CARTESIAN_POINT('',(0.0354622396939517,0.0144847237584217,0.0257277627399222));
#2172=CARTESIAN_POINT('',(0.0269697124226,0.0363361995732,0.0316721712781));
#2173=CARTESIAN_POINT('',(0.0269697124226,0.0363361995732,0.0324721712781));
#2174=CARTESIAN_POINT('',(0.0299575055420799,0.0366065554038904,0.0316721712781));
#2175=CARTESIAN_POINT('',(0.0299570702014368,0.0366112788866026,0.0305721712781));
#2176=CARTESIAN_POINT('',(0.029956588972687,0.0366165002591436,0.0316721712781));
#2177=CARTESIAN_POINT('',(0.0299563116357477,0.0366137216293773,0.0291721712781));
#2178=CARTESIAN_POINT('',(0.0299575055420799,0.0366065554038904,0.0316721712781));
#2179=CARTESIAN_POINT('',(0.0280645462812547,0.0355136548650879,0.0316721712781));
#2180=CARTESIAN_POINT('',(0.033796645883528,0.0202874676661969,0.0314721712781));
#2181=CARTESIAN_POINT('',(0.0300129098426704,0.0250516917773314,0.0315277627399223));
#2182=CARTESIAN_POINT('',(0.0303900548884555,0.0245768162836071,0.0315277627399223));
#2183=CARTESIAN_POINT('',(0.033796645883528,0.0202874676661969,0.0334721712781));
#2184=CARTESIAN_POINT('',(0.0314188212324751,0.0232814633921854,0.0334721712781));
#2185=CARTESIAN_POINT('',(0.033796645883528,0.0202874676661969,0.0274121712781));
#2186=CARTESIAN_POINT('',(0.033796645883528,0.0202874676661969,0.0291721712781));
#2187=CARTESIAN_POINT('',(0.033796645883528,0.0202874676661969,0.0274121712781));
#2188=CARTESIAN_POINT('',(0.0314188212324751,0.0232814633921854,0.0274121712781));
#2189=CARTESIAN_POINT('',(0.0314188212324751,0.0232814633921854,0.0314721712781));
#2190=CARTESIAN_POINT('',(0.0374555595521577,0.0223977550671983,0.0314721712781));
#2191=CARTESIAN_POINT('',(0.0355455221266267,0.0272358972343479,0.0315277627399223));
#2192=CARTESIAN_POINT('',(0.0353324719360034,0.0277755553044967,0.0315277627399223));
#2193=CARTESIAN_POINT('',(0.0376151284630356,0.021993565564959,0.0334721712781));
#2194=CARTESIAN_POINT('',(0.0360508920170276,0.0259557907065522,0.0334721712781));
#2195=CARTESIAN_POINT('',(0.0360508920170276,0.0259557907065522,0.0314721712781));
#2196=CARTESIAN_POINT('',(0.0360508920170276,0.0259557907065522,0.0274121712781));
#2197=CARTESIAN_POINT('',(0.0376151284630356,0.021993565564959,0.0274121712781));
#2198=CARTESIAN_POINT('',(0.0376151284630356,0.021993565564959,0.0274121712781));
#2199=CARTESIAN_POINT('',(0.0342939018744208,0.0206823872523423,0.0334721712781));
#2200=CARTESIAN_POINT('',(0.0294697124226,0.0320060725542778,0.0334721712781));
#2201=CARTESIAN_POINT('',(0.0291197124226,0.0326122903369269,0.0334721712781));
#2202=CARTESIAN_POINT('',(0.0314697124226,0.0285419709391401,0.0334721712781));
#2203=CARTESIAN_POINT('',(0.0311197124226,0.0291481887217892,0.0334721712781));
#2204=CARTESIAN_POINT('',(0.0324697124226,0.0268099201315711,0.0334721712781));
#2205=CARTESIAN_POINT('',(0.0321197124226,0.0274161379142203,0.0334721712781));
#2206=CARTESIAN_POINT('',(0.0304697124226,0.0302740217467089,0.0334721712781));
#2207=CARTESIAN_POINT('',(0.0301197124226,0.0308802395293581,0.0334721712781));
#2208=CARTESIAN_POINT('',(0.0309793666529113,0.0294162617247091,0.0334721712781));
#2209=CARTESIAN_POINT('',(0.0310243666529113,0.0293383194383685,0.0334721712781));
#2210=CARTESIAN_POINT('',(0.0269697124226,0.0363361995732,0.0334721712781));
#2211=CARTESIAN_POINT('',(0.0324496987321973,0.0238766407941516,0.0334721712781));
#2212=CARTESIAN_POINT('',(0.0333391336899022,0.0243901563064092,0.0334721712781));
#2213=CARTESIAN_POINT('',(0.0334697124226,0.0250778693240023,0.0334721712781));
#2214=CARTESIAN_POINT('',(0.0341305787326978,0.024847097314916,0.0334721712781));
#2215=CARTESIAN_POINT('',(0.0324496987321973,0.0238766407941516,0.0334721712781));
#2216=CARTESIAN_POINT('',(0.0314697124226,0.0285419709391401,0.0314721712781));
#2217=CARTESIAN_POINT('',(0.0314697124226,0.0285419709391401,0.0326721712781));
#2218=CARTESIAN_POINT('',(0.0311197124226,0.0291481887217892,0.0326721712781));
#2219=CARTESIAN_POINT('',(0.0304697124226,0.0302740217467089,0.0314721712781));
#2220=CARTESIAN_POINT('',(0.0304697124226,0.0302740217467089,0.0326721712781));
#2221=CARTESIAN_POINT('',(0.0301197124226,0.0308802395293581,0.0326721712781));
#2222=CARTESIAN_POINT('',(0.0334697124226,0.0250778693240023,0.0314721712781));
#2223=CARTESIAN_POINT('',(0.0329327025888298,0.0255428032554492,0.031527012624857));
#2224=CARTESIAN_POINT('',(0.0331997969652796,0.0257617041333985,0.0318262007171002));
#2225=CARTESIAN_POINT('',(0.0335441138577713,0.0257841806663044,0.0315284583320286));
#2226=CARTESIAN_POINT('',(0.0332000769084294,0.0257618146050496,0.0312293521423755));
#2227=CARTESIAN_POINT('',(0.0329327025888298,0.0255428032554492,0.031527012624857));
#2228=CARTESIAN_POINT('',(0.0331997969652796,0.0257617041333985,0.0318262007171002));
#2229=CARTESIAN_POINT('',(0.0335441138577713,0.0257841806663044,0.0315284583320286));
#2230=CARTESIAN_POINT('',(0.0332126673846199,0.0257289667425579,0.0317267123042147));
#2231=CARTESIAN_POINT('',(0.0333391336899022,0.0243901563064092,0.0314721712781));
#2232=CARTESIAN_POINT('',(0.0333391336899022,0.0243901563064092,0.0274121712781));
#2233=CARTESIAN_POINT('',(0.0334697124226,0.0250778693240023,0.0274121712781));
#2234=CARTESIAN_POINT('',(0.0341305787326978,0.024847097314916,0.0274121712781));
#2235=CARTESIAN_POINT('',(0.0341305787326978,0.024847097314916,0.0314721712781));
#2236=CARTESIAN_POINT('',(0.0314697124226,0.0285419709391401,0.0314721712781));
#2237=CARTESIAN_POINT('',(0.0314697124226,0.0285419709391401,0.0302721712781));
#2238=CARTESIAN_POINT('',(0.0311197124226,0.0291481887217892,0.0302721712781));
#2239=CARTESIAN_POINT('',(0.0314697124226,0.0285419709391401,0.0274121712781));
#2240=CARTESIAN_POINT('',(0.0311197124226,0.0291481887217892,0.0274121712781));
#2241=CARTESIAN_POINT('',(0.0324697124226,0.0268099201315711,0.0314721712781));
#2242=CARTESIAN_POINT('',(0.0330713501679324,0.0264045856764868,0.0321022361875256));
#2243=CARTESIAN_POINT('',(0.0328307897237213,0.0261824464086646,0.0321072173160746));
#2244=CARTESIAN_POINT('',(0.0325237654727823,0.0260878427823872,0.032107974948388));
#2245=CARTESIAN_POINT('',(0.0322021507439149,0.0261371392161821,0.0320867143681916));
#2246=CARTESIAN_POINT('',(0.0319627939925079,0.0263090274353173,0.0319336984243599));
#2247=CARTESIAN_POINT('',(0.0318800313062329,0.0264338536595993,0.0316376356139438));
#2248=CARTESIAN_POINT('',(0.031893875728585,0.0264075450742993,0.0313113499050116));
#2249=CARTESIAN_POINT('',(0.0320236757369601,0.0262478118644457,0.0310516418468784));
#2250=CARTESIAN_POINT('',(0.0323063120661299,0.0261032687664502,0.0309533857756245));
#2251=CARTESIAN_POINT('',(0.0326321320467741,0.0261045379263795,0.0309483093100414));
#2252=CARTESIAN_POINT('',(0.0329218528238759,0.0262442792855907,0.0309475854663592));
#2253=CARTESIAN_POINT('',(0.0331238765352137,0.0264993581434562,0.0309682487735015));
#2254=CARTESIAN_POINT('',(0.0331822290239246,0.0267897857983898,0.0311209885866018));
#2255=CARTESIAN_POINT('',(0.0331572399296404,0.0269380277030227,0.0314171853244686));
#2256=CARTESIAN_POINT('',(0.0331651575829674,0.0269096030556176,0.0317443266667051));
#2257=CARTESIAN_POINT('',(0.0331793426088837,0.0267031694188745,0.0320045959566201));
#2258=CARTESIAN_POINT('',(0.0330713501679324,0.0264045856764868,0.0321022361875256));
#2259=CARTESIAN_POINT('',(0.0328307897237213,0.0261824464086646,0.0321072173160746));
#2260=CARTESIAN_POINT('',(0.0325237654727823,0.0260878427823872,0.032107974948388));
#2261=CARTESIAN_POINT('',(0.0328197124226,0.026203702348922,0.0321065134000353));
#2262=CARTESIAN_POINT('',(0.0327818255464312,0.0274364864871412,0.0314721712781));
#2263=CARTESIAN_POINT('',(0.0327818255464312,0.0274364864871412,0.0302721712781));
#2264=CARTESIAN_POINT('',(0.0327818255464312,0.0274364864871412,0.0326721712781));
#2265=CARTESIAN_POINT('',(0.0324697124226,0.0268099201315711,0.0302721712781));
#2266=CARTESIAN_POINT('',(0.0317714315623943,0.0268589491053553,0.0302721712781));
#2267=CARTESIAN_POINT('',(0.0317714315623943,0.0268589491053553,0.0314721712781));
#2268=CARTESIAN_POINT('',(0.0317714315623943,0.0268589491053553,0.0326721712781));
#2269=CARTESIAN_POINT('',(0.0324697124226,0.0268099201315711,0.0326721712781));
#2270=CARTESIAN_POINT('',(0.0324697124226,0.0268099201315711,0.0274121712781));
#2271=CARTESIAN_POINT('',(0.0321197124226,0.0274161379142203,0.0274121712781));
#2272=CARTESIAN_POINT('',(0.0304697124226,0.0302740217467089,0.0314721712781));
#2273=CARTESIAN_POINT('',(0.0304697124226,0.0302740217467089,0.0302721712781));
#2274=CARTESIAN_POINT('',(0.0301197124226,0.0308802395293581,0.0302721712781));
#2275=CARTESIAN_POINT('',(0.0304697124226,0.0302740217467089,0.0274121712781));
#2276=CARTESIAN_POINT('',(0.0301197124226,0.0308802395293581,0.0274121712781));
#2277=CARTESIAN_POINT('',(0.0294697124226,0.0320060725542778,0.0314721712781));
#2278=CARTESIAN_POINT('',(0.0294697124226,0.0320060725542778,0.0274121712781));
#2279=CARTESIAN_POINT('',(0.0294697124226,0.0320060725542778,0.0306621712781));
#2280=CARTESIAN_POINT('',(0.0291630323293156,0.0313768291034712,0.0314721712781));
#2281=CARTESIAN_POINT('',(0.0291630323293156,0.0313768291034712,0.0302721712781));
#2282=CARTESIAN_POINT('',(0.0291630323293156,0.0313768291034712,0.0326721712781));
#2283=CARTESIAN_POINT('',(0.0294697124226,0.0320060725542778,0.0302721712781));
#2284=CARTESIAN_POINT('',(0.0301683913655959,0.0319630872705852,0.0302721712781));
#2285=CARTESIAN_POINT('',(0.0301683913655959,0.0319630872705852,0.0314721712781));
#2286=CARTESIAN_POINT('',(0.0301683913655959,0.0319630872705852,0.0326721712781));
#2287=CARTESIAN_POINT('',(0.0294697124226,0.0320060725542778,0.0326721712781));
#2288=CARTESIAN_POINT('',(0.0309793666529113,0.0294162617247091,0.0329721712781));
#2289=CARTESIAN_POINT('',(0.0309793666529113,0.0294162617247091,0.0329721712781));
#2290=CARTESIAN_POINT('',(0.0310243666529113,0.0293383194383685,0.0329721712781));
#2291=CARTESIAN_POINT('',(0.0328212699644546,0.0262010046568469,0.0329721712781));
#2292=CARTESIAN_POINT('',(0.0336789484867416,0.024586348470839,0.0315626492530107));
#2293=CARTESIAN_POINT('',(0.0324496987321973,0.0238766407941516,0.0274121712781));
#2294=CARTESIAN_POINT('',(0.0336789484867416,0.024586348470839,0.0315626492530107));
#2295=CARTESIAN_POINT('',(0.0324496987321973,0.0238766407941516,0.0274121712781));
#2296=CARTESIAN_POINT('',(0.0309809525222932,0.0294144858175081,0.0302721712781));
#2297=CARTESIAN_POINT('',(0.0309809525222932,0.0294144858175081,0.0326721712781));
#2298=CARTESIAN_POINT('',(0.0309809525222932,0.0294144858175081,0.0302721712781));
#2299=CARTESIAN_POINT('',(0.0309809525222932,0.0294144858175081,0.0302721712781));
#2300=CARTESIAN_POINT('',(0.0309809525222932,0.0294144858175081,0.0302721712781));
#2301=CARTESIAN_POINT('',(0.0309809525222932,0.0294144858175081,0.0326721712781));
#2302=CARTESIAN_POINT('',(0.0309809525222932,0.0294144858175081,0.0302721712781));
#2303=CARTESIAN_POINT('',(0.0309809525222932,0.0294144858175081,0.0326721712781));
#2304=CARTESIAN_POINT('',(0.0122920428924966,0.0180557173064882,0.0315277627399223));
#2305=CARTESIAN_POINT('',(0.0269697124226,0.0363361995732,0.0324721712781));
#2306=CARTESIAN_POINT('',(0.0269697124226,0.0363361995732,0.0324721712781));
#2307=CARTESIAN_POINT('',(0.0289697124226,0.0328720979580623,0.0324721712781));
#2308=CARTESIAN_POINT('',(0.0340289738583587,0.036336199597976,0.0306621712781));
#2309=CARTESIAN_POINT('',(0.0340289738583587,0.036336199597976,0.0306621712781));
#2310=CARTESIAN_POINT('',(0.0287033402721715,0.0310992070125134,0.0262721712781));
#2311=CARTESIAN_POINT('',(0.0287033402721715,0.0310992070125134,0.0274121712781));
#2312=CARTESIAN_POINT('',(0.0263585982959727,0.0195026033529338,0.0291721712781));
#2313=CARTESIAN_POINT('',(0.0241348587478862,0.0344596208222466,0.0256721712781));
#2314=CARTESIAN_POINT('',(0.0255394201352644,0.0346684444537784,0.0256721712781));
#2315=CARTESIAN_POINT('',(0.0255394201352644,0.0346684444537784,0.0256721712781));
#2316=CARTESIAN_POINT('',(0.0342939018744208,0.0206823872523423,0.0274121712781));
#2317=CARTESIAN_POINT('',(0.0342939018744208,0.0206823872523423,0.0274121712781));
#2318=CARTESIAN_POINT('',(0.0342939018744208,0.0206823872523423,0.0274121712781));
#2319=MECHANICAL_DESIGN_GEOMETRIC_PRESENTATION_REPRESENTATION('',(#1361),
#2320);
#2320=(
GEOMETRIC_REPRESENTATION_CONTEXT(3)
GLOBAL_UNCERTAINTY_ASSIGNED_CONTEXT((#2321))
GLOBAL_UNIT_ASSIGNED_CONTEXT((#2324,#2323,#2322))
REPRESENTATION_CONTEXT('Final-1-arm-horn','TOP_LEVEL_ASSEMBLY_PART')
);
#2321=UNCERTAINTY_MEASURE_WITH_UNIT(LENGTH_MEASURE(4.58490031291409E-5),
#2324,'DISTANCE_ACCURACY_VALUE','Maximum Tolerance applied to model');
#2322=(
NAMED_UNIT(*)
SI_UNIT($,.STERADIAN.)
SOLID_ANGLE_UNIT()
);
#2323=(
NAMED_UNIT(*)
PLANE_ANGLE_UNIT()
SI_UNIT($,.RADIAN.)
);
#2324=(
LENGTH_UNIT()
NAMED_UNIT(*)
SI_UNIT($,.METRE.)
);
#2325=PRODUCT_DEFINITION_SHAPE('','',#2326);
#2326=PRODUCT_DEFINITION('','',#2328,#2327);
#2327=PRODUCT_DEFINITION_CONTEXT('',#2334,'design');
#2328=PRODUCT_DEFINITION_FORMATION_WITH_SPECIFIED_SOURCE('','',#2330,
 .NOT_KNOWN.);
#2329=PRODUCT_RELATED_PRODUCT_CATEGORY('','',(#2330));
#2330=PRODUCT('Final-1-arm-horn','Final-1-arm-horn','Final-1-arm-horn',
(#2332));
#2331=PRODUCT_CATEGORY('','');
#2332=PRODUCT_CONTEXT('',#2334,'mechanical');
#2333=APPLICATION_PROTOCOL_DEFINITION('international standard',
'ap242_managed_model_based_3d_engineering',2020,#2334);
#2334=APPLICATION_CONTEXT('managed model based 3d engineering');
ENDSEC;
END-ISO-10303-21;
