ISO-10303-21;
HEADER;
/* Generated by software containing ST-Developer
 * from STEP Tools, Inc. (www.steptools.com) 
 */
/* OPTION: using custom renumber hook */

FILE_DESCRIPTION(
/* description */ ('STEP AP242 Edition 2',
'CAx-IF Rec.Pracs.---Representation and Presentation of Product Manufa
cturing Information (PMI)---4.0---2014-10-13',
'CAx-IF Rec.Pracs.---3D Tessellated Geometry---0.4---2014-09-14','2;1',
'CAx-IF Rec.Pracs.---User Defined Attributes---1.5---2016-08-15'),
/* implementation_level */ '2;1');

FILE_NAME(
/* name */ 'Part Studio 1 - clock holder',
/* time_stamp */ '2026-09-16T23:08:17Z',
/* author */ (''),
/* organization */ (''),
/* preprocessor_version */ 'ST-DEVELOPER v20',
/* originating_system */ 'ONSHAPE BY PTC INC, 1.220',
/* authorisation */ '  ');

FILE_SCHEMA (('AP242_MANAGED_MODEL_BASED_3D_ENGINEERING_MIM_LF { 1 0 10303 442 3 1 4 }'));
ENDSEC;

DATA;
#10=SHAPE_REPRESENTATION_RELATIONSHIP('','',#3093,#11);
#11=ADVANCED_BREP_SHAPE_REPRESENTATION('',(#3091),#5012);
#12=TOROIDAL_SURFACE('',#3293,0.00635,0.00127);
#13=TOROIDAL_SURFACE('',#3296,0.0127,0.0015875);
#14=ELLIPSE('',#3258,0.00179605122421383,0.00127);
#15=ELLIPSE('',#3260,0.00179605122421383,0.00127);
#16=ELLIPSE('',#3263,0.00179605122421383,0.00127);
#17=ELLIPSE('',#3265,0.00179605122421383,0.00127);
#18=ELLIPSE('',#3268,0.00179605122421383,0.00127);
#19=ELLIPSE('',#3270,0.00179605122421383,0.00127);
#20=ELLIPSE('',#3273,0.00179605122421383,0.00127);
#21=ELLIPSE('',#3275,0.00179605122421383,0.00127);
#22=ELLIPSE('',#3278,0.00179605122421383,0.00127);
#23=ELLIPSE('',#3280,0.00179605122421383,0.00127);
#24=ELLIPSE('',#3283,0.00179605122421383,0.00127);
#25=ELLIPSE('',#3285,0.00179605122421383,0.00127);
#26=ELLIPSE('',#3288,0.00179605122421383,0.00127);
#27=ELLIPSE('',#3290,0.00179605122421383,0.00127);
#28=B_SPLINE_CURVE_WITH_KNOTS('',3,(#4519,#4520,#4521,#4522,#4523,#4524),
 .UNSPECIFIED.,.F.,.F.,(4,1,1,4),(0.,0.00157055405593288,0.00235583108389932,
0.00314110811186576),.UNSPECIFIED.);
#29=CYLINDRICAL_SURFACE('',#3136,0.00762);
#30=CYLINDRICAL_SURFACE('',#3145,0.00762);
#31=CYLINDRICAL_SURFACE('',#3187,0.00762);
#32=CYLINDRICAL_SURFACE('',#3191,0.00762);
#33=CYLINDRICAL_SURFACE('',#3217,0.00127);
#34=CYLINDRICAL_SURFACE('',#3218,0.00127);
#35=CYLINDRICAL_SURFACE('',#3219,0.00127);
#36=CYLINDRICAL_SURFACE('',#3220,0.00127);
#37=CYLINDRICAL_SURFACE('',#3256,0.00127);
#38=CYLINDRICAL_SURFACE('',#3257,0.00127);
#39=CYLINDRICAL_SURFACE('',#3259,0.00127);
#40=CYLINDRICAL_SURFACE('',#3261,0.00127);
#41=CYLINDRICAL_SURFACE('',#3262,0.00127);
#42=CYLINDRICAL_SURFACE('',#3264,0.00127);
#43=CYLINDRICAL_SURFACE('',#3266,0.00127);
#44=CYLINDRICAL_SURFACE('',#3267,0.00127);
#45=CYLINDRICAL_SURFACE('',#3269,0.00127);
#46=CYLINDRICAL_SURFACE('',#3271,0.00127);
#47=CYLINDRICAL_SURFACE('',#3272,0.00127);
#48=CYLINDRICAL_SURFACE('',#3274,0.00127);
#49=CYLINDRICAL_SURFACE('',#3276,0.00127);
#50=CYLINDRICAL_SURFACE('',#3277,0.00127);
#51=CYLINDRICAL_SURFACE('',#3279,0.00127);
#52=CYLINDRICAL_SURFACE('',#3281,0.00127);
#53=CYLINDRICAL_SURFACE('',#3282,0.00127);
#54=CYLINDRICAL_SURFACE('',#3284,0.00127);
#55=CYLINDRICAL_SURFACE('',#3286,0.00127);
#56=CYLINDRICAL_SURFACE('',#3287,0.00127);
#57=CYLINDRICAL_SURFACE('',#3289,0.00127);
#58=CYLINDRICAL_SURFACE('',#3291,0.00127);
#59=CYLINDRICAL_SURFACE('',#3292,0.00127);
#60=CYLINDRICAL_SURFACE('',#3295,0.00127);
#61=CYLINDRICAL_SURFACE('',#3297,0.00381);
#62=CYLINDRICAL_SURFACE('',#3301,0.00381);
#63=CYLINDRICAL_SURFACE('',#3305,0.003175);
#64=CYLINDRICAL_SURFACE('',#3306,0.00254);
#65=CYLINDRICAL_SURFACE('',#3309,0.00254);
#66=CYLINDRICAL_SURFACE('',#3312,0.0014499971);
#67=CYLINDRICAL_SURFACE('',#3315,0.0014499971);
#68=CIRCLE('',#3096,0.00254);
#69=CIRCLE('',#3097,0.00254);
#70=CIRCLE('',#3099,0.00381);
#71=CIRCLE('',#3100,0.00762);
#72=CIRCLE('',#3101,0.00762);
#73=CIRCLE('',#3102,0.00381);
#74=CIRCLE('',#3107,0.003175);
#75=CIRCLE('',#3108,0.00381);
#76=CIRCLE('',#3109,0.00762);
#77=CIRCLE('',#3110,0.00762);
#78=CIRCLE('',#3111,0.00381);
#79=CIRCLE('',#3112,0.00127);
#80=CIRCLE('',#3113,0.00127);
#81=CIRCLE('',#3114,0.00127);
#82=CIRCLE('',#3115,0.00127);
#83=CIRCLE('',#3116,0.00762);
#84=CIRCLE('',#3117,0.0015875);
#85=CIRCLE('',#3118,0.0015875);
#86=CIRCLE('',#3119,0.00127);
#87=CIRCLE('',#3120,0.00127);
#88=CIRCLE('',#3121,0.00127);
#89=CIRCLE('',#3122,0.00127);
#90=CIRCLE('',#3123,0.00127);
#91=CIRCLE('',#3124,0.00127);
#92=CIRCLE('',#3125,0.00127);
#93=CIRCLE('',#3126,0.00127);
#94=CIRCLE('',#3127,0.00127);
#95=CIRCLE('',#3128,0.00127);
#96=CIRCLE('',#3129,0.00127);
#97=CIRCLE('',#3130,0.00127);
#98=CIRCLE('',#3137,0.00762);
#99=CIRCLE('',#3138,0.00762);
#100=CIRCLE('',#3146,0.00762);
#101=CIRCLE('',#3154,0.00762);
#102=CIRCLE('',#3159,0.00762);
#103=CIRCLE('',#3166,0.00127);
#104=CIRCLE('',#3167,0.00127);
#105=CIRCLE('',#3170,0.00127);
#106=CIRCLE('',#3171,0.00127);
#107=CIRCLE('',#3174,0.00127);
#108=CIRCLE('',#3175,0.00127);
#109=CIRCLE('',#3178,0.00127);
#110=CIRCLE('',#3179,0.00127);
#111=CIRCLE('',#3182,0.003175);
#112=CIRCLE('',#3250,0.00635);
#113=CIRCLE('',#3251,0.00127);
#114=CIRCLE('',#3252,0.00127);
#115=CIRCLE('',#3255,0.00127);
#116=CIRCLE('',#3294,0.00127);
#117=CIRCLE('',#3298,0.00381);
#118=CIRCLE('',#3300,0.0014499971);
#119=CIRCLE('',#3302,0.00381);
#120=CIRCLE('',#3304,0.0014499971);
#121=CIRCLE('',#3307,0.00254);
#122=CIRCLE('',#3310,0.00254);
#123=CIRCLE('',#3313,0.0014499971);
#124=CIRCLE('',#3316,0.0014499971);
#125=ORIENTED_EDGE('',*,*,#991,.F.);
#126=ORIENTED_EDGE('',*,*,#992,.F.);
#127=ORIENTED_EDGE('',*,*,#993,.T.);
#128=ORIENTED_EDGE('',*,*,#994,.F.);
#129=ORIENTED_EDGE('',*,*,#995,.T.);
#130=ORIENTED_EDGE('',*,*,#996,.T.);
#131=ORIENTED_EDGE('',*,*,#997,.T.);
#132=ORIENTED_EDGE('',*,*,#998,.F.);
#133=ORIENTED_EDGE('',*,*,#999,.T.);
#134=ORIENTED_EDGE('',*,*,#1000,.T.);
#135=ORIENTED_EDGE('',*,*,#1001,.T.);
#136=ORIENTED_EDGE('',*,*,#1002,.T.);
#137=ORIENTED_EDGE('',*,*,#1003,.F.);
#138=ORIENTED_EDGE('',*,*,#1004,.T.);
#139=ORIENTED_EDGE('',*,*,#1005,.F.);
#140=ORIENTED_EDGE('',*,*,#1006,.T.);
#141=ORIENTED_EDGE('',*,*,#1007,.F.);
#142=ORIENTED_EDGE('',*,*,#1008,.F.);
#143=ORIENTED_EDGE('',*,*,#1009,.T.);
#144=ORIENTED_EDGE('',*,*,#1010,.T.);
#145=ORIENTED_EDGE('',*,*,#1011,.F.);
#146=ORIENTED_EDGE('',*,*,#1012,.F.);
#147=ORIENTED_EDGE('',*,*,#1013,.T.);
#148=ORIENTED_EDGE('',*,*,#1014,.T.);
#149=ORIENTED_EDGE('',*,*,#1015,.F.);
#150=ORIENTED_EDGE('',*,*,#1016,.F.);
#151=ORIENTED_EDGE('',*,*,#1017,.T.);
#152=ORIENTED_EDGE('',*,*,#1018,.T.);
#153=ORIENTED_EDGE('',*,*,#1019,.T.);
#154=ORIENTED_EDGE('',*,*,#1020,.F.);
#155=ORIENTED_EDGE('',*,*,#1021,.F.);
#156=ORIENTED_EDGE('',*,*,#1022,.T.);
#157=ORIENTED_EDGE('',*,*,#1023,.F.);
#158=ORIENTED_EDGE('',*,*,#1024,.T.);
#159=ORIENTED_EDGE('',*,*,#1025,.F.);
#160=ORIENTED_EDGE('',*,*,#1026,.T.);
#161=ORIENTED_EDGE('',*,*,#1027,.T.);
#162=ORIENTED_EDGE('',*,*,#1028,.F.);
#163=ORIENTED_EDGE('',*,*,#1029,.F.);
#164=ORIENTED_EDGE('',*,*,#1030,.F.);
#165=ORIENTED_EDGE('',*,*,#1031,.T.);
#166=ORIENTED_EDGE('',*,*,#1032,.F.);
#167=ORIENTED_EDGE('',*,*,#1033,.F.);
#168=ORIENTED_EDGE('',*,*,#1034,.T.);
#169=ORIENTED_EDGE('',*,*,#1035,.T.);
#170=ORIENTED_EDGE('',*,*,#1036,.F.);
#171=ORIENTED_EDGE('',*,*,#1037,.T.);
#172=ORIENTED_EDGE('',*,*,#1038,.F.);
#173=ORIENTED_EDGE('',*,*,#1039,.T.);
#174=ORIENTED_EDGE('',*,*,#1040,.T.);
#175=ORIENTED_EDGE('',*,*,#1041,.T.);
#176=ORIENTED_EDGE('',*,*,#1042,.F.);
#177=ORIENTED_EDGE('',*,*,#1043,.F.);
#178=ORIENTED_EDGE('',*,*,#1044,.T.);
#179=ORIENTED_EDGE('',*,*,#1045,.T.);
#180=ORIENTED_EDGE('',*,*,#1046,.F.);
#181=ORIENTED_EDGE('',*,*,#1047,.F.);
#182=ORIENTED_EDGE('',*,*,#1048,.F.);
#183=ORIENTED_EDGE('',*,*,#1049,.F.);
#184=ORIENTED_EDGE('',*,*,#1050,.T.);
#185=ORIENTED_EDGE('',*,*,#1051,.F.);
#186=ORIENTED_EDGE('',*,*,#1052,.T.);
#187=ORIENTED_EDGE('',*,*,#1005,.T.);
#188=ORIENTED_EDGE('',*,*,#1053,.T.);
#189=ORIENTED_EDGE('',*,*,#1007,.T.);
#190=ORIENTED_EDGE('',*,*,#1054,.T.);
#191=ORIENTED_EDGE('',*,*,#1055,.F.);
#192=ORIENTED_EDGE('',*,*,#1056,.F.);
#193=ORIENTED_EDGE('',*,*,#1037,.F.);
#194=ORIENTED_EDGE('',*,*,#1057,.T.);
#195=ORIENTED_EDGE('',*,*,#1058,.T.);
#196=ORIENTED_EDGE('',*,*,#1059,.F.);
#197=ORIENTED_EDGE('',*,*,#1060,.F.);
#198=ORIENTED_EDGE('',*,*,#1061,.F.);
#199=ORIENTED_EDGE('',*,*,#1051,.T.);
#200=ORIENTED_EDGE('',*,*,#1062,.F.);
#201=ORIENTED_EDGE('',*,*,#1063,.T.);
#202=ORIENTED_EDGE('',*,*,#1064,.F.);
#203=ORIENTED_EDGE('',*,*,#997,.F.);
#204=ORIENTED_EDGE('',*,*,#1065,.T.);
#205=ORIENTED_EDGE('',*,*,#1066,.F.);
#206=ORIENTED_EDGE('',*,*,#1067,.T.);
#207=ORIENTED_EDGE('',*,*,#1058,.F.);
#208=ORIENTED_EDGE('',*,*,#1068,.T.);
#209=ORIENTED_EDGE('',*,*,#1069,.F.);
#210=ORIENTED_EDGE('',*,*,#1070,.F.);
#211=ORIENTED_EDGE('',*,*,#1071,.F.);
#212=ORIENTED_EDGE('',*,*,#1072,.T.);
#213=ORIENTED_EDGE('',*,*,#1073,.T.);
#214=ORIENTED_EDGE('',*,*,#1074,.T.);
#215=ORIENTED_EDGE('',*,*,#1075,.T.);
#216=ORIENTED_EDGE('',*,*,#1076,.T.);
#217=ORIENTED_EDGE('',*,*,#1077,.T.);
#218=ORIENTED_EDGE('',*,*,#1078,.F.);
#219=ORIENTED_EDGE('',*,*,#1079,.F.);
#220=ORIENTED_EDGE('',*,*,#1080,.F.);
#221=ORIENTED_EDGE('',*,*,#1081,.T.);
#222=ORIENTED_EDGE('',*,*,#1082,.F.);
#223=ORIENTED_EDGE('',*,*,#1083,.T.);
#224=ORIENTED_EDGE('',*,*,#1084,.T.);
#225=ORIENTED_EDGE('',*,*,#1085,.F.);
#226=ORIENTED_EDGE('',*,*,#1086,.F.);
#227=ORIENTED_EDGE('',*,*,#1087,.F.);
#228=ORIENTED_EDGE('',*,*,#1088,.T.);
#229=ORIENTED_EDGE('',*,*,#1089,.T.);
#230=ORIENTED_EDGE('',*,*,#1090,.T.);
#231=ORIENTED_EDGE('',*,*,#1091,.T.);
#232=ORIENTED_EDGE('',*,*,#1092,.T.);
#233=ORIENTED_EDGE('',*,*,#1093,.F.);
#234=ORIENTED_EDGE('',*,*,#1094,.F.);
#235=ORIENTED_EDGE('',*,*,#1095,.F.);
#236=ORIENTED_EDGE('',*,*,#1096,.T.);
#237=ORIENTED_EDGE('',*,*,#1055,.T.);
#238=ORIENTED_EDGE('',*,*,#1097,.F.);
#239=ORIENTED_EDGE('',*,*,#1098,.F.);
#240=ORIENTED_EDGE('',*,*,#1099,.F.);
#241=ORIENTED_EDGE('',*,*,#1100,.T.);
#242=ORIENTED_EDGE('',*,*,#1101,.T.);
#243=ORIENTED_EDGE('',*,*,#1102,.T.);
#244=ORIENTED_EDGE('',*,*,#1103,.T.);
#245=ORIENTED_EDGE('',*,*,#1104,.T.);
#246=ORIENTED_EDGE('',*,*,#1105,.F.);
#247=ORIENTED_EDGE('',*,*,#1106,.F.);
#248=ORIENTED_EDGE('',*,*,#1107,.T.);
#249=ORIENTED_EDGE('',*,*,#1108,.T.);
#250=ORIENTED_EDGE('',*,*,#1109,.F.);
#251=ORIENTED_EDGE('',*,*,#1110,.F.);
#252=ORIENTED_EDGE('',*,*,#1111,.F.);
#253=ORIENTED_EDGE('',*,*,#1112,.T.);
#254=ORIENTED_EDGE('',*,*,#1113,.T.);
#255=ORIENTED_EDGE('',*,*,#1114,.T.);
#256=ORIENTED_EDGE('',*,*,#1115,.F.);
#257=ORIENTED_EDGE('',*,*,#1116,.T.);
#258=ORIENTED_EDGE('',*,*,#1117,.T.);
#259=ORIENTED_EDGE('',*,*,#1118,.T.);
#260=ORIENTED_EDGE('',*,*,#1119,.T.);
#261=ORIENTED_EDGE('',*,*,#1120,.T.);
#262=ORIENTED_EDGE('',*,*,#1121,.F.);
#263=ORIENTED_EDGE('',*,*,#1122,.F.);
#264=ORIENTED_EDGE('',*,*,#1123,.F.);
#265=ORIENTED_EDGE('',*,*,#1124,.T.);
#266=ORIENTED_EDGE('',*,*,#1125,.T.);
#267=ORIENTED_EDGE('',*,*,#1126,.T.);
#268=ORIENTED_EDGE('',*,*,#1127,.T.);
#269=ORIENTED_EDGE('',*,*,#1128,.T.);
#270=ORIENTED_EDGE('',*,*,#1129,.F.);
#271=ORIENTED_EDGE('',*,*,#1130,.F.);
#272=ORIENTED_EDGE('',*,*,#1131,.F.);
#273=ORIENTED_EDGE('',*,*,#1132,.T.);
#274=ORIENTED_EDGE('',*,*,#1133,.T.);
#275=ORIENTED_EDGE('',*,*,#1134,.T.);
#276=ORIENTED_EDGE('',*,*,#1135,.T.);
#277=ORIENTED_EDGE('',*,*,#1136,.T.);
#278=ORIENTED_EDGE('',*,*,#1137,.F.);
#279=ORIENTED_EDGE('',*,*,#1138,.F.);
#280=ORIENTED_EDGE('',*,*,#1139,.T.);
#281=ORIENTED_EDGE('',*,*,#1140,.T.);
#282=ORIENTED_EDGE('',*,*,#1141,.F.);
#283=ORIENTED_EDGE('',*,*,#1142,.F.);
#284=ORIENTED_EDGE('',*,*,#1143,.F.);
#285=ORIENTED_EDGE('',*,*,#1144,.T.);
#286=ORIENTED_EDGE('',*,*,#1145,.T.);
#287=ORIENTED_EDGE('',*,*,#1146,.T.);
#288=ORIENTED_EDGE('',*,*,#1147,.F.);
#289=ORIENTED_EDGE('',*,*,#1111,.T.);
#290=ORIENTED_EDGE('',*,*,#1148,.F.);
#291=ORIENTED_EDGE('',*,*,#1149,.F.);
#292=ORIENTED_EDGE('',*,*,#1150,.T.);
#293=ORIENTED_EDGE('',*,*,#1105,.T.);
#294=ORIENTED_EDGE('',*,*,#1151,.T.);
#295=ORIENTED_EDGE('',*,*,#1152,.T.);
#296=ORIENTED_EDGE('',*,*,#1153,.F.);
#297=ORIENTED_EDGE('',*,*,#1154,.T.);
#298=ORIENTED_EDGE('',*,*,#1155,.T.);
#299=ORIENTED_EDGE('',*,*,#1099,.T.);
#300=ORIENTED_EDGE('',*,*,#1156,.F.);
#301=ORIENTED_EDGE('',*,*,#1157,.F.);
#302=ORIENTED_EDGE('',*,*,#1158,.T.);
#303=ORIENTED_EDGE('',*,*,#1109,.T.);
#304=ORIENTED_EDGE('',*,*,#1159,.T.);
#305=ORIENTED_EDGE('',*,*,#1160,.T.);
#306=ORIENTED_EDGE('',*,*,#1103,.F.);
#307=ORIENTED_EDGE('',*,*,#1161,.F.);
#308=ORIENTED_EDGE('',*,*,#1162,.T.);
#309=ORIENTED_EDGE('',*,*,#1163,.T.);
#310=ORIENTED_EDGE('',*,*,#1113,.F.);
#311=ORIENTED_EDGE('',*,*,#1164,.T.);
#312=ORIENTED_EDGE('',*,*,#1165,.T.);
#313=ORIENTED_EDGE('',*,*,#1166,.T.);
#314=ORIENTED_EDGE('',*,*,#1107,.F.);
#315=ORIENTED_EDGE('',*,*,#1167,.F.);
#316=ORIENTED_EDGE('',*,*,#1168,.T.);
#317=ORIENTED_EDGE('',*,*,#1169,.T.);
#318=ORIENTED_EDGE('',*,*,#1101,.F.);
#319=ORIENTED_EDGE('',*,*,#1170,.T.);
#320=ORIENTED_EDGE('',*,*,#1171,.T.);
#321=ORIENTED_EDGE('',*,*,#1172,.T.);
#322=ORIENTED_EDGE('',*,*,#1115,.T.);
#323=ORIENTED_EDGE('',*,*,#1173,.F.);
#324=ORIENTED_EDGE('',*,*,#1174,.F.);
#325=ORIENTED_EDGE('',*,*,#1175,.T.);
#326=ORIENTED_EDGE('',*,*,#1129,.T.);
#327=ORIENTED_EDGE('',*,*,#1176,.T.);
#328=ORIENTED_EDGE('',*,*,#1177,.T.);
#329=ORIENTED_EDGE('',*,*,#1178,.T.);
#330=ORIENTED_EDGE('',*,*,#1179,.F.);
#331=ORIENTED_EDGE('',*,*,#1025,.T.);
#332=ORIENTED_EDGE('',*,*,#1180,.T.);
#333=ORIENTED_EDGE('',*,*,#1181,.F.);
#334=ORIENTED_EDGE('',*,*,#1179,.T.);
#335=ORIENTED_EDGE('',*,*,#1182,.T.);
#336=ORIENTED_EDGE('',*,*,#1183,.F.);
#337=ORIENTED_EDGE('',*,*,#1070,.T.);
#338=ORIENTED_EDGE('',*,*,#1184,.F.);
#339=ORIENTED_EDGE('',*,*,#1034,.F.);
#340=ORIENTED_EDGE('',*,*,#1185,.F.);
#341=ORIENTED_EDGE('',*,*,#1186,.F.);
#342=ORIENTED_EDGE('',*,*,#1187,.T.);
#343=ORIENTED_EDGE('',*,*,#1026,.F.);
#344=ORIENTED_EDGE('',*,*,#1137,.T.);
#345=ORIENTED_EDGE('',*,*,#1188,.T.);
#346=ORIENTED_EDGE('',*,*,#1189,.F.);
#347=ORIENTED_EDGE('',*,*,#1190,.T.);
#348=ORIENTED_EDGE('',*,*,#1177,.F.);
#349=ORIENTED_EDGE('',*,*,#1191,.F.);
#350=ORIENTED_EDGE('',*,*,#1192,.T.);
#351=ORIENTED_EDGE('',*,*,#1193,.T.);
#352=ORIENTED_EDGE('',*,*,#1194,.T.);
#353=ORIENTED_EDGE('',*,*,#1131,.T.);
#354=ORIENTED_EDGE('',*,*,#1195,.F.);
#355=ORIENTED_EDGE('',*,*,#1196,.F.);
#356=ORIENTED_EDGE('',*,*,#1197,.T.);
#357=ORIENTED_EDGE('',*,*,#1078,.T.);
#358=ORIENTED_EDGE('',*,*,#1198,.T.);
#359=ORIENTED_EDGE('',*,*,#1199,.T.);
#360=ORIENTED_EDGE('',*,*,#1200,.T.);
#361=ORIENTED_EDGE('',*,*,#1143,.T.);
#362=ORIENTED_EDGE('',*,*,#1201,.F.);
#363=ORIENTED_EDGE('',*,*,#1202,.F.);
#364=ORIENTED_EDGE('',*,*,#1203,.T.);
#365=ORIENTED_EDGE('',*,*,#1093,.T.);
#366=ORIENTED_EDGE('',*,*,#1204,.T.);
#367=ORIENTED_EDGE('',*,*,#1089,.F.);
#368=ORIENTED_EDGE('',*,*,#1205,.T.);
#369=ORIENTED_EDGE('',*,*,#1206,.F.);
#370=ORIENTED_EDGE('',*,*,#1207,.F.);
#371=ORIENTED_EDGE('',*,*,#1139,.F.);
#372=ORIENTED_EDGE('',*,*,#1208,.F.);
#373=ORIENTED_EDGE('',*,*,#1209,.T.);
#374=ORIENTED_EDGE('',*,*,#1210,.T.);
#375=ORIENTED_EDGE('',*,*,#1211,.F.);
#376=ORIENTED_EDGE('',*,*,#1212,.T.);
#377=ORIENTED_EDGE('',*,*,#1091,.F.);
#378=ORIENTED_EDGE('',*,*,#1213,.F.);
#379=ORIENTED_EDGE('',*,*,#1214,.T.);
#380=ORIENTED_EDGE('',*,*,#1215,.T.);
#381=ORIENTED_EDGE('',*,*,#1145,.F.);
#382=ORIENTED_EDGE('',*,*,#1216,.F.);
#383=ORIENTED_EDGE('',*,*,#1217,.F.);
#384=ORIENTED_EDGE('',*,*,#1218,.T.);
#385=ORIENTED_EDGE('',*,*,#1219,.F.);
#386=ORIENTED_EDGE('',*,*,#1017,.F.);
#387=ORIENTED_EDGE('',*,*,#1220,.T.);
#388=ORIENTED_EDGE('',*,*,#1095,.T.);
#389=ORIENTED_EDGE('',*,*,#1221,.F.);
#390=ORIENTED_EDGE('',*,*,#1222,.T.);
#391=ORIENTED_EDGE('',*,*,#1086,.T.);
#392=ORIENTED_EDGE('',*,*,#1223,.F.);
#393=ORIENTED_EDGE('',*,*,#1018,.F.);
#394=ORIENTED_EDGE('',*,*,#1219,.T.);
#395=ORIENTED_EDGE('',*,*,#1080,.T.);
#396=ORIENTED_EDGE('',*,*,#1224,.T.);
#397=ORIENTED_EDGE('',*,*,#1225,.F.);
#398=ORIENTED_EDGE('',*,*,#1180,.F.);
#399=ORIENTED_EDGE('',*,*,#1024,.F.);
#400=ORIENTED_EDGE('',*,*,#1226,.T.);
#401=ORIENTED_EDGE('',*,*,#1227,.F.);
#402=ORIENTED_EDGE('',*,*,#1022,.F.);
#403=ORIENTED_EDGE('',*,*,#1228,.T.);
#404=ORIENTED_EDGE('',*,*,#1082,.T.);
#405=ORIENTED_EDGE('',*,*,#1020,.T.);
#406=ORIENTED_EDGE('',*,*,#1229,.T.);
#407=ORIENTED_EDGE('',*,*,#1084,.F.);
#408=ORIENTED_EDGE('',*,*,#1230,.F.);
#409=ORIENTED_EDGE('',*,*,#1231,.F.);
#410=ORIENTED_EDGE('',*,*,#1232,.T.);
#411=ORIENTED_EDGE('',*,*,#1233,.F.);
#412=ORIENTED_EDGE('',*,*,#1040,.F.);
#413=ORIENTED_EDGE('',*,*,#1234,.F.);
#414=ORIENTED_EDGE('',*,*,#1235,.T.);
#415=ORIENTED_EDGE('',*,*,#1048,.T.);
#416=ORIENTED_EDGE('',*,*,#1236,.T.);
#417=ORIENTED_EDGE('',*,*,#1237,.T.);
#418=ORIENTED_EDGE('',*,*,#1238,.T.);
#419=ORIENTED_EDGE('',*,*,#1239,.F.);
#420=ORIENTED_EDGE('',*,*,#1240,.F.);
#421=ORIENTED_EDGE('',*,*,#999,.F.);
#422=ORIENTED_EDGE('',*,*,#1241,.T.);
#423=ORIENTED_EDGE('',*,*,#1242,.F.);
#424=ORIENTED_EDGE('',*,*,#1243,.F.);
#425=ORIENTED_EDGE('',*,*,#1244,.T.);
#426=ORIENTED_EDGE('',*,*,#1245,.T.);
#427=ORIENTED_EDGE('',*,*,#1237,.F.);
#428=ORIENTED_EDGE('',*,*,#1246,.T.);
#429=ORIENTED_EDGE('',*,*,#1062,.T.);
#430=ORIENTED_EDGE('',*,*,#1053,.F.);
#431=ORIENTED_EDGE('',*,*,#1050,.F.);
#432=ORIENTED_EDGE('',*,*,#1247,.F.);
#433=ORIENTED_EDGE('',*,*,#1248,.T.);
#434=ORIENTED_EDGE('',*,*,#1249,.F.);
#435=ORIENTED_EDGE('',*,*,#1010,.F.);
#436=ORIENTED_EDGE('',*,*,#1250,.F.);
#437=ORIENTED_EDGE('',*,*,#1251,.T.);
#438=ORIENTED_EDGE('',*,*,#1032,.T.);
#439=ORIENTED_EDGE('',*,*,#1252,.T.);
#440=ORIENTED_EDGE('',*,*,#1253,.F.);
#441=ORIENTED_EDGE('',*,*,#1254,.F.);
#442=ORIENTED_EDGE('',*,*,#1255,.T.);
#443=ORIENTED_EDGE('',*,*,#1256,.F.);
#444=ORIENTED_EDGE('',*,*,#995,.F.);
#445=ORIENTED_EDGE('',*,*,#1257,.T.);
#446=ORIENTED_EDGE('',*,*,#1258,.T.);
#447=ORIENTED_EDGE('',*,*,#1259,.F.);
#448=ORIENTED_EDGE('',*,*,#1260,.F.);
#449=ORIENTED_EDGE('',*,*,#1011,.T.);
#450=ORIENTED_EDGE('',*,*,#1249,.T.);
#451=ORIENTED_EDGE('',*,*,#1261,.F.);
#452=ORIENTED_EDGE('',*,*,#1262,.F.);
#453=ORIENTED_EDGE('',*,*,#1030,.T.);
#454=ORIENTED_EDGE('',*,*,#1263,.T.);
#455=ORIENTED_EDGE('',*,*,#1228,.F.);
#456=ORIENTED_EDGE('',*,*,#1021,.T.);
#457=ORIENTED_EDGE('',*,*,#1230,.T.);
#458=ORIENTED_EDGE('',*,*,#1083,.F.);
#459=ORIENTED_EDGE('',*,*,#1262,.T.);
#460=ORIENTED_EDGE('',*,*,#1264,.T.);
#461=ORIENTED_EDGE('',*,*,#1252,.F.);
#462=ORIENTED_EDGE('',*,*,#1031,.F.);
#463=ORIENTED_EDGE('',*,*,#1069,.T.);
#464=ORIENTED_EDGE('',*,*,#1265,.T.);
#465=ORIENTED_EDGE('',*,*,#1035,.F.);
#466=ORIENTED_EDGE('',*,*,#1184,.T.);
#467=ORIENTED_EDGE('',*,*,#1266,.F.);
#468=ORIENTED_EDGE('',*,*,#1267,.F.);
#469=ORIENTED_EDGE('',*,*,#1002,.F.);
#470=ORIENTED_EDGE('',*,*,#1268,.F.);
#471=ORIENTED_EDGE('',*,*,#1236,.F.);
#472=ORIENTED_EDGE('',*,*,#1047,.T.);
#473=ORIENTED_EDGE('',*,*,#1269,.T.);
#474=ORIENTED_EDGE('',*,*,#1270,.F.);
#475=ORIENTED_EDGE('',*,*,#1271,.F.);
#476=ORIENTED_EDGE('',*,*,#1272,.F.);
#477=ORIENTED_EDGE('',*,*,#1012,.T.);
#478=ORIENTED_EDGE('',*,*,#1260,.T.);
#479=ORIENTED_EDGE('',*,*,#1273,.T.);
#480=ORIENTED_EDGE('',*,*,#1274,.T.);
#481=ORIENTED_EDGE('',*,*,#1233,.T.);
#482=ORIENTED_EDGE('',*,*,#1275,.T.);
#483=ORIENTED_EDGE('',*,*,#992,.T.);
#484=ORIENTED_EDGE('',*,*,#1276,.T.);
#485=ORIENTED_EDGE('',*,*,#1277,.F.);
#486=ORIENTED_EDGE('',*,*,#1041,.F.);
#487=ORIENTED_EDGE('',*,*,#1278,.F.);
#488=ORIENTED_EDGE('',*,*,#1279,.F.);
#489=ORIENTED_EDGE('',*,*,#1042,.T.);
#490=ORIENTED_EDGE('',*,*,#1277,.T.);
#491=ORIENTED_EDGE('',*,*,#1280,.F.);
#492=ORIENTED_EDGE('',*,*,#1281,.F.);
#493=ORIENTED_EDGE('',*,*,#1282,.F.);
#494=ORIENTED_EDGE('',*,*,#1283,.F.);
#495=ORIENTED_EDGE('',*,*,#1043,.T.);
#496=ORIENTED_EDGE('',*,*,#1279,.T.);
#497=ORIENTED_EDGE('',*,*,#1284,.T.);
#498=ORIENTED_EDGE('',*,*,#1285,.F.);
#499=ORIENTED_EDGE('',*,*,#1044,.F.);
#500=ORIENTED_EDGE('',*,*,#1283,.T.);
#501=ORIENTED_EDGE('',*,*,#1286,.F.);
#502=ORIENTED_EDGE('',*,*,#1287,.F.);
#503=ORIENTED_EDGE('',*,*,#1288,.T.);
#504=ORIENTED_EDGE('',*,*,#1289,.F.);
#505=ORIENTED_EDGE('',*,*,#1045,.F.);
#506=ORIENTED_EDGE('',*,*,#1285,.T.);
#507=ORIENTED_EDGE('',*,*,#1290,.F.);
#508=ORIENTED_EDGE('',*,*,#1269,.F.);
#509=ORIENTED_EDGE('',*,*,#1046,.T.);
#510=ORIENTED_EDGE('',*,*,#1289,.T.);
#511=ORIENTED_EDGE('',*,*,#1291,.F.);
#512=ORIENTED_EDGE('',*,*,#991,.T.);
#513=ORIENTED_EDGE('',*,*,#1270,.T.);
#514=ORIENTED_EDGE('',*,*,#1290,.T.);
#515=ORIENTED_EDGE('',*,*,#1288,.F.);
#516=ORIENTED_EDGE('',*,*,#1284,.F.);
#517=ORIENTED_EDGE('',*,*,#1282,.T.);
#518=ORIENTED_EDGE('',*,*,#1278,.T.);
#519=ORIENTED_EDGE('',*,*,#1276,.F.);
#520=ORIENTED_EDGE('',*,*,#1272,.T.);
#521=ORIENTED_EDGE('',*,*,#1292,.T.);
#522=ORIENTED_EDGE('',*,*,#1293,.F.);
#523=ORIENTED_EDGE('',*,*,#1013,.F.);
#524=ORIENTED_EDGE('',*,*,#1294,.T.);
#525=ORIENTED_EDGE('',*,*,#1295,.T.);
#526=ORIENTED_EDGE('',*,*,#1014,.F.);
#527=ORIENTED_EDGE('',*,*,#1293,.T.);
#528=ORIENTED_EDGE('',*,*,#1296,.F.);
#529=ORIENTED_EDGE('',*,*,#1297,.T.);
#530=ORIENTED_EDGE('',*,*,#1298,.T.);
#531=ORIENTED_EDGE('',*,*,#1008,.T.);
#532=ORIENTED_EDGE('',*,*,#1056,.T.);
#533=ORIENTED_EDGE('',*,*,#1096,.F.);
#534=ORIENTED_EDGE('',*,*,#1220,.F.);
#535=ORIENTED_EDGE('',*,*,#1016,.T.);
#536=ORIENTED_EDGE('',*,*,#1299,.F.);
#537=ORIENTED_EDGE('',*,*,#1300,.F.);
#538=ORIENTED_EDGE('',*,*,#1301,.T.);
#539=ORIENTED_EDGE('',*,*,#1038,.T.);
#540=ORIENTED_EDGE('',*,*,#1059,.T.);
#541=ORIENTED_EDGE('',*,*,#1067,.F.);
#542=ORIENTED_EDGE('',*,*,#1302,.F.);
#543=ORIENTED_EDGE('',*,*,#1254,.T.);
#544=ORIENTED_EDGE('',*,*,#1066,.T.);
#545=ORIENTED_EDGE('',*,*,#1303,.F.);
#546=ORIENTED_EDGE('',*,*,#1255,.F.);
#547=ORIENTED_EDGE('',*,*,#1302,.T.);
#548=ORIENTED_EDGE('',*,*,#1065,.F.);
#549=ORIENTED_EDGE('',*,*,#996,.F.);
#550=ORIENTED_EDGE('',*,*,#1256,.T.);
#551=ORIENTED_EDGE('',*,*,#1303,.T.);
#552=ORIENTED_EDGE('',*,*,#994,.T.);
#553=ORIENTED_EDGE('',*,*,#1304,.T.);
#554=ORIENTED_EDGE('',*,*,#1305,.F.);
#555=ORIENTED_EDGE('',*,*,#1257,.F.);
#556=ORIENTED_EDGE('',*,*,#1306,.T.);
#557=ORIENTED_EDGE('',*,*,#1307,.T.);
#558=ORIENTED_EDGE('',*,*,#1258,.F.);
#559=ORIENTED_EDGE('',*,*,#1305,.T.);
#560=ORIENTED_EDGE('',*,*,#1063,.F.);
#561=ORIENTED_EDGE('',*,*,#1246,.F.);
#562=ORIENTED_EDGE('',*,*,#1242,.T.);
#563=ORIENTED_EDGE('',*,*,#1308,.T.);
#564=ORIENTED_EDGE('',*,*,#1309,.F.);
#565=ORIENTED_EDGE('',*,*,#1310,.F.);
#566=ORIENTED_EDGE('',*,*,#1311,.F.);
#567=ORIENTED_EDGE('',*,*,#1239,.T.);
#568=ORIENTED_EDGE('',*,*,#1312,.F.);
#569=ORIENTED_EDGE('',*,*,#1000,.F.);
#570=ORIENTED_EDGE('',*,*,#1240,.T.);
#571=ORIENTED_EDGE('',*,*,#1311,.T.);
#572=ORIENTED_EDGE('',*,*,#1064,.T.);
#573=ORIENTED_EDGE('',*,*,#1308,.F.);
#574=ORIENTED_EDGE('',*,*,#1241,.F.);
#575=ORIENTED_EDGE('',*,*,#998,.T.);
#576=ORIENTED_EDGE('',*,*,#1313,.F.);
#577=ORIENTED_EDGE('',*,*,#1314,.F.);
#578=ORIENTED_EDGE('',*,*,#1315,.F.);
#579=ORIENTED_EDGE('',*,*,#1028,.T.);
#580=ORIENTED_EDGE('',*,*,#1316,.F.);
#581=ORIENTED_EDGE('',*,*,#1263,.F.);
#582=ORIENTED_EDGE('',*,*,#1029,.T.);
#583=ORIENTED_EDGE('',*,*,#1315,.T.);
#584=ORIENTED_EDGE('',*,*,#1316,.T.);
#585=ORIENTED_EDGE('',*,*,#1314,.T.);
#586=ORIENTED_EDGE('',*,*,#1317,.T.);
#587=ORIENTED_EDGE('',*,*,#1250,.T.);
#588=ORIENTED_EDGE('',*,*,#1264,.F.);
#589=ORIENTED_EDGE('',*,*,#1261,.T.);
#590=ORIENTED_EDGE('',*,*,#1312,.T.);
#591=ORIENTED_EDGE('',*,*,#1310,.T.);
#592=ORIENTED_EDGE('',*,*,#1318,.T.);
#593=ORIENTED_EDGE('',*,*,#1234,.T.);
#594=ORIENTED_EDGE('',*,*,#1268,.T.);
#595=ORIENTED_EDGE('',*,*,#1001,.F.);
#596=ORIENTED_EDGE('',*,*,#1306,.F.);
#597=ORIENTED_EDGE('',*,*,#1304,.F.);
#598=ORIENTED_EDGE('',*,*,#993,.F.);
#599=ORIENTED_EDGE('',*,*,#1275,.F.);
#600=ORIENTED_EDGE('',*,*,#1232,.F.);
#601=ORIENTED_EDGE('',*,*,#1319,.F.);
#602=ORIENTED_EDGE('',*,*,#1292,.F.);
#603=ORIENTED_EDGE('',*,*,#1271,.T.);
#604=ORIENTED_EDGE('',*,*,#1259,.T.);
#605=ORIENTED_EDGE('',*,*,#1248,.F.);
#606=ORIENTED_EDGE('',*,*,#1320,.F.);
#607=ORIENTED_EDGE('',*,*,#1294,.F.);
#608=ORIENTED_EDGE('',*,*,#1187,.F.);
#609=ORIENTED_EDGE('',*,*,#1321,.F.);
#610=ORIENTED_EDGE('',*,*,#1322,.T.);
#611=ORIENTED_EDGE('',*,*,#1313,.T.);
#612=ORIENTED_EDGE('',*,*,#1027,.F.);
#613=ORIENTED_EDGE('',*,*,#1186,.T.);
#614=ORIENTED_EDGE('',*,*,#1323,.F.);
#615=ORIENTED_EDGE('',*,*,#1324,.F.);
#616=ORIENTED_EDGE('',*,*,#1321,.T.);
#617=ORIENTED_EDGE('',*,*,#1033,.T.);
#618=ORIENTED_EDGE('',*,*,#1251,.F.);
#619=ORIENTED_EDGE('',*,*,#1325,.F.);
#620=ORIENTED_EDGE('',*,*,#1323,.T.);
#621=ORIENTED_EDGE('',*,*,#1185,.T.);
#622=ORIENTED_EDGE('',*,*,#1322,.F.);
#623=ORIENTED_EDGE('',*,*,#1324,.T.);
#624=ORIENTED_EDGE('',*,*,#1325,.T.);
#625=ORIENTED_EDGE('',*,*,#1317,.F.);
#626=ORIENTED_EDGE('',*,*,#1320,.T.);
#627=ORIENTED_EDGE('',*,*,#1326,.F.);
#628=ORIENTED_EDGE('',*,*,#1327,.F.);
#629=ORIENTED_EDGE('',*,*,#1328,.T.);
#630=ORIENTED_EDGE('',*,*,#1297,.F.);
#631=ORIENTED_EDGE('',*,*,#1329,.F.);
#632=ORIENTED_EDGE('',*,*,#1327,.T.);
#633=ORIENTED_EDGE('',*,*,#1330,.T.);
#634=ORIENTED_EDGE('',*,*,#1015,.T.);
#635=ORIENTED_EDGE('',*,*,#1295,.F.);
#636=ORIENTED_EDGE('',*,*,#1328,.F.);
#637=ORIENTED_EDGE('',*,*,#1329,.T.);
#638=ORIENTED_EDGE('',*,*,#1296,.T.);
#639=ORIENTED_EDGE('',*,*,#1298,.F.);
#640=ORIENTED_EDGE('',*,*,#1330,.F.);
#641=ORIENTED_EDGE('',*,*,#1326,.T.);
#642=ORIENTED_EDGE('',*,*,#1247,.T.);
#643=ORIENTED_EDGE('',*,*,#1009,.F.);
#644=ORIENTED_EDGE('',*,*,#1244,.F.);
#645=ORIENTED_EDGE('',*,*,#1331,.F.);
#646=ORIENTED_EDGE('',*,*,#1332,.T.);
#647=ORIENTED_EDGE('',*,*,#1333,.T.);
#648=ORIENTED_EDGE('',*,*,#1049,.T.);
#649=ORIENTED_EDGE('',*,*,#1235,.F.);
#650=ORIENTED_EDGE('',*,*,#1334,.F.);
#651=ORIENTED_EDGE('',*,*,#1331,.T.);
#652=ORIENTED_EDGE('',*,*,#1243,.T.);
#653=ORIENTED_EDGE('',*,*,#1245,.F.);
#654=ORIENTED_EDGE('',*,*,#1333,.F.);
#655=ORIENTED_EDGE('',*,*,#1335,.T.);
#656=ORIENTED_EDGE('',*,*,#1309,.T.);
#657=ORIENTED_EDGE('',*,*,#1238,.F.);
#658=ORIENTED_EDGE('',*,*,#1335,.F.);
#659=ORIENTED_EDGE('',*,*,#1332,.F.);
#660=ORIENTED_EDGE('',*,*,#1334,.T.);
#661=ORIENTED_EDGE('',*,*,#1318,.F.);
#662=ORIENTED_EDGE('',*,*,#1319,.T.);
#663=ORIENTED_EDGE('',*,*,#1336,.F.);
#664=ORIENTED_EDGE('',*,*,#1337,.T.);
#665=ORIENTED_EDGE('',*,*,#1338,.T.);
#666=ORIENTED_EDGE('',*,*,#1300,.T.);
#667=ORIENTED_EDGE('',*,*,#1339,.F.);
#668=ORIENTED_EDGE('',*,*,#1337,.F.);
#669=ORIENTED_EDGE('',*,*,#1340,.T.);
#670=ORIENTED_EDGE('',*,*,#1253,.T.);
#671=ORIENTED_EDGE('',*,*,#1307,.F.);
#672=ORIENTED_EDGE('',*,*,#1338,.F.);
#673=ORIENTED_EDGE('',*,*,#1339,.T.);
#674=ORIENTED_EDGE('',*,*,#1299,.T.);
#675=ORIENTED_EDGE('',*,*,#1301,.F.);
#676=ORIENTED_EDGE('',*,*,#1340,.F.);
#677=ORIENTED_EDGE('',*,*,#1336,.T.);
#678=ORIENTED_EDGE('',*,*,#1231,.T.);
#679=ORIENTED_EDGE('',*,*,#1039,.F.);
#680=ORIENTED_EDGE('',*,*,#1267,.T.);
#681=ORIENTED_EDGE('',*,*,#1287,.T.);
#682=ORIENTED_EDGE('',*,*,#1266,.T.);
#683=ORIENTED_EDGE('',*,*,#1286,.T.);
#684=ORIENTED_EDGE('',*,*,#1281,.T.);
#685=ORIENTED_EDGE('',*,*,#1274,.F.);
#686=ORIENTED_EDGE('',*,*,#1280,.T.);
#687=ORIENTED_EDGE('',*,*,#1273,.F.);
#688=ORIENTED_EDGE('',*,*,#1229,.F.);
#689=ORIENTED_EDGE('',*,*,#1019,.F.);
#690=ORIENTED_EDGE('',*,*,#1223,.T.);
#691=ORIENTED_EDGE('',*,*,#1085,.T.);
#692=ORIENTED_EDGE('',*,*,#1227,.T.);
#693=ORIENTED_EDGE('',*,*,#1081,.F.);
#694=ORIENTED_EDGE('',*,*,#1226,.F.);
#695=ORIENTED_EDGE('',*,*,#1023,.T.);
#696=ORIENTED_EDGE('',*,*,#1224,.F.);
#697=ORIENTED_EDGE('',*,*,#1079,.T.);
#698=ORIENTED_EDGE('',*,*,#1197,.F.);
#699=ORIENTED_EDGE('',*,*,#1341,.F.);
#700=ORIENTED_EDGE('',*,*,#1075,.F.);
#701=ORIENTED_EDGE('',*,*,#1342,.F.);
#702=ORIENTED_EDGE('',*,*,#1343,.T.);
#703=ORIENTED_EDGE('',*,*,#1344,.T.);
#704=ORIENTED_EDGE('',*,*,#1074,.F.);
#705=ORIENTED_EDGE('',*,*,#1345,.T.);
#706=ORIENTED_EDGE('',*,*,#1346,.T.);
#707=ORIENTED_EDGE('',*,*,#1347,.T.);
#708=ORIENTED_EDGE('',*,*,#1135,.F.);
#709=ORIENTED_EDGE('',*,*,#1348,.F.);
#710=ORIENTED_EDGE('',*,*,#1349,.T.);
#711=ORIENTED_EDGE('',*,*,#1342,.T.);
#712=ORIENTED_EDGE('',*,*,#1134,.F.);
#713=ORIENTED_EDGE('',*,*,#1350,.F.);
#714=ORIENTED_EDGE('',*,*,#1351,.T.);
#715=ORIENTED_EDGE('',*,*,#1348,.T.);
#716=ORIENTED_EDGE('',*,*,#1352,.F.);
#717=ORIENTED_EDGE('',*,*,#1076,.F.);
#718=ORIENTED_EDGE('',*,*,#1344,.F.);
#719=ORIENTED_EDGE('',*,*,#1353,.T.);
#720=ORIENTED_EDGE('',*,*,#1350,.T.);
#721=ORIENTED_EDGE('',*,*,#1133,.F.);
#722=ORIENTED_EDGE('',*,*,#1354,.T.);
#723=ORIENTED_EDGE('',*,*,#1355,.T.);
#724=ORIENTED_EDGE('',*,*,#1138,.T.);
#725=ORIENTED_EDGE('',*,*,#1192,.F.);
#726=ORIENTED_EDGE('',*,*,#1356,.F.);
#727=ORIENTED_EDGE('',*,*,#1195,.T.);
#728=ORIENTED_EDGE('',*,*,#1343,.F.);
#729=ORIENTED_EDGE('',*,*,#1349,.F.);
#730=ORIENTED_EDGE('',*,*,#1351,.F.);
#731=ORIENTED_EDGE('',*,*,#1353,.F.);
#732=ORIENTED_EDGE('',*,*,#1191,.T.);
#733=ORIENTED_EDGE('',*,*,#1181,.T.);
#734=ORIENTED_EDGE('',*,*,#1225,.T.);
#735=ORIENTED_EDGE('',*,*,#1341,.T.);
#736=ORIENTED_EDGE('',*,*,#1196,.T.);
#737=ORIENTED_EDGE('',*,*,#1356,.T.);
#738=ORIENTED_EDGE('',*,*,#1357,.F.);
#739=ORIENTED_EDGE('',*,*,#1217,.T.);
#740=ORIENTED_EDGE('',*,*,#1094,.T.);
#741=ORIENTED_EDGE('',*,*,#1203,.F.);
#742=ORIENTED_EDGE('',*,*,#1358,.F.);
#743=ORIENTED_EDGE('',*,*,#1209,.F.);
#744=ORIENTED_EDGE('',*,*,#1359,.F.);
#745=ORIENTED_EDGE('',*,*,#1214,.F.);
#746=ORIENTED_EDGE('',*,*,#1218,.F.);
#747=ORIENTED_EDGE('',*,*,#1357,.T.);
#748=ORIENTED_EDGE('',*,*,#1202,.T.);
#749=ORIENTED_EDGE('',*,*,#1360,.T.);
#750=ORIENTED_EDGE('',*,*,#1361,.T.);
#751=ORIENTED_EDGE('',*,*,#1221,.T.);
#752=ORIENTED_EDGE('',*,*,#1141,.T.);
#753=ORIENTED_EDGE('',*,*,#1362,.T.);
#754=ORIENTED_EDGE('',*,*,#1363,.T.);
#755=ORIENTED_EDGE('',*,*,#1364,.T.);
#756=ORIENTED_EDGE('',*,*,#1087,.T.);
#757=ORIENTED_EDGE('',*,*,#1222,.F.);
#758=ORIENTED_EDGE('',*,*,#1361,.F.);
#759=ORIENTED_EDGE('',*,*,#1365,.T.);
#760=ORIENTED_EDGE('',*,*,#1090,.F.);
#761=ORIENTED_EDGE('',*,*,#1210,.F.);
#762=ORIENTED_EDGE('',*,*,#1358,.T.);
#763=ORIENTED_EDGE('',*,*,#1213,.T.);
#764=ORIENTED_EDGE('',*,*,#1146,.F.);
#765=ORIENTED_EDGE('',*,*,#1215,.F.);
#766=ORIENTED_EDGE('',*,*,#1359,.T.);
#767=ORIENTED_EDGE('',*,*,#1208,.T.);
#768=ORIENTED_EDGE('',*,*,#1142,.T.);
#769=ORIENTED_EDGE('',*,*,#1365,.F.);
#770=ORIENTED_EDGE('',*,*,#1360,.F.);
#771=ORIENTED_EDGE('',*,*,#1201,.T.);
#772=ORIENTED_EDGE('',*,*,#1121,.T.);
#773=ORIENTED_EDGE('',*,*,#1366,.T.);
#774=ORIENTED_EDGE('',*,*,#1367,.T.);
#775=ORIENTED_EDGE('',*,*,#1368,.T.);
#776=ORIENTED_EDGE('',*,*,#1123,.T.);
#777=ORIENTED_EDGE('',*,*,#1369,.F.);
#778=ORIENTED_EDGE('',*,*,#1370,.F.);
#779=ORIENTED_EDGE('',*,*,#1371,.T.);
#780=ORIENTED_EDGE('',*,*,#1130,.T.);
#781=ORIENTED_EDGE('',*,*,#1175,.F.);
#782=ORIENTED_EDGE('',*,*,#1372,.F.);
#783=ORIENTED_EDGE('',*,*,#1369,.T.);
#784=ORIENTED_EDGE('',*,*,#1126,.F.);
#785=ORIENTED_EDGE('',*,*,#1373,.F.);
#786=ORIENTED_EDGE('',*,*,#1374,.T.);
#787=ORIENTED_EDGE('',*,*,#1375,.T.);
#788=ORIENTED_EDGE('',*,*,#1376,.F.);
#789=ORIENTED_EDGE('',*,*,#1377,.T.);
#790=ORIENTED_EDGE('',*,*,#1378,.T.);
#791=ORIENTED_EDGE('',*,*,#1119,.F.);
#792=ORIENTED_EDGE('',*,*,#1379,.F.);
#793=ORIENTED_EDGE('',*,*,#1380,.T.);
#794=ORIENTED_EDGE('',*,*,#1373,.T.);
#795=ORIENTED_EDGE('',*,*,#1125,.F.);
#796=ORIENTED_EDGE('',*,*,#1118,.F.);
#797=ORIENTED_EDGE('',*,*,#1381,.F.);
#798=ORIENTED_EDGE('',*,*,#1382,.T.);
#799=ORIENTED_EDGE('',*,*,#1379,.T.);
#800=ORIENTED_EDGE('',*,*,#1383,.F.);
#801=ORIENTED_EDGE('',*,*,#1127,.F.);
#802=ORIENTED_EDGE('',*,*,#1375,.F.);
#803=ORIENTED_EDGE('',*,*,#1384,.T.);
#804=ORIENTED_EDGE('',*,*,#1381,.T.);
#805=ORIENTED_EDGE('',*,*,#1117,.F.);
#806=ORIENTED_EDGE('',*,*,#1385,.T.);
#807=ORIENTED_EDGE('',*,*,#1386,.T.);
#808=ORIENTED_EDGE('',*,*,#1122,.T.);
#809=ORIENTED_EDGE('',*,*,#1371,.F.);
#810=ORIENTED_EDGE('',*,*,#1387,.F.);
#811=ORIENTED_EDGE('',*,*,#1173,.T.);
#812=ORIENTED_EDGE('',*,*,#1374,.F.);
#813=ORIENTED_EDGE('',*,*,#1380,.F.);
#814=ORIENTED_EDGE('',*,*,#1382,.F.);
#815=ORIENTED_EDGE('',*,*,#1384,.F.);
#816=ORIENTED_EDGE('',*,*,#1370,.T.);
#817=ORIENTED_EDGE('',*,*,#1372,.T.);
#818=ORIENTED_EDGE('',*,*,#1174,.T.);
#819=ORIENTED_EDGE('',*,*,#1387,.T.);
#820=ORIENTED_EDGE('',*,*,#1110,.T.);
#821=ORIENTED_EDGE('',*,*,#1158,.F.);
#822=ORIENTED_EDGE('',*,*,#1388,.F.);
#823=ORIENTED_EDGE('',*,*,#1148,.T.);
#824=ORIENTED_EDGE('',*,*,#1114,.F.);
#825=ORIENTED_EDGE('',*,*,#1163,.F.);
#826=ORIENTED_EDGE('',*,*,#1389,.T.);
#827=ORIENTED_EDGE('',*,*,#1167,.T.);
#828=ORIENTED_EDGE('',*,*,#1102,.F.);
#829=ORIENTED_EDGE('',*,*,#1169,.F.);
#830=ORIENTED_EDGE('',*,*,#1390,.T.);
#831=ORIENTED_EDGE('',*,*,#1161,.T.);
#832=ORIENTED_EDGE('',*,*,#1106,.T.);
#833=ORIENTED_EDGE('',*,*,#1150,.F.);
#834=ORIENTED_EDGE('',*,*,#1391,.F.);
#835=ORIENTED_EDGE('',*,*,#1156,.T.);
#836=ORIENTED_EDGE('',*,*,#1389,.F.);
#837=ORIENTED_EDGE('',*,*,#1162,.F.);
#838=ORIENTED_EDGE('',*,*,#1390,.F.);
#839=ORIENTED_EDGE('',*,*,#1168,.F.);
#840=ORIENTED_EDGE('',*,*,#1149,.T.);
#841=ORIENTED_EDGE('',*,*,#1388,.T.);
#842=ORIENTED_EDGE('',*,*,#1157,.T.);
#843=ORIENTED_EDGE('',*,*,#1391,.T.);
#844=ORIENTED_EDGE('',*,*,#1392,.T.);
#845=ORIENTED_EDGE('',*,*,#1393,.T.);
#846=ORIENTED_EDGE('',*,*,#1394,.T.);
#847=ORIENTED_EDGE('',*,*,#1189,.T.);
#848=ORIENTED_EDGE('',*,*,#1395,.T.);
#849=ORIENTED_EDGE('',*,*,#1346,.F.);
#850=ORIENTED_EDGE('',*,*,#1396,.T.);
#851=ORIENTED_EDGE('',*,*,#1397,.F.);
#852=ORIENTED_EDGE('',*,*,#1397,.T.);
#853=ORIENTED_EDGE('',*,*,#1398,.T.);
#854=ORIENTED_EDGE('',*,*,#1072,.F.);
#855=ORIENTED_EDGE('',*,*,#1399,.F.);
#856=ORIENTED_EDGE('',*,*,#1183,.T.);
#857=ORIENTED_EDGE('',*,*,#1400,.T.);
#858=ORIENTED_EDGE('',*,*,#1392,.F.);
#859=ORIENTED_EDGE('',*,*,#1399,.T.);
#860=ORIENTED_EDGE('',*,*,#1071,.T.);
#861=ORIENTED_EDGE('',*,*,#1396,.F.);
#862=ORIENTED_EDGE('',*,*,#1345,.F.);
#863=ORIENTED_EDGE('',*,*,#1073,.F.);
#864=ORIENTED_EDGE('',*,*,#1398,.F.);
#865=ORIENTED_EDGE('',*,*,#1128,.F.);
#866=ORIENTED_EDGE('',*,*,#1383,.T.);
#867=ORIENTED_EDGE('',*,*,#1401,.F.);
#868=ORIENTED_EDGE('',*,*,#1176,.F.);
#869=ORIENTED_EDGE('',*,*,#1401,.T.);
#870=ORIENTED_EDGE('',*,*,#1386,.F.);
#871=ORIENTED_EDGE('',*,*,#1402,.F.);
#872=ORIENTED_EDGE('',*,*,#1171,.F.);
#873=ORIENTED_EDGE('',*,*,#1402,.T.);
#874=ORIENTED_EDGE('',*,*,#1385,.F.);
#875=ORIENTED_EDGE('',*,*,#1116,.F.);
#876=ORIENTED_EDGE('',*,*,#1172,.F.);
#877=ORIENTED_EDGE('',*,*,#1124,.F.);
#878=ORIENTED_EDGE('',*,*,#1368,.F.);
#879=ORIENTED_EDGE('',*,*,#1403,.F.);
#880=ORIENTED_EDGE('',*,*,#1376,.T.);
#881=ORIENTED_EDGE('',*,*,#1403,.T.);
#882=ORIENTED_EDGE('',*,*,#1367,.F.);
#883=ORIENTED_EDGE('',*,*,#1404,.F.);
#884=ORIENTED_EDGE('',*,*,#1377,.F.);
#885=ORIENTED_EDGE('',*,*,#1404,.T.);
#886=ORIENTED_EDGE('',*,*,#1366,.F.);
#887=ORIENTED_EDGE('',*,*,#1120,.F.);
#888=ORIENTED_EDGE('',*,*,#1378,.F.);
#889=ORIENTED_EDGE('',*,*,#1077,.F.);
#890=ORIENTED_EDGE('',*,*,#1352,.T.);
#891=ORIENTED_EDGE('',*,*,#1405,.F.);
#892=ORIENTED_EDGE('',*,*,#1198,.F.);
#893=ORIENTED_EDGE('',*,*,#1405,.T.);
#894=ORIENTED_EDGE('',*,*,#1355,.F.);
#895=ORIENTED_EDGE('',*,*,#1406,.F.);
#896=ORIENTED_EDGE('',*,*,#1193,.F.);
#897=ORIENTED_EDGE('',*,*,#1406,.T.);
#898=ORIENTED_EDGE('',*,*,#1354,.F.);
#899=ORIENTED_EDGE('',*,*,#1132,.F.);
#900=ORIENTED_EDGE('',*,*,#1194,.F.);
#901=ORIENTED_EDGE('',*,*,#1088,.F.);
#902=ORIENTED_EDGE('',*,*,#1364,.F.);
#903=ORIENTED_EDGE('',*,*,#1407,.F.);
#904=ORIENTED_EDGE('',*,*,#1205,.F.);
#905=ORIENTED_EDGE('',*,*,#1407,.T.);
#906=ORIENTED_EDGE('',*,*,#1363,.F.);
#907=ORIENTED_EDGE('',*,*,#1408,.F.);
#908=ORIENTED_EDGE('',*,*,#1206,.T.);
#909=ORIENTED_EDGE('',*,*,#1408,.T.);
#910=ORIENTED_EDGE('',*,*,#1362,.F.);
#911=ORIENTED_EDGE('',*,*,#1140,.F.);
#912=ORIENTED_EDGE('',*,*,#1207,.T.);
#913=ORIENTED_EDGE('',*,*,#1092,.F.);
#914=ORIENTED_EDGE('',*,*,#1212,.F.);
#915=ORIENTED_EDGE('',*,*,#1409,.F.);
#916=ORIENTED_EDGE('',*,*,#1204,.F.);
#917=ORIENTED_EDGE('',*,*,#1409,.T.);
#918=ORIENTED_EDGE('',*,*,#1211,.T.);
#919=ORIENTED_EDGE('',*,*,#1410,.F.);
#920=ORIENTED_EDGE('',*,*,#1199,.F.);
#921=ORIENTED_EDGE('',*,*,#1410,.T.);
#922=ORIENTED_EDGE('',*,*,#1216,.T.);
#923=ORIENTED_EDGE('',*,*,#1144,.F.);
#924=ORIENTED_EDGE('',*,*,#1200,.F.);
#925=ORIENTED_EDGE('',*,*,#1112,.F.);
#926=ORIENTED_EDGE('',*,*,#1147,.T.);
#927=ORIENTED_EDGE('',*,*,#1411,.F.);
#928=ORIENTED_EDGE('',*,*,#1164,.F.);
#929=ORIENTED_EDGE('',*,*,#1411,.T.);
#930=ORIENTED_EDGE('',*,*,#1152,.F.);
#931=ORIENTED_EDGE('',*,*,#1412,.F.);
#932=ORIENTED_EDGE('',*,*,#1159,.F.);
#933=ORIENTED_EDGE('',*,*,#1104,.F.);
#934=ORIENTED_EDGE('',*,*,#1160,.F.);
#935=ORIENTED_EDGE('',*,*,#1412,.T.);
#936=ORIENTED_EDGE('',*,*,#1151,.F.);
#937=ORIENTED_EDGE('',*,*,#1100,.F.);
#938=ORIENTED_EDGE('',*,*,#1155,.F.);
#939=ORIENTED_EDGE('',*,*,#1413,.F.);
#940=ORIENTED_EDGE('',*,*,#1170,.F.);
#941=ORIENTED_EDGE('',*,*,#1413,.T.);
#942=ORIENTED_EDGE('',*,*,#1154,.F.);
#943=ORIENTED_EDGE('',*,*,#1414,.F.);
#944=ORIENTED_EDGE('',*,*,#1165,.F.);
#945=ORIENTED_EDGE('',*,*,#1414,.T.);
#946=ORIENTED_EDGE('',*,*,#1153,.T.);
#947=ORIENTED_EDGE('',*,*,#1108,.F.);
#948=ORIENTED_EDGE('',*,*,#1166,.F.);
#949=ORIENTED_EDGE('',*,*,#1395,.F.);
#950=ORIENTED_EDGE('',*,*,#1188,.F.);
#951=ORIENTED_EDGE('',*,*,#1136,.F.);
#952=ORIENTED_EDGE('',*,*,#1347,.F.);
#953=ORIENTED_EDGE('',*,*,#1190,.F.);
#954=ORIENTED_EDGE('',*,*,#1394,.F.);
#955=ORIENTED_EDGE('',*,*,#1415,.F.);
#956=ORIENTED_EDGE('',*,*,#1178,.F.);
#957=ORIENTED_EDGE('',*,*,#1400,.F.);
#958=ORIENTED_EDGE('',*,*,#1182,.F.);
#959=ORIENTED_EDGE('',*,*,#1415,.T.);
#960=ORIENTED_EDGE('',*,*,#1393,.F.);
#961=ORIENTED_EDGE('',*,*,#1097,.T.);
#962=ORIENTED_EDGE('',*,*,#1098,.T.);
#963=ORIENTED_EDGE('',*,*,#1416,.T.);
#964=ORIENTED_EDGE('',*,*,#1057,.F.);
#965=ORIENTED_EDGE('',*,*,#1036,.T.);
#966=ORIENTED_EDGE('',*,*,#1265,.F.);
#967=ORIENTED_EDGE('',*,*,#1068,.F.);
#968=ORIENTED_EDGE('',*,*,#1417,.T.);
#969=ORIENTED_EDGE('',*,*,#1416,.F.);
#970=ORIENTED_EDGE('',*,*,#1052,.F.);
#971=ORIENTED_EDGE('',*,*,#1061,.T.);
#972=ORIENTED_EDGE('',*,*,#1054,.F.);
#973=ORIENTED_EDGE('',*,*,#1006,.F.);
#974=ORIENTED_EDGE('',*,*,#1418,.F.);
#975=ORIENTED_EDGE('',*,*,#1419,.F.);
#976=ORIENTED_EDGE('',*,*,#1418,.T.);
#977=ORIENTED_EDGE('',*,*,#1060,.T.);
#978=ORIENTED_EDGE('',*,*,#1291,.T.);
#979=ORIENTED_EDGE('',*,*,#1420,.F.);
#980=ORIENTED_EDGE('',*,*,#1003,.T.);
#981=ORIENTED_EDGE('',*,*,#1420,.T.);
#982=ORIENTED_EDGE('',*,*,#1421,.T.);
#983=ORIENTED_EDGE('',*,*,#1004,.F.);
#984=ORIENTED_EDGE('',*,*,#1421,.F.);
#985=ORIENTED_EDGE('',*,*,#1422,.F.);
#986=ORIENTED_EDGE('',*,*,#1419,.T.);
#987=ORIENTED_EDGE('',*,*,#1422,.T.);
#988=ORIENTED_EDGE('',*,*,#1423,.T.);
#989=ORIENTED_EDGE('',*,*,#1417,.F.);
#990=ORIENTED_EDGE('',*,*,#1423,.F.);
#991=EDGE_CURVE('',#1424,#1425,#1717,.T.);
#992=EDGE_CURVE('',#1426,#1424,#1718,.T.);
#993=EDGE_CURVE('',#1426,#1427,#1719,.T.);
#994=EDGE_CURVE('',#1428,#1427,#1720,.T.);
#995=EDGE_CURVE('',#1428,#1429,#1721,.T.);
#996=EDGE_CURVE('',#1429,#1430,#1722,.T.);
#997=EDGE_CURVE('',#1430,#1431,#1723,.T.);
#998=EDGE_CURVE('',#1432,#1431,#1724,.T.);
#999=EDGE_CURVE('',#1432,#1433,#1725,.T.);
#1000=EDGE_CURVE('',#1433,#1434,#1726,.T.);
#1001=EDGE_CURVE('',#1434,#1435,#1727,.T.);
#1002=EDGE_CURVE('',#1435,#1425,#1728,.T.);
#1003=EDGE_CURVE('',#1436,#1436,#68,.T.);
#1004=EDGE_CURVE('',#1437,#1437,#69,.T.);
#1005=EDGE_CURVE('',#1438,#1439,#1729,.T.);
#1006=EDGE_CURVE('',#1438,#1440,#70,.F.);
#1007=EDGE_CURVE('',#1441,#1440,#1730,.T.);
#1008=EDGE_CURVE('',#1442,#1441,#1731,.T.);
#1009=EDGE_CURVE('',#1442,#1443,#1732,.T.);
#1010=EDGE_CURVE('',#1443,#1444,#1733,.T.);
#1011=EDGE_CURVE('',#1445,#1444,#1734,.T.);
#1012=EDGE_CURVE('',#1446,#1445,#1735,.T.);
#1013=EDGE_CURVE('',#1446,#1447,#1736,.T.);
#1014=EDGE_CURVE('',#1447,#1448,#1737,.T.);
#1015=EDGE_CURVE('',#1449,#1448,#1738,.T.);
#1016=EDGE_CURVE('',#1450,#1449,#1739,.T.);
#1017=EDGE_CURVE('',#1450,#1451,#71,.T.);
#1018=EDGE_CURVE('',#1451,#1452,#1740,.T.);
#1019=EDGE_CURVE('',#1452,#1453,#1741,.T.);
#1020=EDGE_CURVE('',#1454,#1453,#1742,.T.);
#1021=EDGE_CURVE('',#1455,#1454,#1743,.T.);
#1022=EDGE_CURVE('',#1455,#1456,#1744,.T.);
#1023=EDGE_CURVE('',#1457,#1456,#1745,.T.);
#1024=EDGE_CURVE('',#1457,#1458,#1746,.T.);
#1025=EDGE_CURVE('',#1459,#1458,#72,.T.);
#1026=EDGE_CURVE('',#1459,#1460,#1747,.T.);
#1027=EDGE_CURVE('',#1460,#1461,#1748,.T.);
#1028=EDGE_CURVE('',#1462,#1461,#1749,.T.);
#1029=EDGE_CURVE('',#1463,#1462,#1750,.T.);
#1030=EDGE_CURVE('',#1464,#1463,#1751,.T.);
#1031=EDGE_CURVE('',#1464,#1465,#1752,.T.);
#1032=EDGE_CURVE('',#1466,#1465,#1753,.T.);
#1033=EDGE_CURVE('',#1467,#1466,#1754,.T.);
#1034=EDGE_CURVE('',#1467,#1468,#1755,.T.);
#1035=EDGE_CURVE('',#1468,#1469,#1756,.T.);
#1036=EDGE_CURVE('',#1470,#1469,#73,.T.);
#1037=EDGE_CURVE('',#1470,#1471,#1757,.T.);
#1038=EDGE_CURVE('',#1472,#1471,#1758,.T.);
#1039=EDGE_CURVE('',#1472,#1473,#1759,.T.);
#1040=EDGE_CURVE('',#1473,#1474,#1760,.T.);
#1041=EDGE_CURVE('',#1474,#1475,#1761,.T.);
#1042=EDGE_CURVE('',#1476,#1475,#1762,.T.);
#1043=EDGE_CURVE('',#1477,#1476,#1763,.T.);
#1044=EDGE_CURVE('',#1477,#1478,#1764,.T.);
#1045=EDGE_CURVE('',#1478,#1479,#1765,.T.);
#1046=EDGE_CURVE('',#1480,#1479,#1766,.T.);
#1047=EDGE_CURVE('',#1481,#1480,#1767,.T.);
#1048=EDGE_CURVE('',#1482,#1481,#1768,.T.);
#1049=EDGE_CURVE('',#1483,#1482,#1769,.T.);
#1050=EDGE_CURVE('',#1483,#1439,#1770,.T.);
#1051=EDGE_CURVE('',#1484,#1485,#1771,.T.);
#1052=EDGE_CURVE('',#1484,#1438,#1772,.F.);
#1053=EDGE_CURVE('',#1439,#1485,#1773,.T.);
#1054=EDGE_CURVE('',#1440,#1486,#1774,.T.);
#1055=EDGE_CURVE('',#1487,#1486,#1775,.T.);
#1056=EDGE_CURVE('',#1441,#1487,#1776,.T.);
#1057=EDGE_CURVE('',#1470,#1488,#1777,.T.);
#1058=EDGE_CURVE('',#1488,#1489,#1778,.T.);
#1059=EDGE_CURVE('',#1471,#1489,#1779,.T.);
#1060=EDGE_CURVE('',#1490,#1490,#74,.T.);
#1061=EDGE_CURVE('',#1484,#1486,#75,.T.);
#1062=EDGE_CURVE('',#1491,#1485,#1780,.T.);
#1063=EDGE_CURVE('',#1491,#1492,#76,.T.);
#1064=EDGE_CURVE('',#1431,#1492,#1781,.T.);
#1065=EDGE_CURVE('',#1430,#1493,#1782,.T.);
#1066=EDGE_CURVE('',#1494,#1493,#77,.T.);
#1067=EDGE_CURVE('',#1494,#1489,#1783,.T.);
#1068=EDGE_CURVE('',#1488,#1495,#78,.T.);
#1069=EDGE_CURVE('',#1496,#1495,#1784,.T.);
#1070=EDGE_CURVE('',#1497,#1496,#1785,.T.);
#1071=EDGE_CURVE('',#1498,#1497,#1786,.T.);
#1072=EDGE_CURVE('',#1498,#1499,#1787,.T.);
#1073=EDGE_CURVE('',#1499,#1500,#79,.F.);
#1074=EDGE_CURVE('',#1500,#1501,#1788,.T.);
#1075=EDGE_CURVE('',#1501,#1502,#1789,.T.);
#1076=EDGE_CURVE('',#1502,#1503,#1790,.T.);
#1077=EDGE_CURVE('',#1503,#1504,#80,.F.);
#1078=EDGE_CURVE('',#1505,#1504,#1791,.T.);
#1079=EDGE_CURVE('',#1506,#1505,#1792,.T.);
#1080=EDGE_CURVE('',#1507,#1506,#1793,.T.);
#1081=EDGE_CURVE('',#1507,#1508,#1794,.T.);
#1082=EDGE_CURVE('',#1509,#1508,#1795,.T.);
#1083=EDGE_CURVE('',#1509,#1510,#1796,.T.);
#1084=EDGE_CURVE('',#1510,#1511,#1797,.T.);
#1085=EDGE_CURVE('',#1512,#1511,#1798,.T.);
#1086=EDGE_CURVE('',#1513,#1512,#1799,.T.);
#1087=EDGE_CURVE('',#1514,#1513,#1800,.T.);
#1088=EDGE_CURVE('',#1514,#1515,#81,.F.);
#1089=EDGE_CURVE('',#1515,#1516,#1801,.T.);
#1090=EDGE_CURVE('',#1516,#1517,#1802,.T.);
#1091=EDGE_CURVE('',#1517,#1518,#1803,.T.);
#1092=EDGE_CURVE('',#1518,#1519,#82,.F.);
#1093=EDGE_CURVE('',#1520,#1519,#1804,.T.);
#1094=EDGE_CURVE('',#1521,#1520,#1805,.T.);
#1095=EDGE_CURVE('',#1522,#1521,#83,.T.);
#1096=EDGE_CURVE('',#1522,#1487,#1806,.T.);
#1097=EDGE_CURVE('',#1523,#1523,#84,.T.);
#1098=EDGE_CURVE('',#1524,#1524,#85,.T.);
#1099=EDGE_CURVE('',#1525,#1526,#1807,.T.);
#1100=EDGE_CURVE('',#1525,#1527,#86,.F.);
#1101=EDGE_CURVE('',#1527,#1528,#1808,.T.);
#1102=EDGE_CURVE('',#1528,#1529,#1809,.T.);
#1103=EDGE_CURVE('',#1529,#1530,#1810,.T.);
#1104=EDGE_CURVE('',#1530,#1531,#87,.F.);
#1105=EDGE_CURVE('',#1532,#1531,#1811,.T.);
#1106=EDGE_CURVE('',#1526,#1532,#1812,.T.);
#1107=EDGE_CURVE('',#1533,#1534,#1813,.T.);
#1108=EDGE_CURVE('',#1534,#1535,#88,.F.);
#1109=EDGE_CURVE('',#1536,#1535,#1814,.T.);
#1110=EDGE_CURVE('',#1537,#1536,#1815,.T.);
#1111=EDGE_CURVE('',#1538,#1537,#1816,.T.);
#1112=EDGE_CURVE('',#1538,#1539,#89,.F.);
#1113=EDGE_CURVE('',#1539,#1540,#1817,.T.);
#1114=EDGE_CURVE('',#1540,#1533,#1818,.T.);
#1115=EDGE_CURVE('',#1541,#1542,#1819,.T.);
#1116=EDGE_CURVE('',#1541,#1543,#90,.F.);
#1117=EDGE_CURVE('',#1543,#1544,#1820,.T.);
#1118=EDGE_CURVE('',#1544,#1545,#1821,.T.);
#1119=EDGE_CURVE('',#1545,#1546,#1822,.T.);
#1120=EDGE_CURVE('',#1546,#1547,#91,.F.);
#1121=EDGE_CURVE('',#1548,#1547,#1823,.T.);
#1122=EDGE_CURVE('',#1542,#1548,#1824,.T.);
#1123=EDGE_CURVE('',#1549,#1550,#1825,.T.);
#1124=EDGE_CURVE('',#1549,#1551,#92,.F.);
#1125=EDGE_CURVE('',#1551,#1552,#1826,.T.);
#1126=EDGE_CURVE('',#1552,#1553,#1827,.T.);
#1127=EDGE_CURVE('',#1553,#1554,#1828,.T.);
#1128=EDGE_CURVE('',#1554,#1555,#93,.F.);
#1129=EDGE_CURVE('',#1556,#1555,#1829,.T.);
#1130=EDGE_CURVE('',#1550,#1556,#1830,.T.);
#1131=EDGE_CURVE('',#1557,#1558,#1831,.T.);
#1132=EDGE_CURVE('',#1557,#1559,#94,.F.);
#1133=EDGE_CURVE('',#1559,#1560,#1832,.T.);
#1134=EDGE_CURVE('',#1560,#1561,#1833,.T.);
#1135=EDGE_CURVE('',#1561,#1562,#1834,.T.);
#1136=EDGE_CURVE('',#1562,#1563,#95,.F.);
#1137=EDGE_CURVE('',#1564,#1563,#1835,.T.);
#1138=EDGE_CURVE('',#1558,#1564,#1836,.T.);
#1139=EDGE_CURVE('',#1565,#1566,#1837,.T.);
#1140=EDGE_CURVE('',#1566,#1567,#96,.F.);
#1141=EDGE_CURVE('',#1568,#1567,#1838,.T.);
#1142=EDGE_CURVE('',#1569,#1568,#1839,.T.);
#1143=EDGE_CURVE('',#1570,#1569,#1840,.T.);
#1144=EDGE_CURVE('',#1570,#1571,#97,.F.);
#1145=EDGE_CURVE('',#1571,#1572,#1841,.T.);
#1146=EDGE_CURVE('',#1572,#1565,#1842,.T.);
#1147=EDGE_CURVE('',#1538,#1573,#1843,.T.);
#1148=EDGE_CURVE('',#1574,#1537,#1844,.T.);
#1149=EDGE_CURVE('',#1575,#1574,#1845,.T.);
#1150=EDGE_CURVE('',#1575,#1532,#1846,.T.);
#1151=EDGE_CURVE('',#1531,#1576,#1847,.T.);
#1152=EDGE_CURVE('',#1576,#1573,#1848,.T.);
#1153=EDGE_CURVE('',#1577,#1535,#1849,.T.);
#1154=EDGE_CURVE('',#1577,#1578,#1850,.T.);
#1155=EDGE_CURVE('',#1578,#1525,#1851,.T.);
#1156=EDGE_CURVE('',#1579,#1526,#1852,.T.);
#1157=EDGE_CURVE('',#1580,#1579,#1853,.T.);
#1158=EDGE_CURVE('',#1580,#1536,#1854,.T.);
#1159=EDGE_CURVE('',#1581,#1582,#1855,.F.);
#1160=EDGE_CURVE('',#1582,#1530,#1856,.F.);
#1161=EDGE_CURVE('',#1583,#1529,#1857,.T.);
#1162=EDGE_CURVE('',#1583,#1584,#1858,.T.);
#1163=EDGE_CURVE('',#1584,#1540,#1859,.T.);
#1164=EDGE_CURVE('',#1539,#1581,#1860,.T.);
#1165=EDGE_CURVE('',#1585,#1586,#1861,.F.);
#1166=EDGE_CURVE('',#1586,#1534,#1862,.T.);
#1167=EDGE_CURVE('',#1587,#1533,#1863,.T.);
#1168=EDGE_CURVE('',#1587,#1588,#1864,.T.);
#1169=EDGE_CURVE('',#1588,#1528,#1865,.T.);
#1170=EDGE_CURVE('',#1527,#1585,#1866,.F.);
#1171=EDGE_CURVE('',#1589,#1590,#1867,.T.);
#1172=EDGE_CURVE('',#1590,#1541,#1868,.T.);
#1173=EDGE_CURVE('',#1591,#1542,#1869,.T.);
#1174=EDGE_CURVE('',#1592,#1591,#1870,.T.);
#1175=EDGE_CURVE('',#1592,#1556,#1871,.T.);
#1176=EDGE_CURVE('',#1555,#1589,#1872,.F.);
#1177=EDGE_CURVE('',#1593,#1594,#1873,.T.);
#1178=EDGE_CURVE('',#1594,#1595,#98,.F.);
#1179=EDGE_CURVE('',#1459,#1595,#1874,.T.);
#1180=EDGE_CURVE('',#1458,#1596,#1875,.T.);
#1181=EDGE_CURVE('',#1593,#1596,#99,.F.);
#1182=EDGE_CURVE('',#1595,#1597,#1876,.F.);
#1183=EDGE_CURVE('',#1497,#1597,#1877,.T.);
#1184=EDGE_CURVE('',#1468,#1496,#1878,.T.);
#1185=EDGE_CURVE('',#1598,#1467,#1879,.T.);
#1186=EDGE_CURVE('',#1599,#1598,#1880,.T.);
#1187=EDGE_CURVE('',#1599,#1460,#1881,.T.);
#1188=EDGE_CURVE('',#1563,#1600,#1882,.F.);
#1189=EDGE_CURVE('',#1601,#1600,#1883,.T.);
#1190=EDGE_CURVE('',#1601,#1594,#28,.T.);
#1191=EDGE_CURVE('',#1602,#1593,#1884,.T.);
#1192=EDGE_CURVE('',#1602,#1564,#1885,.T.);
#1193=EDGE_CURVE('',#1603,#1604,#1886,.T.);
#1194=EDGE_CURVE('',#1604,#1557,#1887,.T.);
#1195=EDGE_CURVE('',#1605,#1558,#1888,.T.);
#1196=EDGE_CURVE('',#1606,#1605,#1889,.T.);
#1197=EDGE_CURVE('',#1606,#1505,#1890,.T.);
#1198=EDGE_CURVE('',#1504,#1603,#1891,.F.);
#1199=EDGE_CURVE('',#1607,#1608,#1892,.T.);
#1200=EDGE_CURVE('',#1608,#1570,#1893,.T.);
#1201=EDGE_CURVE('',#1609,#1569,#1894,.T.);
#1202=EDGE_CURVE('',#1610,#1609,#1895,.T.);
#1203=EDGE_CURVE('',#1610,#1520,#1896,.T.);
#1204=EDGE_CURVE('',#1519,#1607,#1897,.F.);
#1205=EDGE_CURVE('',#1515,#1611,#1898,.T.);
#1206=EDGE_CURVE('',#1612,#1611,#1899,.T.);
#1207=EDGE_CURVE('',#1566,#1612,#1900,.T.);
#1208=EDGE_CURVE('',#1613,#1565,#1901,.T.);
#1209=EDGE_CURVE('',#1613,#1614,#1902,.T.);
#1210=EDGE_CURVE('',#1614,#1516,#1903,.T.);
#1211=EDGE_CURVE('',#1615,#1616,#1904,.T.);
#1212=EDGE_CURVE('',#1615,#1518,#1905,.T.);
#1213=EDGE_CURVE('',#1617,#1517,#1906,.T.);
#1214=EDGE_CURVE('',#1617,#1618,#1907,.T.);
#1215=EDGE_CURVE('',#1618,#1572,#1908,.T.);
#1216=EDGE_CURVE('',#1616,#1571,#1909,.T.);
#1217=EDGE_CURVE('',#1619,#1521,#1910,.T.);
#1218=EDGE_CURVE('',#1619,#1620,#100,.T.);
#1219=EDGE_CURVE('',#1451,#1620,#1911,.T.);
#1220=EDGE_CURVE('',#1450,#1522,#1912,.T.);
#1221=EDGE_CURVE('',#1621,#1620,#1913,.T.);
#1222=EDGE_CURVE('',#1621,#1513,#1914,.T.);
#1223=EDGE_CURVE('',#1452,#1512,#1915,.T.);
#1224=EDGE_CURVE('',#1506,#1622,#1916,.T.);
#1225=EDGE_CURVE('',#1596,#1622,#1917,.T.);
#1226=EDGE_CURVE('',#1457,#1507,#1918,.T.);
#1227=EDGE_CURVE('',#1456,#1508,#1919,.T.);
#1228=EDGE_CURVE('',#1455,#1509,#1920,.T.);
#1229=EDGE_CURVE('',#1453,#1511,#1921,.T.);
#1230=EDGE_CURVE('',#1454,#1510,#1922,.T.);
#1231=EDGE_CURVE('',#1623,#1473,#1923,.T.);
#1232=EDGE_CURVE('',#1623,#1624,#1924,.T.);
#1233=EDGE_CURVE('',#1474,#1624,#1925,.T.);
#1234=EDGE_CURVE('',#1625,#1626,#1926,.T.);
#1235=EDGE_CURVE('',#1625,#1482,#1927,.T.);
#1236=EDGE_CURVE('',#1481,#1626,#1928,.T.);
#1237=EDGE_CURVE('',#1627,#1628,#1929,.T.);
#1238=EDGE_CURVE('',#1628,#1629,#1930,.T.);
#1239=EDGE_CURVE('',#1630,#1629,#1931,.T.);
#1240=EDGE_CURVE('',#1433,#1630,#1932,.T.);
#1241=EDGE_CURVE('',#1432,#1631,#1933,.T.);
#1242=EDGE_CURVE('',#1627,#1631,#101,.T.);
#1243=EDGE_CURVE('',#1632,#1483,#1934,.T.);
#1244=EDGE_CURVE('',#1632,#1633,#1935,.T.);
#1245=EDGE_CURVE('',#1633,#1628,#1936,.T.);
#1246=EDGE_CURVE('',#1627,#1491,#1937,.T.);
#1247=EDGE_CURVE('',#1634,#1443,#1938,.T.);
#1248=EDGE_CURVE('',#1634,#1635,#1939,.T.);
#1249=EDGE_CURVE('',#1444,#1635,#1940,.T.);
#1250=EDGE_CURVE('',#1636,#1637,#1941,.T.);
#1251=EDGE_CURVE('',#1636,#1466,#1942,.T.);
#1252=EDGE_CURVE('',#1465,#1637,#1943,.T.);
#1253=EDGE_CURVE('',#1638,#1639,#1944,.T.);
#1254=EDGE_CURVE('',#1640,#1638,#1945,.T.);
#1255=EDGE_CURVE('',#1640,#1641,#102,.T.);
#1256=EDGE_CURVE('',#1429,#1641,#1946,.T.);
#1257=EDGE_CURVE('',#1428,#1642,#1947,.T.);
#1258=EDGE_CURVE('',#1642,#1639,#1948,.T.);
#1259=EDGE_CURVE('',#1643,#1635,#1949,.T.);
#1260=EDGE_CURVE('',#1445,#1643,#1950,.T.);
#1261=EDGE_CURVE('',#1644,#1645,#1951,.T.);
#1262=EDGE_CURVE('',#1464,#1644,#1952,.T.);
#1263=EDGE_CURVE('',#1463,#1645,#1953,.T.);
#1264=EDGE_CURVE('',#1644,#1637,#1954,.T.);
#1265=EDGE_CURVE('',#1495,#1469,#1955,.F.);
#1266=EDGE_CURVE('',#1646,#1646,#103,.T.);
#1267=EDGE_CURVE('',#1647,#1647,#104,.T.);
#1268=EDGE_CURVE('',#1626,#1435,#1956,.T.);
#1269=EDGE_CURVE('',#1480,#1648,#1957,.T.);
#1270=EDGE_CURVE('',#1425,#1648,#1958,.T.);
#1271=EDGE_CURVE('',#1649,#1643,#1959,.T.);
#1272=EDGE_CURVE('',#1446,#1649,#1960,.T.);
#1273=EDGE_CURVE('',#1650,#1650,#105,.T.);
#1274=EDGE_CURVE('',#1651,#1651,#106,.T.);
#1275=EDGE_CURVE('',#1624,#1426,#1961,.T.);
#1276=EDGE_CURVE('',#1424,#1652,#1962,.T.);
#1277=EDGE_CURVE('',#1475,#1652,#1963,.T.);
#1278=EDGE_CURVE('',#1653,#1652,#1964,.T.);
#1279=EDGE_CURVE('',#1476,#1653,#1965,.T.);
#1280=EDGE_CURVE('',#1654,#1654,#107,.T.);
#1281=EDGE_CURVE('',#1655,#1655,#108,.T.);
#1282=EDGE_CURVE('',#1656,#1653,#1966,.T.);
#1283=EDGE_CURVE('',#1477,#1656,#1967,.T.);
#1284=EDGE_CURVE('',#1656,#1657,#1968,.T.);
#1285=EDGE_CURVE('',#1478,#1657,#1969,.T.);
#1286=EDGE_CURVE('',#1658,#1658,#109,.T.);
#1287=EDGE_CURVE('',#1659,#1659,#110,.T.);
#1288=EDGE_CURVE('',#1657,#1660,#1970,.T.);
#1289=EDGE_CURVE('',#1479,#1660,#1971,.T.);
#1290=EDGE_CURVE('',#1648,#1660,#1972,.T.);
#1291=EDGE_CURVE('',#1661,#1661,#111,.T.);
#1292=EDGE_CURVE('',#1649,#1662,#1973,.T.);
#1293=EDGE_CURVE('',#1447,#1662,#1974,.T.);
#1294=EDGE_CURVE('',#1662,#1663,#1975,.T.);
#1295=EDGE_CURVE('',#1663,#1448,#1976,.T.);
#1296=EDGE_CURVE('',#1664,#1449,#1977,.T.);
#1297=EDGE_CURVE('',#1664,#1665,#1978,.T.);
#1298=EDGE_CURVE('',#1665,#1442,#1979,.T.);
#1299=EDGE_CURVE('',#1666,#1638,#1980,.T.);
#1300=EDGE_CURVE('',#1667,#1666,#1981,.T.);
#1301=EDGE_CURVE('',#1667,#1472,#1982,.T.);
#1302=EDGE_CURVE('',#1640,#1494,#1983,.T.);
#1303=EDGE_CURVE('',#1641,#1493,#1984,.T.);
#1304=EDGE_CURVE('',#1427,#1668,#1985,.T.);
#1305=EDGE_CURVE('',#1642,#1668,#1986,.T.);
#1306=EDGE_CURVE('',#1668,#1669,#1987,.T.);
#1307=EDGE_CURVE('',#1669,#1639,#1988,.T.);
#1308=EDGE_CURVE('',#1631,#1492,#1989,.T.);
#1309=EDGE_CURVE('',#1670,#1629,#1990,.T.);
#1310=EDGE_CURVE('',#1671,#1670,#1991,.T.);
#1311=EDGE_CURVE('',#1630,#1671,#1992,.T.);
#1312=EDGE_CURVE('',#1434,#1671,#1993,.T.);
#1313=EDGE_CURVE('',#1672,#1461,#1994,.T.);
#1314=EDGE_CURVE('',#1673,#1672,#1995,.T.);
#1315=EDGE_CURVE('',#1462,#1673,#1996,.T.);
#1316=EDGE_CURVE('',#1645,#1673,#1997,.T.);
#1317=EDGE_CURVE('',#1672,#1636,#1998,.T.);
#1318=EDGE_CURVE('',#1670,#1625,#1999,.T.);
#1319=EDGE_CURVE('',#1669,#1623,#2000,.T.);
#1320=EDGE_CURVE('',#1663,#1634,#2001,.T.);
#1321=EDGE_CURVE('',#1674,#1599,#2002,.T.);
#1322=EDGE_CURVE('',#1674,#1672,#2003,.T.);
#1323=EDGE_CURVE('',#1675,#1598,#2004,.T.);
#1324=EDGE_CURVE('',#1674,#1675,#2005,.T.);
#1325=EDGE_CURVE('',#1675,#1636,#2006,.T.);
#1326=EDGE_CURVE('',#1676,#1634,#2007,.T.);
#1327=EDGE_CURVE('',#1677,#1676,#2008,.T.);
#1328=EDGE_CURVE('',#1677,#1663,#2009,.T.);
#1329=EDGE_CURVE('',#1677,#1664,#2010,.T.);
#1330=EDGE_CURVE('',#1676,#1665,#2011,.T.);
#1331=EDGE_CURVE('',#1678,#1632,#2012,.T.);
#1332=EDGE_CURVE('',#1678,#1679,#2013,.T.);
#1333=EDGE_CURVE('',#1679,#1633,#2014,.T.);
#1334=EDGE_CURVE('',#1678,#1625,#2015,.T.);
#1335=EDGE_CURVE('',#1679,#1670,#2016,.T.);
#1336=EDGE_CURVE('',#1680,#1623,#2017,.T.);
#1337=EDGE_CURVE('',#1680,#1681,#2018,.T.);
#1338=EDGE_CURVE('',#1681,#1669,#2019,.T.);
#1339=EDGE_CURVE('',#1681,#1666,#2020,.T.);
#1340=EDGE_CURVE('',#1680,#1667,#2021,.T.);
#1341=EDGE_CURVE('',#1622,#1606,#2022,.T.);
#1342=EDGE_CURVE('',#1682,#1501,#2023,.T.);
#1343=EDGE_CURVE('',#1682,#1683,#2024,.T.);
#1344=EDGE_CURVE('',#1683,#1502,#2025,.T.);
#1345=EDGE_CURVE('',#1500,#1684,#2026,.F.);
#1346=EDGE_CURVE('',#1684,#1685,#2027,.T.);
#1347=EDGE_CURVE('',#1685,#1562,#2028,.T.);
#1348=EDGE_CURVE('',#1686,#1561,#2029,.T.);
#1349=EDGE_CURVE('',#1686,#1682,#2030,.T.);
#1350=EDGE_CURVE('',#1687,#1560,#2031,.T.);
#1351=EDGE_CURVE('',#1687,#1686,#2032,.T.);
#1352=EDGE_CURVE('',#1503,#1688,#2033,.T.);
#1353=EDGE_CURVE('',#1683,#1687,#2034,.T.);
#1354=EDGE_CURVE('',#1559,#1689,#2035,.T.);
#1355=EDGE_CURVE('',#1689,#1688,#2036,.T.);
#1356=EDGE_CURVE('',#1605,#1602,#2037,.T.);
#1357=EDGE_CURVE('',#1619,#1610,#2038,.T.);
#1358=EDGE_CURVE('',#1614,#1617,#2039,.T.);
#1359=EDGE_CURVE('',#1618,#1613,#2040,.T.);
#1360=EDGE_CURVE('',#1609,#1690,#2041,.T.);
#1361=EDGE_CURVE('',#1690,#1621,#2042,.T.);
#1362=EDGE_CURVE('',#1567,#1691,#2043,.F.);
#1363=EDGE_CURVE('',#1691,#1692,#2044,.F.);
#1364=EDGE_CURVE('',#1692,#1514,#2045,.T.);
#1365=EDGE_CURVE('',#1690,#1568,#2046,.T.);
#1366=EDGE_CURVE('',#1547,#1693,#2047,.F.);
#1367=EDGE_CURVE('',#1693,#1694,#2048,.F.);
#1368=EDGE_CURVE('',#1694,#1549,#2049,.T.);
#1369=EDGE_CURVE('',#1695,#1550,#2050,.T.);
#1370=EDGE_CURVE('',#1696,#1695,#2051,.T.);
#1371=EDGE_CURVE('',#1696,#1548,#2052,.T.);
#1372=EDGE_CURVE('',#1695,#1592,#2053,.T.);
#1373=EDGE_CURVE('',#1697,#1552,#2054,.T.);
#1374=EDGE_CURVE('',#1697,#1698,#2055,.T.);
#1375=EDGE_CURVE('',#1698,#1553,#2056,.T.);
#1376=EDGE_CURVE('',#1699,#1551,#2057,.T.);
#1377=EDGE_CURVE('',#1699,#1700,#2058,.T.);
#1378=EDGE_CURVE('',#1700,#1546,#2059,.T.);
#1379=EDGE_CURVE('',#1701,#1545,#2060,.T.);
#1380=EDGE_CURVE('',#1701,#1697,#2061,.T.);
#1381=EDGE_CURVE('',#1702,#1544,#2062,.T.);
#1382=EDGE_CURVE('',#1702,#1701,#2063,.T.);
#1383=EDGE_CURVE('',#1554,#1703,#2064,.T.);
#1384=EDGE_CURVE('',#1698,#1702,#2065,.T.);
#1385=EDGE_CURVE('',#1543,#1704,#2066,.T.);
#1386=EDGE_CURVE('',#1704,#1703,#2067,.T.);
#1387=EDGE_CURVE('',#1591,#1696,#2068,.T.);
#1388=EDGE_CURVE('',#1574,#1580,#2069,.T.);
#1389=EDGE_CURVE('',#1584,#1587,#2070,.T.);
#1390=EDGE_CURVE('',#1588,#1583,#2071,.T.);
#1391=EDGE_CURVE('',#1579,#1575,#2072,.T.);
#1392=EDGE_CURVE('',#1705,#1706,#2073,.T.);
#1393=EDGE_CURVE('',#1706,#1707,#2074,.T.);
#1394=EDGE_CURVE('',#1707,#1601,#112,.T.);
#1395=EDGE_CURVE('',#1600,#1685,#113,.F.);
#1396=EDGE_CURVE('',#1684,#1708,#114,.F.);
#1397=EDGE_CURVE('',#1705,#1708,#2075,.T.);
#1398=EDGE_CURVE('',#1708,#1499,#2076,.T.);
#1399=EDGE_CURVE('',#1705,#1498,#2077,.T.);
#1400=EDGE_CURVE('',#1597,#1706,#115,.F.);
#1401=EDGE_CURVE('',#1589,#1703,#14,.F.);
#1402=EDGE_CURVE('',#1590,#1704,#15,.F.);
#1403=EDGE_CURVE('',#1699,#1694,#16,.F.);
#1404=EDGE_CURVE('',#1700,#1693,#17,.F.);
#1405=EDGE_CURVE('',#1603,#1688,#18,.F.);
#1406=EDGE_CURVE('',#1604,#1689,#19,.F.);
#1407=EDGE_CURVE('',#1611,#1692,#20,.T.);
#1408=EDGE_CURVE('',#1612,#1691,#21,.T.);
#1409=EDGE_CURVE('',#1607,#1615,#22,.T.);
#1410=EDGE_CURVE('',#1608,#1616,#23,.T.);
#1411=EDGE_CURVE('',#1581,#1573,#24,.T.);
#1412=EDGE_CURVE('',#1582,#1576,#25,.T.);
#1413=EDGE_CURVE('',#1585,#1578,#26,.T.);
#1414=EDGE_CURVE('',#1586,#1577,#27,.T.);
#1415=EDGE_CURVE('',#1595,#1707,#116,.T.);
#1416=EDGE_CURVE('',#1709,#1709,#117,.T.);
#1417=EDGE_CURVE('',#1710,#1710,#118,.T.);
#1418=EDGE_CURVE('',#1711,#1711,#119,.T.);
#1419=EDGE_CURVE('',#1712,#1712,#120,.T.);
#1420=EDGE_CURVE('',#1713,#1713,#121,.T.);
#1421=EDGE_CURVE('',#1714,#1714,#122,.T.);
#1422=EDGE_CURVE('',#1715,#1715,#123,.T.);
#1423=EDGE_CURVE('',#1716,#1716,#124,.T.);
#1424=VERTEX_POINT('',#4130);
#1425=VERTEX_POINT('',#4131);
#1426=VERTEX_POINT('',#4133);
#1427=VERTEX_POINT('',#4135);
#1428=VERTEX_POINT('',#4137);
#1429=VERTEX_POINT('',#4139);
#1430=VERTEX_POINT('',#4141);
#1431=VERTEX_POINT('',#4143);
#1432=VERTEX_POINT('',#4145);
#1433=VERTEX_POINT('',#4147);
#1434=VERTEX_POINT('',#4149);
#1435=VERTEX_POINT('',#4151);
#1436=VERTEX_POINT('',#4154);
#1437=VERTEX_POINT('',#4156);
#1438=VERTEX_POINT('',#4159);
#1439=VERTEX_POINT('',#4160);
#1440=VERTEX_POINT('',#4162);
#1441=VERTEX_POINT('',#4164);
#1442=VERTEX_POINT('',#4166);
#1443=VERTEX_POINT('',#4168);
#1444=VERTEX_POINT('',#4170);
#1445=VERTEX_POINT('',#4172);
#1446=VERTEX_POINT('',#4174);
#1447=VERTEX_POINT('',#4176);
#1448=VERTEX_POINT('',#4178);
#1449=VERTEX_POINT('',#4180);
#1450=VERTEX_POINT('',#4182);
#1451=VERTEX_POINT('',#4184);
#1452=VERTEX_POINT('',#4186);
#1453=VERTEX_POINT('',#4188);
#1454=VERTEX_POINT('',#4190);
#1455=VERTEX_POINT('',#4192);
#1456=VERTEX_POINT('',#4194);
#1457=VERTEX_POINT('',#4196);
#1458=VERTEX_POINT('',#4198);
#1459=VERTEX_POINT('',#4200);
#1460=VERTEX_POINT('',#4202);
#1461=VERTEX_POINT('',#4204);
#1462=VERTEX_POINT('',#4206);
#1463=VERTEX_POINT('',#4208);
#1464=VERTEX_POINT('',#4210);
#1465=VERTEX_POINT('',#4212);
#1466=VERTEX_POINT('',#4214);
#1467=VERTEX_POINT('',#4216);
#1468=VERTEX_POINT('',#4218);
#1469=VERTEX_POINT('',#4220);
#1470=VERTEX_POINT('',#4222);
#1471=VERTEX_POINT('',#4224);
#1472=VERTEX_POINT('',#4226);
#1473=VERTEX_POINT('',#4228);
#1474=VERTEX_POINT('',#4230);
#1475=VERTEX_POINT('',#4232);
#1476=VERTEX_POINT('',#4234);
#1477=VERTEX_POINT('',#4236);
#1478=VERTEX_POINT('',#4238);
#1479=VERTEX_POINT('',#4240);
#1480=VERTEX_POINT('',#4242);
#1481=VERTEX_POINT('',#4244);
#1482=VERTEX_POINT('',#4246);
#1483=VERTEX_POINT('',#4248);
#1484=VERTEX_POINT('',#4252);
#1485=VERTEX_POINT('',#4253);
#1486=VERTEX_POINT('',#4258);
#1487=VERTEX_POINT('',#4260);
#1488=VERTEX_POINT('',#4264);
#1489=VERTEX_POINT('',#4266);
#1490=VERTEX_POINT('',#4270);
#1491=VERTEX_POINT('',#4273);
#1492=VERTEX_POINT('',#4275);
#1493=VERTEX_POINT('',#4278);
#1494=VERTEX_POINT('',#4280);
#1495=VERTEX_POINT('',#4283);
#1496=VERTEX_POINT('',#4285);
#1497=VERTEX_POINT('',#4287);
#1498=VERTEX_POINT('',#4289);
#1499=VERTEX_POINT('',#4291);
#1500=VERTEX_POINT('',#4293);
#1501=VERTEX_POINT('',#4295);
#1502=VERTEX_POINT('',#4297);
#1503=VERTEX_POINT('',#4299);
#1504=VERTEX_POINT('',#4301);
#1505=VERTEX_POINT('',#4303);
#1506=VERTEX_POINT('',#4305);
#1507=VERTEX_POINT('',#4307);
#1508=VERTEX_POINT('',#4309);
#1509=VERTEX_POINT('',#4311);
#1510=VERTEX_POINT('',#4313);
#1511=VERTEX_POINT('',#4315);
#1512=VERTEX_POINT('',#4317);
#1513=VERTEX_POINT('',#4319);
#1514=VERTEX_POINT('',#4321);
#1515=VERTEX_POINT('',#4323);
#1516=VERTEX_POINT('',#4325);
#1517=VERTEX_POINT('',#4327);
#1518=VERTEX_POINT('',#4329);
#1519=VERTEX_POINT('',#4331);
#1520=VERTEX_POINT('',#4333);
#1521=VERTEX_POINT('',#4335);
#1522=VERTEX_POINT('',#4337);
#1523=VERTEX_POINT('',#4340);
#1524=VERTEX_POINT('',#4342);
#1525=VERTEX_POINT('',#4344);
#1526=VERTEX_POINT('',#4345);
#1527=VERTEX_POINT('',#4347);
#1528=VERTEX_POINT('',#4349);
#1529=VERTEX_POINT('',#4351);
#1530=VERTEX_POINT('',#4353);
#1531=VERTEX_POINT('',#4355);
#1532=VERTEX_POINT('',#4357);
#1533=VERTEX_POINT('',#4360);
#1534=VERTEX_POINT('',#4361);
#1535=VERTEX_POINT('',#4363);
#1536=VERTEX_POINT('',#4365);
#1537=VERTEX_POINT('',#4367);
#1538=VERTEX_POINT('',#4369);
#1539=VERTEX_POINT('',#4371);
#1540=VERTEX_POINT('',#4373);
#1541=VERTEX_POINT('',#4376);
#1542=VERTEX_POINT('',#4377);
#1543=VERTEX_POINT('',#4379);
#1544=VERTEX_POINT('',#4381);
#1545=VERTEX_POINT('',#4383);
#1546=VERTEX_POINT('',#4385);
#1547=VERTEX_POINT('',#4387);
#1548=VERTEX_POINT('',#4389);
#1549=VERTEX_POINT('',#4392);
#1550=VERTEX_POINT('',#4393);
#1551=VERTEX_POINT('',#4395);
#1552=VERTEX_POINT('',#4397);
#1553=VERTEX_POINT('',#4399);
#1554=VERTEX_POINT('',#4401);
#1555=VERTEX_POINT('',#4403);
#1556=VERTEX_POINT('',#4405);
#1557=VERTEX_POINT('',#4408);
#1558=VERTEX_POINT('',#4409);
#1559=VERTEX_POINT('',#4411);
#1560=VERTEX_POINT('',#4413);
#1561=VERTEX_POINT('',#4415);
#1562=VERTEX_POINT('',#4417);
#1563=VERTEX_POINT('',#4419);
#1564=VERTEX_POINT('',#4421);
#1565=VERTEX_POINT('',#4424);
#1566=VERTEX_POINT('',#4425);
#1567=VERTEX_POINT('',#4427);
#1568=VERTEX_POINT('',#4429);
#1569=VERTEX_POINT('',#4431);
#1570=VERTEX_POINT('',#4433);
#1571=VERTEX_POINT('',#4435);
#1572=VERTEX_POINT('',#4437);
#1573=VERTEX_POINT('',#4441);
#1574=VERTEX_POINT('',#4443);
#1575=VERTEX_POINT('',#4445);
#1576=VERTEX_POINT('',#4448);
#1577=VERTEX_POINT('',#4452);
#1578=VERTEX_POINT('',#4454);
#1579=VERTEX_POINT('',#4457);
#1580=VERTEX_POINT('',#4459);
#1581=VERTEX_POINT('',#4463);
#1582=VERTEX_POINT('',#4464);
#1583=VERTEX_POINT('',#4467);
#1584=VERTEX_POINT('',#4469);
#1585=VERTEX_POINT('',#4474);
#1586=VERTEX_POINT('',#4475);
#1587=VERTEX_POINT('',#4478);
#1588=VERTEX_POINT('',#4480);
#1589=VERTEX_POINT('',#4485);
#1590=VERTEX_POINT('',#4486);
#1591=VERTEX_POINT('',#4489);
#1592=VERTEX_POINT('',#4491);
#1593=VERTEX_POINT('',#4496);
#1594=VERTEX_POINT('',#4497);
#1595=VERTEX_POINT('',#4499);
#1596=VERTEX_POINT('',#4502);
#1597=VERTEX_POINT('',#4506);
#1598=VERTEX_POINT('',#4510);
#1599=VERTEX_POINT('',#4512);
#1600=VERTEX_POINT('',#4516);
#1601=VERTEX_POINT('',#4518);
#1602=VERTEX_POINT('',#4526);
#1603=VERTEX_POINT('',#4530);
#1604=VERTEX_POINT('',#4531);
#1605=VERTEX_POINT('',#4534);
#1606=VERTEX_POINT('',#4536);
#1607=VERTEX_POINT('',#4541);
#1608=VERTEX_POINT('',#4542);
#1609=VERTEX_POINT('',#4545);
#1610=VERTEX_POINT('',#4547);
#1611=VERTEX_POINT('',#4552);
#1612=VERTEX_POINT('',#4554);
#1613=VERTEX_POINT('',#4557);
#1614=VERTEX_POINT('',#4559);
#1615=VERTEX_POINT('',#4563);
#1616=VERTEX_POINT('',#4564);
#1617=VERTEX_POINT('',#4567);
#1618=VERTEX_POINT('',#4569);
#1619=VERTEX_POINT('',#4574);
#1620=VERTEX_POINT('',#4576);
#1621=VERTEX_POINT('',#4581);
#1622=VERTEX_POINT('',#4586);
#1623=VERTEX_POINT('',#4597);
#1624=VERTEX_POINT('',#4599);
#1625=VERTEX_POINT('',#4603);
#1626=VERTEX_POINT('',#4604);
#1627=VERTEX_POINT('',#4609);
#1628=VERTEX_POINT('',#4610);
#1629=VERTEX_POINT('',#4612);
#1630=VERTEX_POINT('',#4614);
#1631=VERTEX_POINT('',#4617);
#1632=VERTEX_POINT('',#4621);
#1633=VERTEX_POINT('',#4623);
#1634=VERTEX_POINT('',#4628);
#1635=VERTEX_POINT('',#4630);
#1636=VERTEX_POINT('',#4634);
#1637=VERTEX_POINT('',#4635);
#1638=VERTEX_POINT('',#4640);
#1639=VERTEX_POINT('',#4641);
#1640=VERTEX_POINT('',#4643);
#1641=VERTEX_POINT('',#4645);
#1642=VERTEX_POINT('',#4648);
#1643=VERTEX_POINT('',#4652);
#1644=VERTEX_POINT('',#4656);
#1645=VERTEX_POINT('',#4657);
#1646=VERTEX_POINT('',#4667);
#1647=VERTEX_POINT('',#4669);
#1648=VERTEX_POINT('',#4672);
#1649=VERTEX_POINT('',#4676);
#1650=VERTEX_POINT('',#4680);
#1651=VERTEX_POINT('',#4682);
#1652=VERTEX_POINT('',#4685);
#1653=VERTEX_POINT('',#4689);
#1654=VERTEX_POINT('',#4693);
#1655=VERTEX_POINT('',#4695);
#1656=VERTEX_POINT('',#4697);
#1657=VERTEX_POINT('',#4701);
#1658=VERTEX_POINT('',#4705);
#1659=VERTEX_POINT('',#4707);
#1660=VERTEX_POINT('',#4709);
#1661=VERTEX_POINT('',#4715);
#1662=VERTEX_POINT('',#4718);
#1663=VERTEX_POINT('',#4722);
#1664=VERTEX_POINT('',#4726);
#1665=VERTEX_POINT('',#4728);
#1666=VERTEX_POINT('',#4732);
#1667=VERTEX_POINT('',#4734);
#1668=VERTEX_POINT('',#4742);
#1669=VERTEX_POINT('',#4746);
#1670=VERTEX_POINT('',#4752);
#1671=VERTEX_POINT('',#4754);
#1672=VERTEX_POINT('',#4761);
#1673=VERTEX_POINT('',#4763);
#1674=VERTEX_POINT('',#4777);
#1675=VERTEX_POINT('',#4781);
#1676=VERTEX_POINT('',#4788);
#1677=VERTEX_POINT('',#4790);
#1678=VERTEX_POINT('',#4799);
#1679=VERTEX_POINT('',#4801);
#1680=VERTEX_POINT('',#4810);
#1681=VERTEX_POINT('',#4812);
#1682=VERTEX_POINT('',#4829);
#1683=VERTEX_POINT('',#4831);
#1684=VERTEX_POINT('',#4835);
#1685=VERTEX_POINT('',#4837);
#1686=VERTEX_POINT('',#4840);
#1687=VERTEX_POINT('',#4844);
#1688=VERTEX_POINT('',#4848);
#1689=VERTEX_POINT('',#4851);
#1690=VERTEX_POINT('',#4862);
#1691=VERTEX_POINT('',#4866);
#1692=VERTEX_POINT('',#4868);
#1693=VERTEX_POINT('',#4876);
#1694=VERTEX_POINT('',#4878);
#1695=VERTEX_POINT('',#4881);
#1696=VERTEX_POINT('',#4883);
#1697=VERTEX_POINT('',#4889);
#1698=VERTEX_POINT('',#4891);
#1699=VERTEX_POINT('',#4895);
#1700=VERTEX_POINT('',#4897);
#1701=VERTEX_POINT('',#4900);
#1702=VERTEX_POINT('',#4904);
#1703=VERTEX_POINT('',#4908);
#1704=VERTEX_POINT('',#4911);
#1705=VERTEX_POINT('',#4927);
#1706=VERTEX_POINT('',#4928);
#1707=VERTEX_POINT('',#4930);
#1708=VERTEX_POINT('',#4934);
#1709=VERTEX_POINT('',#4984);
#1710=VERTEX_POINT('',#4987);
#1711=VERTEX_POINT('',#4990);
#1712=VERTEX_POINT('',#4993);
#1713=VERTEX_POINT('',#4997);
#1714=VERTEX_POINT('',#5001);
#1715=VERTEX_POINT('',#5005);
#1716=VERTEX_POINT('',#5009);
#1717=LINE('',#4129,#2078);
#1718=LINE('',#4132,#2079);
#1719=LINE('',#4134,#2080);
#1720=LINE('',#4136,#2081);
#1721=LINE('',#4138,#2082);
#1722=LINE('',#4140,#2083);
#1723=LINE('',#4142,#2084);
#1724=LINE('',#4144,#2085);
#1725=LINE('',#4146,#2086);
#1726=LINE('',#4148,#2087);
#1727=LINE('',#4150,#2088);
#1728=LINE('',#4152,#2089);
#1729=LINE('',#4158,#2090);
#1730=LINE('',#4163,#2091);
#1731=LINE('',#4165,#2092);
#1732=LINE('',#4167,#2093);
#1733=LINE('',#4169,#2094);
#1734=LINE('',#4171,#2095);
#1735=LINE('',#4173,#2096);
#1736=LINE('',#4175,#2097);
#1737=LINE('',#4177,#2098);
#1738=LINE('',#4179,#2099);
#1739=LINE('',#4181,#2100);
#1740=LINE('',#4185,#2101);
#1741=LINE('',#4187,#2102);
#1742=LINE('',#4189,#2103);
#1743=LINE('',#4191,#2104);
#1744=LINE('',#4193,#2105);
#1745=LINE('',#4195,#2106);
#1746=LINE('',#4197,#2107);
#1747=LINE('',#4201,#2108);
#1748=LINE('',#4203,#2109);
#1749=LINE('',#4205,#2110);
#1750=LINE('',#4207,#2111);
#1751=LINE('',#4209,#2112);
#1752=LINE('',#4211,#2113);
#1753=LINE('',#4213,#2114);
#1754=LINE('',#4215,#2115);
#1755=LINE('',#4217,#2116);
#1756=LINE('',#4219,#2117);
#1757=LINE('',#4223,#2118);
#1758=LINE('',#4225,#2119);
#1759=LINE('',#4227,#2120);
#1760=LINE('',#4229,#2121);
#1761=LINE('',#4231,#2122);
#1762=LINE('',#4233,#2123);
#1763=LINE('',#4235,#2124);
#1764=LINE('',#4237,#2125);
#1765=LINE('',#4239,#2126);
#1766=LINE('',#4241,#2127);
#1767=LINE('',#4243,#2128);
#1768=LINE('',#4245,#2129);
#1769=LINE('',#4247,#2130);
#1770=LINE('',#4249,#2131);
#1771=LINE('',#4251,#2132);
#1772=LINE('',#4254,#2133);
#1773=LINE('',#4255,#2134);
#1774=LINE('',#4257,#2135);
#1775=LINE('',#4259,#2136);
#1776=LINE('',#4261,#2137);
#1777=LINE('',#4263,#2138);
#1778=LINE('',#4265,#2139);
#1779=LINE('',#4267,#2140);
#1780=LINE('',#4272,#2141);
#1781=LINE('',#4276,#2142);
#1782=LINE('',#4277,#2143);
#1783=LINE('',#4281,#2144);
#1784=LINE('',#4284,#2145);
#1785=LINE('',#4286,#2146);
#1786=LINE('',#4288,#2147);
#1787=LINE('',#4290,#2148);
#1788=LINE('',#4294,#2149);
#1789=LINE('',#4296,#2150);
#1790=LINE('',#4298,#2151);
#1791=LINE('',#4302,#2152);
#1792=LINE('',#4304,#2153);
#1793=LINE('',#4306,#2154);
#1794=LINE('',#4308,#2155);
#1795=LINE('',#4310,#2156);
#1796=LINE('',#4312,#2157);
#1797=LINE('',#4314,#2158);
#1798=LINE('',#4316,#2159);
#1799=LINE('',#4318,#2160);
#1800=LINE('',#4320,#2161);
#1801=LINE('',#4324,#2162);
#1802=LINE('',#4326,#2163);
#1803=LINE('',#4328,#2164);
#1804=LINE('',#4332,#2165);
#1805=LINE('',#4334,#2166);
#1806=LINE('',#4338,#2167);
#1807=LINE('',#4343,#2168);
#1808=LINE('',#4348,#2169);
#1809=LINE('',#4350,#2170);
#1810=LINE('',#4352,#2171);
#1811=LINE('',#4356,#2172);
#1812=LINE('',#4358,#2173);
#1813=LINE('',#4359,#2174);
#1814=LINE('',#4364,#2175);
#1815=LINE('',#4366,#2176);
#1816=LINE('',#4368,#2177);
#1817=LINE('',#4372,#2178);
#1818=LINE('',#4374,#2179);
#1819=LINE('',#4375,#2180);
#1820=LINE('',#4380,#2181);
#1821=LINE('',#4382,#2182);
#1822=LINE('',#4384,#2183);
#1823=LINE('',#4388,#2184);
#1824=LINE('',#4390,#2185);
#1825=LINE('',#4391,#2186);
#1826=LINE('',#4396,#2187);
#1827=LINE('',#4398,#2188);
#1828=LINE('',#4400,#2189);
#1829=LINE('',#4404,#2190);
#1830=LINE('',#4406,#2191);
#1831=LINE('',#4407,#2192);
#1832=LINE('',#4412,#2193);
#1833=LINE('',#4414,#2194);
#1834=LINE('',#4416,#2195);
#1835=LINE('',#4420,#2196);
#1836=LINE('',#4422,#2197);
#1837=LINE('',#4423,#2198);
#1838=LINE('',#4428,#2199);
#1839=LINE('',#4430,#2200);
#1840=LINE('',#4432,#2201);
#1841=LINE('',#4436,#2202);
#1842=LINE('',#4438,#2203);
#1843=LINE('',#4440,#2204);
#1844=LINE('',#4442,#2205);
#1845=LINE('',#4444,#2206);
#1846=LINE('',#4446,#2207);
#1847=LINE('',#4447,#2208);
#1848=LINE('',#4449,#2209);
#1849=LINE('',#4451,#2210);
#1850=LINE('',#4453,#2211);
#1851=LINE('',#4455,#2212);
#1852=LINE('',#4456,#2213);
#1853=LINE('',#4458,#2214);
#1854=LINE('',#4460,#2215);
#1855=LINE('',#4462,#2216);
#1856=LINE('',#4465,#2217);
#1857=LINE('',#4466,#2218);
#1858=LINE('',#4468,#2219);
#1859=LINE('',#4470,#2220);
#1860=LINE('',#4471,#2221);
#1861=LINE('',#4473,#2222);
#1862=LINE('',#4476,#2223);
#1863=LINE('',#4477,#2224);
#1864=LINE('',#4479,#2225);
#1865=LINE('',#4481,#2226);
#1866=LINE('',#4482,#2227);
#1867=LINE('',#4484,#2228);
#1868=LINE('',#4487,#2229);
#1869=LINE('',#4488,#2230);
#1870=LINE('',#4490,#2231);
#1871=LINE('',#4492,#2232);
#1872=LINE('',#4493,#2233);
#1873=LINE('',#4495,#2234);
#1874=LINE('',#4500,#2235);
#1875=LINE('',#4501,#2236);
#1876=LINE('',#4505,#2237);
#1877=LINE('',#4507,#2238);
#1878=LINE('',#4508,#2239);
#1879=LINE('',#4509,#2240);
#1880=LINE('',#4511,#2241);
#1881=LINE('',#4513,#2242);
#1882=LINE('',#4515,#2243);
#1883=LINE('',#4517,#2244);
#1884=LINE('',#4525,#2245);
#1885=LINE('',#4527,#2246);
#1886=LINE('',#4529,#2247);
#1887=LINE('',#4532,#2248);
#1888=LINE('',#4533,#2249);
#1889=LINE('',#4535,#2250);
#1890=LINE('',#4537,#2251);
#1891=LINE('',#4538,#2252);
#1892=LINE('',#4540,#2253);
#1893=LINE('',#4543,#2254);
#1894=LINE('',#4544,#2255);
#1895=LINE('',#4546,#2256);
#1896=LINE('',#4548,#2257);
#1897=LINE('',#4549,#2258);
#1898=LINE('',#4551,#2259);
#1899=LINE('',#4553,#2260);
#1900=LINE('',#4555,#2261);
#1901=LINE('',#4556,#2262);
#1902=LINE('',#4558,#2263);
#1903=LINE('',#4560,#2264);
#1904=LINE('',#4562,#2265);
#1905=LINE('',#4565,#2266);
#1906=LINE('',#4566,#2267);
#1907=LINE('',#4568,#2268);
#1908=LINE('',#4570,#2269);
#1909=LINE('',#4571,#2270);
#1910=LINE('',#4573,#2271);
#1911=LINE('',#4577,#2272);
#1912=LINE('',#4578,#2273);
#1913=LINE('',#4580,#2274);
#1914=LINE('',#4582,#2275);
#1915=LINE('',#4583,#2276);
#1916=LINE('',#4585,#2277);
#1917=LINE('',#4587,#2278);
#1918=LINE('',#4588,#2279);
#1919=LINE('',#4590,#2280);
#1920=LINE('',#4591,#2281);
#1921=LINE('',#4593,#2282);
#1922=LINE('',#4594,#2283);
#1923=LINE('',#4596,#2284);
#1924=LINE('',#4598,#2285);
#1925=LINE('',#4600,#2286);
#1926=LINE('',#4602,#2287);
#1927=LINE('',#4605,#2288);
#1928=LINE('',#4606,#2289);
#1929=LINE('',#4608,#2290);
#1930=LINE('',#4611,#2291);
#1931=LINE('',#4613,#2292);
#1932=LINE('',#4615,#2293);
#1933=LINE('',#4616,#2294);
#1934=LINE('',#4620,#2295);
#1935=LINE('',#4622,#2296);
#1936=LINE('',#4624,#2297);
#1937=LINE('',#4625,#2298);
#1938=LINE('',#4627,#2299);
#1939=LINE('',#4629,#2300);
#1940=LINE('',#4631,#2301);
#1941=LINE('',#4633,#2302);
#1942=LINE('',#4636,#2303);
#1943=LINE('',#4637,#2304);
#1944=LINE('',#4639,#2305);
#1945=LINE('',#4642,#2306);
#1946=LINE('',#4646,#2307);
#1947=LINE('',#4647,#2308);
#1948=LINE('',#4649,#2309);
#1949=LINE('',#4651,#2310);
#1950=LINE('',#4653,#2311);
#1951=LINE('',#4655,#2312);
#1952=LINE('',#4658,#2313);
#1953=LINE('',#4659,#2314);
#1954=LINE('',#4662,#2315);
#1955=LINE('',#4664,#2316);
#1956=LINE('',#4670,#2317);
#1957=LINE('',#4671,#2318);
#1958=LINE('',#4673,#2319);
#1959=LINE('',#4675,#2320);
#1960=LINE('',#4677,#2321);
#1961=LINE('',#4683,#2322);
#1962=LINE('',#4684,#2323);
#1963=LINE('',#4686,#2324);
#1964=LINE('',#4688,#2325);
#1965=LINE('',#4690,#2326);
#1966=LINE('',#4696,#2327);
#1967=LINE('',#4698,#2328);
#1968=LINE('',#4700,#2329);
#1969=LINE('',#4702,#2330);
#1970=LINE('',#4708,#2331);
#1971=LINE('',#4710,#2332);
#1972=LINE('',#4712,#2333);
#1973=LINE('',#4717,#2334);
#1974=LINE('',#4719,#2335);
#1975=LINE('',#4721,#2336);
#1976=LINE('',#4723,#2337);
#1977=LINE('',#4725,#2338);
#1978=LINE('',#4727,#2339);
#1979=LINE('',#4729,#2340);
#1980=LINE('',#4731,#2341);
#1981=LINE('',#4733,#2342);
#1982=LINE('',#4735,#2343);
#1983=LINE('',#4736,#2344);
#1984=LINE('',#4738,#2345);
#1985=LINE('',#4741,#2346);
#1986=LINE('',#4743,#2347);
#1987=LINE('',#4745,#2348);
#1988=LINE('',#4747,#2349);
#1989=LINE('',#4749,#2350);
#1990=LINE('',#4751,#2351);
#1991=LINE('',#4753,#2352);
#1992=LINE('',#4755,#2353);
#1993=LINE('',#4757,#2354);
#1994=LINE('',#4760,#2355);
#1995=LINE('',#4762,#2356);
#1996=LINE('',#4764,#2357);
#1997=LINE('',#4766,#2358);
#1998=LINE('',#4768,#2359);
#1999=LINE('',#4770,#2360);
#2000=LINE('',#4772,#2361);
#2001=LINE('',#4774,#2362);
#2002=LINE('',#4776,#2363);
#2003=LINE('',#4778,#2364);
#2004=LINE('',#4780,#2365);
#2005=LINE('',#4782,#2366);
#2006=LINE('',#4784,#2367);
#2007=LINE('',#4787,#2368);
#2008=LINE('',#4789,#2369);
#2009=LINE('',#4791,#2370);
#2010=LINE('',#4793,#2371);
#2011=LINE('',#4794,#2372);
#2012=LINE('',#4798,#2373);
#2013=LINE('',#4800,#2374);
#2014=LINE('',#4802,#2375);
#2015=LINE('',#4804,#2376);
#2016=LINE('',#4806,#2377);
#2017=LINE('',#4809,#2378);
#2018=LINE('',#4811,#2379);
#2019=LINE('',#4813,#2380);
#2020=LINE('',#4815,#2381);
#2021=LINE('',#4816,#2382);
#2022=LINE('',#4826,#2383);
#2023=LINE('',#4828,#2384);
#2024=LINE('',#4830,#2385);
#2025=LINE('',#4832,#2386);
#2026=LINE('',#4834,#2387);
#2027=LINE('',#4836,#2388);
#2028=LINE('',#4838,#2389);
#2029=LINE('',#4839,#2390);
#2030=LINE('',#4841,#2391);
#2031=LINE('',#4843,#2392);
#2032=LINE('',#4845,#2393);
#2033=LINE('',#4847,#2394);
#2034=LINE('',#4849,#2395);
#2035=LINE('',#4850,#2396);
#2036=LINE('',#4852,#2397);
#2037=LINE('',#4854,#2398);
#2038=LINE('',#4857,#2399);
#2039=LINE('',#4859,#2400);
#2040=LINE('',#4860,#2401);
#2041=LINE('',#4861,#2402);
#2042=LINE('',#4863,#2403);
#2043=LINE('',#4865,#2404);
#2044=LINE('',#4867,#2405);
#2045=LINE('',#4869,#2406);
#2046=LINE('',#4870,#2407);
#2047=LINE('',#4875,#2408);
#2048=LINE('',#4877,#2409);
#2049=LINE('',#4879,#2410);
#2050=LINE('',#4880,#2411);
#2051=LINE('',#4882,#2412);
#2052=LINE('',#4884,#2413);
#2053=LINE('',#4886,#2414);
#2054=LINE('',#4888,#2415);
#2055=LINE('',#4890,#2416);
#2056=LINE('',#4892,#2417);
#2057=LINE('',#4894,#2418);
#2058=LINE('',#4896,#2419);
#2059=LINE('',#4898,#2420);
#2060=LINE('',#4899,#2421);
#2061=LINE('',#4901,#2422);
#2062=LINE('',#4903,#2423);
#2063=LINE('',#4905,#2424);
#2064=LINE('',#4907,#2425);
#2065=LINE('',#4909,#2426);
#2066=LINE('',#4910,#2427);
#2067=LINE('',#4912,#2428);
#2068=LINE('',#4914,#2429);
#2069=LINE('',#4917,#2430);
#2070=LINE('',#4919,#2431);
#2071=LINE('',#4921,#2432);
#2072=LINE('',#4923,#2433);
#2073=LINE('',#4926,#2434);
#2074=LINE('',#4929,#2435);
#2075=LINE('',#4935,#2436);
#2076=LINE('',#4937,#2437);
#2077=LINE('',#4938,#2438);
#2078=VECTOR('',#3322,1.);
#2079=VECTOR('',#3323,1.);
#2080=VECTOR('',#3324,1.);
#2081=VECTOR('',#3325,1.);
#2082=VECTOR('',#3326,1.);
#2083=VECTOR('',#3327,1.);
#2084=VECTOR('',#3328,1.);
#2085=VECTOR('',#3329,1.);
#2086=VECTOR('',#3330,1.);
#2087=VECTOR('',#3331,1.);
#2088=VECTOR('',#3332,1.);
#2089=VECTOR('',#3333,1.);
#2090=VECTOR('',#3340,1.);
#2091=VECTOR('',#3343,1.);
#2092=VECTOR('',#3344,1.);
#2093=VECTOR('',#3345,1.);
#2094=VECTOR('',#3346,1.);
#2095=VECTOR('',#3347,1.);
#2096=VECTOR('',#3348,1.);
#2097=VECTOR('',#3349,1.);
#2098=VECTOR('',#3350,1.);
#2099=VECTOR('',#3351,1.);
#2100=VECTOR('',#3352,1.);
#2101=VECTOR('',#3355,1.);
#2102=VECTOR('',#3356,1.);
#2103=VECTOR('',#3357,1.);
#2104=VECTOR('',#3358,1.);
#2105=VECTOR('',#3359,1.);
#2106=VECTOR('',#3360,1.);
#2107=VECTOR('',#3361,1.);
#2108=VECTOR('',#3364,1.);
#2109=VECTOR('',#3365,1.);
#2110=VECTOR('',#3366,1.);
#2111=VECTOR('',#3367,1.);
#2112=VECTOR('',#3368,1.);
#2113=VECTOR('',#3369,1.);
#2114=VECTOR('',#3370,1.);
#2115=VECTOR('',#3371,1.);
#2116=VECTOR('',#3372,1.);
#2117=VECTOR('',#3373,1.);
#2118=VECTOR('',#3376,1.);
#2119=VECTOR('',#3377,1.);
#2120=VECTOR('',#3378,1.);
#2121=VECTOR('',#3379,1.);
#2122=VECTOR('',#3380,1.);
#2123=VECTOR('',#3381,1.);
#2124=VECTOR('',#3382,1.);
#2125=VECTOR('',#3383,1.);
#2126=VECTOR('',#3384,1.);
#2127=VECTOR('',#3385,1.);
#2128=VECTOR('',#3386,1.);
#2129=VECTOR('',#3387,1.);
#2130=VECTOR('',#3388,1.);
#2131=VECTOR('',#3389,1.);
#2132=VECTOR('',#3392,1.);
#2133=VECTOR('',#3393,1.);
#2134=VECTOR('',#3394,1.);
#2135=VECTOR('',#3397,1.);
#2136=VECTOR('',#3398,1.);
#2137=VECTOR('',#3399,1.);
#2138=VECTOR('',#3402,1.);
#2139=VECTOR('',#3403,1.);
#2140=VECTOR('',#3404,1.);
#2141=VECTOR('',#3411,1.);
#2142=VECTOR('',#3414,1.);
#2143=VECTOR('',#3415,1.);
#2144=VECTOR('',#3418,1.);
#2145=VECTOR('',#3421,1.);
#2146=VECTOR('',#3422,1.);
#2147=VECTOR('',#3423,1.);
#2148=VECTOR('',#3424,1.);
#2149=VECTOR('',#3427,1.);
#2150=VECTOR('',#3428,1.);
#2151=VECTOR('',#3429,1.);
#2152=VECTOR('',#3432,1.);
#2153=VECTOR('',#3433,1.);
#2154=VECTOR('',#3434,1.);
#2155=VECTOR('',#3435,1.);
#2156=VECTOR('',#3436,1.);
#2157=VECTOR('',#3437,1.);
#2158=VECTOR('',#3438,1.);
#2159=VECTOR('',#3439,1.);
#2160=VECTOR('',#3440,1.);
#2161=VECTOR('',#3441,1.);
#2162=VECTOR('',#3444,1.);
#2163=VECTOR('',#3445,1.);
#2164=VECTOR('',#3446,1.);
#2165=VECTOR('',#3449,1.);
#2166=VECTOR('',#3450,1.);
#2167=VECTOR('',#3453,1.);
#2168=VECTOR('',#3458,1.);
#2169=VECTOR('',#3461,1.);
#2170=VECTOR('',#3462,1.);
#2171=VECTOR('',#3463,1.);
#2172=VECTOR('',#3466,1.);
#2173=VECTOR('',#3467,1.);
#2174=VECTOR('',#3468,1.);
#2175=VECTOR('',#3471,1.);
#2176=VECTOR('',#3472,1.);
#2177=VECTOR('',#3473,1.);
#2178=VECTOR('',#3476,1.);
#2179=VECTOR('',#3477,1.);
#2180=VECTOR('',#3478,1.);
#2181=VECTOR('',#3481,1.);
#2182=VECTOR('',#3482,1.);
#2183=VECTOR('',#3483,1.);
#2184=VECTOR('',#3486,1.);
#2185=VECTOR('',#3487,1.);
#2186=VECTOR('',#3488,1.);
#2187=VECTOR('',#3491,1.);
#2188=VECTOR('',#3492,1.);
#2189=VECTOR('',#3493,1.);
#2190=VECTOR('',#3496,1.);
#2191=VECTOR('',#3497,1.);
#2192=VECTOR('',#3498,1.);
#2193=VECTOR('',#3501,1.);
#2194=VECTOR('',#3502,1.);
#2195=VECTOR('',#3503,1.);
#2196=VECTOR('',#3506,1.);
#2197=VECTOR('',#3507,1.);
#2198=VECTOR('',#3508,1.);
#2199=VECTOR('',#3511,1.);
#2200=VECTOR('',#3512,1.);
#2201=VECTOR('',#3513,1.);
#2202=VECTOR('',#3516,1.);
#2203=VECTOR('',#3517,1.);
#2204=VECTOR('',#3520,1.);
#2205=VECTOR('',#3521,1.);
#2206=VECTOR('',#3522,1.);
#2207=VECTOR('',#3523,1.);
#2208=VECTOR('',#3524,1.);
#2209=VECTOR('',#3525,1.);
#2210=VECTOR('',#3528,1.);
#2211=VECTOR('',#3529,1.);
#2212=VECTOR('',#3530,1.);
#2213=VECTOR('',#3531,1.);
#2214=VECTOR('',#3532,1.);
#2215=VECTOR('',#3533,1.);
#2216=VECTOR('',#3536,1.);
#2217=VECTOR('',#3537,1.);
#2218=VECTOR('',#3538,1.);
#2219=VECTOR('',#3539,1.);
#2220=VECTOR('',#3540,1.);
#2221=VECTOR('',#3541,1.);
#2222=VECTOR('',#3544,1.);
#2223=VECTOR('',#3545,1.);
#2224=VECTOR('',#3546,1.);
#2225=VECTOR('',#3547,1.);
#2226=VECTOR('',#3548,1.);
#2227=VECTOR('',#3549,1.);
#2228=VECTOR('',#3552,1.);
#2229=VECTOR('',#3553,1.);
#2230=VECTOR('',#3554,1.);
#2231=VECTOR('',#3555,1.);
#2232=VECTOR('',#3556,1.);
#2233=VECTOR('',#3557,1.);
#2234=VECTOR('',#3560,1.);
#2235=VECTOR('',#3563,1.);
#2236=VECTOR('',#3564,1.);
#2237=VECTOR('',#3569,1.);
#2238=VECTOR('',#3570,1.);
#2239=VECTOR('',#3571,1.);
#2240=VECTOR('',#3572,1.);
#2241=VECTOR('',#3573,1.);
#2242=VECTOR('',#3574,1.);
#2243=VECTOR('',#3577,1.);
#2244=VECTOR('',#3578,1.);
#2245=VECTOR('',#3579,1.);
#2246=VECTOR('',#3580,1.);
#2247=VECTOR('',#3583,1.);
#2248=VECTOR('',#3584,1.);
#2249=VECTOR('',#3585,1.);
#2250=VECTOR('',#3586,1.);
#2251=VECTOR('',#3587,1.);
#2252=VECTOR('',#3588,1.);
#2253=VECTOR('',#3591,1.);
#2254=VECTOR('',#3592,1.);
#2255=VECTOR('',#3593,1.);
#2256=VECTOR('',#3594,1.);
#2257=VECTOR('',#3595,1.);
#2258=VECTOR('',#3596,1.);
#2259=VECTOR('',#3599,1.);
#2260=VECTOR('',#3600,1.);
#2261=VECTOR('',#3601,1.);
#2262=VECTOR('',#3602,1.);
#2263=VECTOR('',#3603,1.);
#2264=VECTOR('',#3604,1.);
#2265=VECTOR('',#3607,1.);
#2266=VECTOR('',#3608,1.);
#2267=VECTOR('',#3609,1.);
#2268=VECTOR('',#3610,1.);
#2269=VECTOR('',#3611,1.);
#2270=VECTOR('',#3612,1.);
#2271=VECTOR('',#3615,1.);
#2272=VECTOR('',#3618,1.);
#2273=VECTOR('',#3619,1.);
#2274=VECTOR('',#3622,1.);
#2275=VECTOR('',#3623,1.);
#2276=VECTOR('',#3624,1.);
#2277=VECTOR('',#3627,1.);
#2278=VECTOR('',#3628,1.);
#2279=VECTOR('',#3629,1.);
#2280=VECTOR('',#3632,1.);
#2281=VECTOR('',#3633,1.);
#2282=VECTOR('',#3636,1.);
#2283=VECTOR('',#3637,1.);
#2284=VECTOR('',#3640,1.);
#2285=VECTOR('',#3641,1.);
#2286=VECTOR('',#3642,1.);
#2287=VECTOR('',#3645,1.);
#2288=VECTOR('',#3646,1.);
#2289=VECTOR('',#3647,1.);
#2290=VECTOR('',#3650,1.);
#2291=VECTOR('',#3651,1.);
#2292=VECTOR('',#3652,1.);
#2293=VECTOR('',#3653,1.);
#2294=VECTOR('',#3654,1.);
#2295=VECTOR('',#3659,1.);
#2296=VECTOR('',#3660,1.);
#2297=VECTOR('',#3661,1.);
#2298=VECTOR('',#3662,1.);
#2299=VECTOR('',#3665,1.);
#2300=VECTOR('',#3666,1.);
#2301=VECTOR('',#3667,1.);
#2302=VECTOR('',#3670,1.);
#2303=VECTOR('',#3671,1.);
#2304=VECTOR('',#3672,1.);
#2305=VECTOR('',#3675,1.);
#2306=VECTOR('',#3676,1.);
#2307=VECTOR('',#3679,1.);
#2308=VECTOR('',#3680,1.);
#2309=VECTOR('',#3681,1.);
#2310=VECTOR('',#3684,1.);
#2311=VECTOR('',#3685,1.);
#2312=VECTOR('',#3688,1.);
#2313=VECTOR('',#3689,1.);
#2314=VECTOR('',#3690,1.);
#2315=VECTOR('',#3695,1.);
#2316=VECTOR('',#3698,1.);
#2317=VECTOR('',#3705,1.);
#2318=VECTOR('',#3706,1.);
#2319=VECTOR('',#3707,1.);
#2320=VECTOR('',#3710,1.);
#2321=VECTOR('',#3711,1.);
#2322=VECTOR('',#3718,1.);
#2323=VECTOR('',#3719,1.);
#2324=VECTOR('',#3720,1.);
#2325=VECTOR('',#3723,1.);
#2326=VECTOR('',#3724,1.);
#2327=VECTOR('',#3731,1.);
#2328=VECTOR('',#3732,1.);
#2329=VECTOR('',#3735,1.);
#2330=VECTOR('',#3736,1.);
#2331=VECTOR('',#3743,1.);
#2332=VECTOR('',#3744,1.);
#2333=VECTOR('',#3747,1.);
#2334=VECTOR('',#3754,1.);
#2335=VECTOR('',#3755,1.);
#2336=VECTOR('',#3758,1.);
#2337=VECTOR('',#3759,1.);
#2338=VECTOR('',#3762,1.);
#2339=VECTOR('',#3763,1.);
#2340=VECTOR('',#3764,1.);
#2341=VECTOR('',#3767,1.);
#2342=VECTOR('',#3768,1.);
#2343=VECTOR('',#3769,1.);
#2344=VECTOR('',#3770,1.);
#2345=VECTOR('',#3773,1.);
#2346=VECTOR('',#3778,1.);
#2347=VECTOR('',#3779,1.);
#2348=VECTOR('',#3782,1.);
#2349=VECTOR('',#3783,1.);
#2350=VECTOR('',#3786,1.);
#2351=VECTOR('',#3789,1.);
#2352=VECTOR('',#3790,1.);
#2353=VECTOR('',#3791,1.);
#2354=VECTOR('',#3794,1.);
#2355=VECTOR('',#3799,1.);
#2356=VECTOR('',#3800,1.);
#2357=VECTOR('',#3801,1.);
#2358=VECTOR('',#3804,1.);
#2359=VECTOR('',#3807,1.);
#2360=VECTOR('',#3810,1.);
#2361=VECTOR('',#3813,1.);
#2362=VECTOR('',#3816,1.);
#2363=VECTOR('',#3819,1.);
#2364=VECTOR('',#3820,1.);
#2365=VECTOR('',#3823,1.);
#2366=VECTOR('',#3824,1.);
#2367=VECTOR('',#3827,1.);
#2368=VECTOR('',#3832,1.);
#2369=VECTOR('',#3833,1.);
#2370=VECTOR('',#3834,1.);
#2371=VECTOR('',#3837,1.);
#2372=VECTOR('',#3838,1.);
#2373=VECTOR('',#3845,1.);
#2374=VECTOR('',#3846,1.);
#2375=VECTOR('',#3847,1.);
#2376=VECTOR('',#3850,1.);
#2377=VECTOR('',#3853,1.);
#2378=VECTOR('',#3858,1.);
#2379=VECTOR('',#3859,1.);
#2380=VECTOR('',#3860,1.);
#2381=VECTOR('',#3863,1.);
#2382=VECTOR('',#3864,1.);
#2383=VECTOR('',#3883,1.);
#2384=VECTOR('',#3886,1.);
#2385=VECTOR('',#3887,1.);
#2386=VECTOR('',#3888,1.);
#2387=VECTOR('',#3891,1.);
#2388=VECTOR('',#3892,1.);
#2389=VECTOR('',#3893,1.);
#2390=VECTOR('',#3894,1.);
#2391=VECTOR('',#3895,1.);
#2392=VECTOR('',#3898,1.);
#2393=VECTOR('',#3899,1.);
#2394=VECTOR('',#3902,1.);
#2395=VECTOR('',#3903,1.);
#2396=VECTOR('',#3904,1.);
#2397=VECTOR('',#3905,1.);
#2398=VECTOR('',#3908,1.);
#2399=VECTOR('',#3913,1.);
#2400=VECTOR('',#3916,1.);
#2401=VECTOR('',#3917,1.);
#2402=VECTOR('',#3918,1.);
#2403=VECTOR('',#3919,1.);
#2404=VECTOR('',#3922,1.);
#2405=VECTOR('',#3923,1.);
#2406=VECTOR('',#3924,1.);
#2407=VECTOR('',#3925,1.);
#2408=VECTOR('',#3934,1.);
#2409=VECTOR('',#3935,1.);
#2410=VECTOR('',#3936,1.);
#2411=VECTOR('',#3937,1.);
#2412=VECTOR('',#3938,1.);
#2413=VECTOR('',#3939,1.);
#2414=VECTOR('',#3942,1.);
#2415=VECTOR('',#3945,1.);
#2416=VECTOR('',#3946,1.);
#2417=VECTOR('',#3947,1.);
#2418=VECTOR('',#3950,1.);
#2419=VECTOR('',#3951,1.);
#2420=VECTOR('',#3952,1.);
#2421=VECTOR('',#3953,1.);
#2422=VECTOR('',#3954,1.);
#2423=VECTOR('',#3957,1.);
#2424=VECTOR('',#3958,1.);
#2425=VECTOR('',#3961,1.);
#2426=VECTOR('',#3962,1.);
#2427=VECTOR('',#3963,1.);
#2428=VECTOR('',#3964,1.);
#2429=VECTOR('',#3967,1.);
#2430=VECTOR('',#3972,1.);
#2431=VECTOR('',#3975,1.);
#2432=VECTOR('',#3978,1.);
#2433=VECTOR('',#3981,1.);
#2434=VECTOR('',#3986,1.);
#2435=VECTOR('',#3987,1.);
#2436=VECTOR('',#3994,1.);
#2437=VECTOR('',#3997,1.);
#2438=VECTOR('',#3998,1.);
#2439=EDGE_LOOP('',(#125,#126,#127,#128,#129,#130,#131,#132,#133,#134,#135,
#136));
#2440=EDGE_LOOP('',(#137));
#2441=EDGE_LOOP('',(#138));
#2442=EDGE_LOOP('',(#139,#140,#141,#142,#143,#144,#145,#146,#147,#148,#149,
#150,#151,#152,#153,#154,#155,#156,#157,#158,#159,#160,#161,#162,#163,#164,
#165,#166,#167,#168,#169,#170,#171,#172,#173,#174,#175,#176,#177,#178,#179,
#180,#181,#182,#183,#184));
#2443=EDGE_LOOP('',(#185,#186,#187,#188));
#2444=EDGE_LOOP('',(#189,#190,#191,#192));
#2445=EDGE_LOOP('',(#193,#194,#195,#196));
#2446=EDGE_LOOP('',(#197));
#2447=EDGE_LOOP('',(#198,#199,#200,#201,#202,#203,#204,#205,#206,#207,#208,
#209,#210,#211,#212,#213,#214,#215,#216,#217,#218,#219,#220,#221,#222,#223,
#224,#225,#226,#227,#228,#229,#230,#231,#232,#233,#234,#235,#236,#237));
#2448=EDGE_LOOP('',(#238));
#2449=EDGE_LOOP('',(#239));
#2450=EDGE_LOOP('',(#240,#241,#242,#243,#244,#245,#246,#247));
#2451=EDGE_LOOP('',(#248,#249,#250,#251,#252,#253,#254,#255));
#2452=EDGE_LOOP('',(#256,#257,#258,#259,#260,#261,#262,#263));
#2453=EDGE_LOOP('',(#264,#265,#266,#267,#268,#269,#270,#271));
#2454=EDGE_LOOP('',(#272,#273,#274,#275,#276,#277,#278,#279));
#2455=EDGE_LOOP('',(#280,#281,#282,#283,#284,#285,#286,#287));
#2456=EDGE_LOOP('',(#288,#289,#290,#291,#292,#293,#294,#295));
#2457=EDGE_LOOP('',(#296,#297,#298,#299,#300,#301,#302,#303));
#2458=EDGE_LOOP('',(#304,#305,#306,#307,#308,#309,#310,#311));
#2459=EDGE_LOOP('',(#312,#313,#314,#315,#316,#317,#318,#319));
#2460=EDGE_LOOP('',(#320,#321,#322,#323,#324,#325,#326,#327));
#2461=EDGE_LOOP('',(#328,#329,#330,#331,#332,#333));
#2462=EDGE_LOOP('',(#334,#335,#336,#337,#338,#339,#340,#341,#342,#343));
#2463=EDGE_LOOP('',(#344,#345,#346,#347,#348,#349,#350));
#2464=EDGE_LOOP('',(#351,#352,#353,#354,#355,#356,#357,#358));
#2465=EDGE_LOOP('',(#359,#360,#361,#362,#363,#364,#365,#366));
#2466=EDGE_LOOP('',(#367,#368,#369,#370,#371,#372,#373,#374));
#2467=EDGE_LOOP('',(#375,#376,#377,#378,#379,#380,#381,#382));
#2468=EDGE_LOOP('',(#383,#384,#385,#386,#387,#388));
#2469=EDGE_LOOP('',(#389,#390,#391,#392,#393,#394));
#2470=EDGE_LOOP('',(#395,#396,#397,#398,#399,#400));
#2471=EDGE_LOOP('',(#401,#402,#403,#404));
#2472=EDGE_LOOP('',(#405,#406,#407,#408));
#2473=EDGE_LOOP('',(#409,#410,#411,#412));
#2474=EDGE_LOOP('',(#413,#414,#415,#416));
#2475=EDGE_LOOP('',(#417,#418,#419,#420,#421,#422,#423));
#2476=EDGE_LOOP('',(#424,#425,#426,#427,#428,#429,#430,#431));
#2477=EDGE_LOOP('',(#432,#433,#434,#435));
#2478=EDGE_LOOP('',(#436,#437,#438,#439));
#2479=EDGE_LOOP('',(#440,#441,#442,#443,#444,#445,#446));
#2480=EDGE_LOOP('',(#447,#448,#449,#450));
#2481=EDGE_LOOP('',(#451,#452,#453,#454));
#2482=EDGE_LOOP('',(#455,#456,#457,#458));
#2483=EDGE_LOOP('',(#459,#460,#461,#462));
#2484=EDGE_LOOP('',(#463,#464,#465,#466));
#2485=EDGE_LOOP('',(#467));
#2486=EDGE_LOOP('',(#468));
#2487=EDGE_LOOP('',(#469,#470,#471,#472,#473,#474));
#2488=EDGE_LOOP('',(#475,#476,#477,#478));
#2489=EDGE_LOOP('',(#479));
#2490=EDGE_LOOP('',(#480));
#2491=EDGE_LOOP('',(#481,#482,#483,#484,#485,#486));
#2492=EDGE_LOOP('',(#487,#488,#489,#490));
#2493=EDGE_LOOP('',(#491));
#2494=EDGE_LOOP('',(#492));
#2495=EDGE_LOOP('',(#493,#494,#495,#496));
#2496=EDGE_LOOP('',(#497,#498,#499,#500));
#2497=EDGE_LOOP('',(#501));
#2498=EDGE_LOOP('',(#502));
#2499=EDGE_LOOP('',(#503,#504,#505,#506));
#2500=EDGE_LOOP('',(#507,#508,#509,#510));
#2501=EDGE_LOOP('',(#511));
#2502=EDGE_LOOP('',(#512,#513,#514,#515,#516,#517,#518,#519));
#2503=EDGE_LOOP('',(#520,#521,#522,#523));
#2504=EDGE_LOOP('',(#524,#525,#526,#527));
#2505=EDGE_LOOP('',(#528,#529,#530,#531,#532,#533,#534,#535));
#2506=EDGE_LOOP('',(#536,#537,#538,#539,#540,#541,#542,#543));
#2507=EDGE_LOOP('',(#544,#545,#546,#547));
#2508=EDGE_LOOP('',(#548,#549,#550,#551));
#2509=EDGE_LOOP('',(#552,#553,#554,#555));
#2510=EDGE_LOOP('',(#556,#557,#558,#559));
#2511=EDGE_LOOP('',(#560,#561,#562,#563));
#2512=EDGE_LOOP('',(#564,#565,#566,#567));
#2513=EDGE_LOOP('',(#568,#569,#570,#571));
#2514=EDGE_LOOP('',(#572,#573,#574,#575));
#2515=EDGE_LOOP('',(#576,#577,#578,#579));
#2516=EDGE_LOOP('',(#580,#581,#582,#583));
#2517=EDGE_LOOP('',(#584,#585,#586,#587,#588,#589));
#2518=EDGE_LOOP('',(#590,#591,#592,#593,#594,#595));
#2519=EDGE_LOOP('',(#596,#597,#598,#599,#600,#601));
#2520=EDGE_LOOP('',(#602,#603,#604,#605,#606,#607));
#2521=EDGE_LOOP('',(#608,#609,#610,#611,#612));
#2522=EDGE_LOOP('',(#613,#614,#615,#616));
#2523=EDGE_LOOP('',(#617,#618,#619,#620,#621));
#2524=EDGE_LOOP('',(#622,#623,#624,#625));
#2525=EDGE_LOOP('',(#626,#627,#628,#629));
#2526=EDGE_LOOP('',(#630,#631,#632,#633));
#2527=EDGE_LOOP('',(#634,#635,#636,#637,#638));
#2528=EDGE_LOOP('',(#639,#640,#641,#642,#643));
#2529=EDGE_LOOP('',(#644,#645,#646,#647));
#2530=EDGE_LOOP('',(#648,#649,#650,#651,#652));
#2531=EDGE_LOOP('',(#653,#654,#655,#656,#657));
#2532=EDGE_LOOP('',(#658,#659,#660,#661));
#2533=EDGE_LOOP('',(#662,#663,#664,#665));
#2534=EDGE_LOOP('',(#666,#667,#668,#669));
#2535=EDGE_LOOP('',(#670,#671,#672,#673,#674));
#2536=EDGE_LOOP('',(#675,#676,#677,#678,#679));
#2537=EDGE_LOOP('',(#680));
#2538=EDGE_LOOP('',(#681));
#2539=EDGE_LOOP('',(#682));
#2540=EDGE_LOOP('',(#683));
#2541=EDGE_LOOP('',(#684));
#2542=EDGE_LOOP('',(#685));
#2543=EDGE_LOOP('',(#686));
#2544=EDGE_LOOP('',(#687));
#2545=EDGE_LOOP('',(#688,#689,#690,#691));
#2546=EDGE_LOOP('',(#692,#693,#694,#695));
#2547=EDGE_LOOP('',(#696,#697,#698,#699));
#2548=EDGE_LOOP('',(#700,#701,#702,#703));
#2549=EDGE_LOOP('',(#704,#705,#706,#707,#708,#709,#710,#711));
#2550=EDGE_LOOP('',(#712,#713,#714,#715));
#2551=EDGE_LOOP('',(#716,#717,#718,#719,#720,#721,#722,#723));
#2552=EDGE_LOOP('',(#724,#725,#726,#727));
#2553=EDGE_LOOP('',(#728,#729,#730,#731));
#2554=EDGE_LOOP('',(#732,#733,#734,#735,#736,#737));
#2555=EDGE_LOOP('',(#738,#739,#740,#741));
#2556=EDGE_LOOP('',(#742,#743,#744,#745));
#2557=EDGE_LOOP('',(#746,#747,#748,#749,#750,#751));
#2558=EDGE_LOOP('',(#752,#753,#754,#755,#756,#757,#758,#759));
#2559=EDGE_LOOP('',(#760,#761,#762,#763));
#2560=EDGE_LOOP('',(#764,#765,#766,#767));
#2561=EDGE_LOOP('',(#768,#769,#770,#771));
#2562=EDGE_LOOP('',(#772,#773,#774,#775,#776,#777,#778,#779));
#2563=EDGE_LOOP('',(#780,#781,#782,#783));
#2564=EDGE_LOOP('',(#784,#785,#786,#787));
#2565=EDGE_LOOP('',(#788,#789,#790,#791,#792,#793,#794,#795));
#2566=EDGE_LOOP('',(#796,#797,#798,#799));
#2567=EDGE_LOOP('',(#800,#801,#802,#803,#804,#805,#806,#807));
#2568=EDGE_LOOP('',(#808,#809,#810,#811));
#2569=EDGE_LOOP('',(#812,#813,#814,#815));
#2570=EDGE_LOOP('',(#816,#817,#818,#819));
#2571=EDGE_LOOP('',(#820,#821,#822,#823));
#2572=EDGE_LOOP('',(#824,#825,#826,#827));
#2573=EDGE_LOOP('',(#828,#829,#830,#831));
#2574=EDGE_LOOP('',(#832,#833,#834,#835));
#2575=EDGE_LOOP('',(#836,#837,#838,#839));
#2576=EDGE_LOOP('',(#840,#841,#842,#843));
#2577=EDGE_LOOP('',(#844,#845,#846,#847,#848,#849,#850,#851));
#2578=EDGE_LOOP('',(#852,#853,#854,#855));
#2579=EDGE_LOOP('',(#856,#857,#858,#859,#860));
#2580=EDGE_LOOP('',(#861,#862,#863,#864));
#2581=EDGE_LOOP('',(#865,#866,#867,#868));
#2582=EDGE_LOOP('',(#869,#870,#871,#872));
#2583=EDGE_LOOP('',(#873,#874,#875,#876));
#2584=EDGE_LOOP('',(#877,#878,#879,#880));
#2585=EDGE_LOOP('',(#881,#882,#883,#884));
#2586=EDGE_LOOP('',(#885,#886,#887,#888));
#2587=EDGE_LOOP('',(#889,#890,#891,#892));
#2588=EDGE_LOOP('',(#893,#894,#895,#896));
#2589=EDGE_LOOP('',(#897,#898,#899,#900));
#2590=EDGE_LOOP('',(#901,#902,#903,#904));
#2591=EDGE_LOOP('',(#905,#906,#907,#908));
#2592=EDGE_LOOP('',(#909,#910,#911,#912));
#2593=EDGE_LOOP('',(#913,#914,#915,#916));
#2594=EDGE_LOOP('',(#917,#918,#919,#920));
#2595=EDGE_LOOP('',(#921,#922,#923,#924));
#2596=EDGE_LOOP('',(#925,#926,#927,#928));
#2597=EDGE_LOOP('',(#929,#930,#931,#932));
#2598=EDGE_LOOP('',(#933,#934,#935,#936));
#2599=EDGE_LOOP('',(#937,#938,#939,#940));
#2600=EDGE_LOOP('',(#941,#942,#943,#944));
#2601=EDGE_LOOP('',(#945,#946,#947,#948));
#2602=EDGE_LOOP('',(#949,#950,#951,#952));
#2603=EDGE_LOOP('',(#953,#954,#955,#956));
#2604=EDGE_LOOP('',(#957,#958,#959,#960));
#2605=EDGE_LOOP('',(#961));
#2606=EDGE_LOOP('',(#962));
#2607=EDGE_LOOP('',(#963));
#2608=EDGE_LOOP('',(#964,#965,#966,#967));
#2609=EDGE_LOOP('',(#968));
#2610=EDGE_LOOP('',(#969));
#2611=EDGE_LOOP('',(#970,#971,#972,#973));
#2612=EDGE_LOOP('',(#974));
#2613=EDGE_LOOP('',(#975));
#2614=EDGE_LOOP('',(#976));
#2615=EDGE_LOOP('',(#977));
#2616=EDGE_LOOP('',(#978));
#2617=EDGE_LOOP('',(#979));
#2618=EDGE_LOOP('',(#980));
#2619=EDGE_LOOP('',(#981));
#2620=EDGE_LOOP('',(#982));
#2621=EDGE_LOOP('',(#983));
#2622=EDGE_LOOP('',(#984));
#2623=EDGE_LOOP('',(#985));
#2624=EDGE_LOOP('',(#986));
#2625=EDGE_LOOP('',(#987));
#2626=EDGE_LOOP('',(#988));
#2627=EDGE_LOOP('',(#989));
#2628=EDGE_LOOP('',(#990));
#2629=FACE_BOUND('',#2439,.T.);
#2630=FACE_BOUND('',#2440,.T.);
#2631=FACE_BOUND('',#2441,.T.);
#2632=FACE_BOUND('',#2442,.T.);
#2633=FACE_BOUND('',#2443,.T.);
#2634=FACE_BOUND('',#2444,.T.);
#2635=FACE_BOUND('',#2445,.T.);
#2636=FACE_BOUND('',#2446,.T.);
#2637=FACE_BOUND('',#2447,.T.);
#2638=FACE_BOUND('',#2448,.T.);
#2639=FACE_BOUND('',#2449,.T.);
#2640=FACE_BOUND('',#2450,.T.);
#2641=FACE_BOUND('',#2451,.T.);
#2642=FACE_BOUND('',#2452,.T.);
#2643=FACE_BOUND('',#2453,.T.);
#2644=FACE_BOUND('',#2454,.T.);
#2645=FACE_BOUND('',#2455,.T.);
#2646=FACE_BOUND('',#2456,.T.);
#2647=FACE_BOUND('',#2457,.T.);
#2648=FACE_BOUND('',#2458,.T.);
#2649=FACE_BOUND('',#2459,.T.);
#2650=FACE_BOUND('',#2460,.T.);
#2651=FACE_BOUND('',#2461,.T.);
#2652=FACE_BOUND('',#2462,.T.);
#2653=FACE_BOUND('',#2463,.T.);
#2654=FACE_BOUND('',#2464,.T.);
#2655=FACE_BOUND('',#2465,.T.);
#2656=FACE_BOUND('',#2466,.T.);
#2657=FACE_BOUND('',#2467,.T.);
#2658=FACE_BOUND('',#2468,.T.);
#2659=FACE_BOUND('',#2469,.T.);
#2660=FACE_BOUND('',#2470,.T.);
#2661=FACE_BOUND('',#2471,.T.);
#2662=FACE_BOUND('',#2472,.T.);
#2663=FACE_BOUND('',#2473,.T.);
#2664=FACE_BOUND('',#2474,.T.);
#2665=FACE_BOUND('',#2475,.T.);
#2666=FACE_BOUND('',#2476,.T.);
#2667=FACE_BOUND('',#2477,.T.);
#2668=FACE_BOUND('',#2478,.T.);
#2669=FACE_BOUND('',#2479,.T.);
#2670=FACE_BOUND('',#2480,.T.);
#2671=FACE_BOUND('',#2481,.T.);
#2672=FACE_BOUND('',#2482,.T.);
#2673=FACE_BOUND('',#2483,.T.);
#2674=FACE_BOUND('',#2484,.T.);
#2675=FACE_BOUND('',#2485,.T.);
#2676=FACE_BOUND('',#2486,.T.);
#2677=FACE_BOUND('',#2487,.T.);
#2678=FACE_BOUND('',#2488,.T.);
#2679=FACE_BOUND('',#2489,.T.);
#2680=FACE_BOUND('',#2490,.T.);
#2681=FACE_BOUND('',#2491,.T.);
#2682=FACE_BOUND('',#2492,.T.);
#2683=FACE_BOUND('',#2493,.T.);
#2684=FACE_BOUND('',#2494,.T.);
#2685=FACE_BOUND('',#2495,.T.);
#2686=FACE_BOUND('',#2496,.T.);
#2687=FACE_BOUND('',#2497,.T.);
#2688=FACE_BOUND('',#2498,.T.);
#2689=FACE_BOUND('',#2499,.T.);
#2690=FACE_BOUND('',#2500,.T.);
#2691=FACE_BOUND('',#2501,.T.);
#2692=FACE_BOUND('',#2502,.T.);
#2693=FACE_BOUND('',#2503,.T.);
#2694=FACE_BOUND('',#2504,.T.);
#2695=FACE_BOUND('',#2505,.T.);
#2696=FACE_BOUND('',#2506,.T.);
#2697=FACE_BOUND('',#2507,.T.);
#2698=FACE_BOUND('',#2508,.T.);
#2699=FACE_BOUND('',#2509,.T.);
#2700=FACE_BOUND('',#2510,.T.);
#2701=FACE_BOUND('',#2511,.T.);
#2702=FACE_BOUND('',#2512,.T.);
#2703=FACE_BOUND('',#2513,.T.);
#2704=FACE_BOUND('',#2514,.T.);
#2705=FACE_BOUND('',#2515,.T.);
#2706=FACE_BOUND('',#2516,.T.);
#2707=FACE_BOUND('',#2517,.T.);
#2708=FACE_BOUND('',#2518,.T.);
#2709=FACE_BOUND('',#2519,.T.);
#2710=FACE_BOUND('',#2520,.T.);
#2711=FACE_BOUND('',#2521,.T.);
#2712=FACE_BOUND('',#2522,.T.);
#2713=FACE_BOUND('',#2523,.T.);
#2714=FACE_BOUND('',#2524,.T.);
#2715=FACE_BOUND('',#2525,.T.);
#2716=FACE_BOUND('',#2526,.T.);
#2717=FACE_BOUND('',#2527,.T.);
#2718=FACE_BOUND('',#2528,.T.);
#2719=FACE_BOUND('',#2529,.T.);
#2720=FACE_BOUND('',#2530,.T.);
#2721=FACE_BOUND('',#2531,.T.);
#2722=FACE_BOUND('',#2532,.T.);
#2723=FACE_BOUND('',#2533,.T.);
#2724=FACE_BOUND('',#2534,.T.);
#2725=FACE_BOUND('',#2535,.T.);
#2726=FACE_BOUND('',#2536,.T.);
#2727=FACE_BOUND('',#2537,.T.);
#2728=FACE_BOUND('',#2538,.T.);
#2729=FACE_BOUND('',#2539,.T.);
#2730=FACE_BOUND('',#2540,.T.);
#2731=FACE_BOUND('',#2541,.T.);
#2732=FACE_BOUND('',#2542,.T.);
#2733=FACE_BOUND('',#2543,.T.);
#2734=FACE_BOUND('',#2544,.T.);
#2735=FACE_BOUND('',#2545,.T.);
#2736=FACE_BOUND('',#2546,.T.);
#2737=FACE_BOUND('',#2547,.T.);
#2738=FACE_BOUND('',#2548,.T.);
#2739=FACE_BOUND('',#2549,.T.);
#2740=FACE_BOUND('',#2550,.T.);
#2741=FACE_BOUND('',#2551,.T.);
#2742=FACE_BOUND('',#2552,.T.);
#2743=FACE_BOUND('',#2553,.T.);
#2744=FACE_BOUND('',#2554,.T.);
#2745=FACE_BOUND('',#2555,.T.);
#2746=FACE_BOUND('',#2556,.T.);
#2747=FACE_BOUND('',#2557,.T.);
#2748=FACE_BOUND('',#2558,.T.);
#2749=FACE_BOUND('',#2559,.T.);
#2750=FACE_BOUND('',#2560,.T.);
#2751=FACE_BOUND('',#2561,.T.);
#2752=FACE_BOUND('',#2562,.T.);
#2753=FACE_BOUND('',#2563,.T.);
#2754=FACE_BOUND('',#2564,.T.);
#2755=FACE_BOUND('',#2565,.T.);
#2756=FACE_BOUND('',#2566,.T.);
#2757=FACE_BOUND('',#2567,.T.);
#2758=FACE_BOUND('',#2568,.T.);
#2759=FACE_BOUND('',#2569,.T.);
#2760=FACE_BOUND('',#2570,.T.);
#2761=FACE_BOUND('',#2571,.T.);
#2762=FACE_BOUND('',#2572,.T.);
#2763=FACE_BOUND('',#2573,.T.);
#2764=FACE_BOUND('',#2574,.T.);
#2765=FACE_BOUND('',#2575,.T.);
#2766=FACE_BOUND('',#2576,.T.);
#2767=FACE_BOUND('',#2577,.T.);
#2768=FACE_BOUND('',#2578,.T.);
#2769=FACE_BOUND('',#2579,.T.);
#2770=FACE_BOUND('',#2580,.T.);
#2771=FACE_BOUND('',#2581,.T.);
#2772=FACE_BOUND('',#2582,.T.);
#2773=FACE_BOUND('',#2583,.T.);
#2774=FACE_BOUND('',#2584,.T.);
#2775=FACE_BOUND('',#2585,.T.);
#2776=FACE_BOUND('',#2586,.T.);
#2777=FACE_BOUND('',#2587,.T.);
#2778=FACE_BOUND('',#2588,.T.);
#2779=FACE_BOUND('',#2589,.T.);
#2780=FACE_BOUND('',#2590,.T.);
#2781=FACE_BOUND('',#2591,.T.);
#2782=FACE_BOUND('',#2592,.T.);
#2783=FACE_BOUND('',#2593,.T.);
#2784=FACE_BOUND('',#2594,.T.);
#2785=FACE_BOUND('',#2595,.T.);
#2786=FACE_BOUND('',#2596,.T.);
#2787=FACE_BOUND('',#2597,.T.);
#2788=FACE_BOUND('',#2598,.T.);
#2789=FACE_BOUND('',#2599,.T.);
#2790=FACE_BOUND('',#2600,.T.);
#2791=FACE_BOUND('',#2601,.T.);
#2792=FACE_BOUND('',#2602,.T.);
#2793=FACE_BOUND('',#2603,.T.);
#2794=FACE_BOUND('',#2604,.T.);
#2795=FACE_BOUND('',#2605,.T.);
#2796=FACE_BOUND('',#2606,.T.);
#2797=FACE_BOUND('',#2607,.T.);
#2798=FACE_BOUND('',#2608,.T.);
#2799=FACE_BOUND('',#2609,.T.);
#2800=FACE_BOUND('',#2610,.T.);
#2801=FACE_BOUND('',#2611,.T.);
#2802=FACE_BOUND('',#2612,.T.);
#2803=FACE_BOUND('',#2613,.T.);
#2804=FACE_BOUND('',#2614,.T.);
#2805=FACE_BOUND('',#2615,.T.);
#2806=FACE_BOUND('',#2616,.T.);
#2807=FACE_BOUND('',#2617,.T.);
#2808=FACE_BOUND('',#2618,.T.);
#2809=FACE_BOUND('',#2619,.T.);
#2810=FACE_BOUND('',#2620,.T.);
#2811=FACE_BOUND('',#2621,.T.);
#2812=FACE_BOUND('',#2622,.T.);
#2813=FACE_BOUND('',#2623,.T.);
#2814=FACE_BOUND('',#2624,.T.);
#2815=FACE_BOUND('',#2625,.T.);
#2816=FACE_BOUND('',#2626,.T.);
#2817=FACE_BOUND('',#2627,.T.);
#2818=FACE_BOUND('',#2628,.T.);
#2819=PLANE('',#3095);
#2820=PLANE('',#3098);
#2821=PLANE('',#3103);
#2822=PLANE('',#3104);
#2823=PLANE('',#3105);
#2824=PLANE('',#3106);
#2825=PLANE('',#3131);
#2826=PLANE('',#3132);
#2827=PLANE('',#3133);
#2828=PLANE('',#3134);
#2829=PLANE('',#3135);
#2830=PLANE('',#3139);
#2831=PLANE('',#3140);
#2832=PLANE('',#3141);
#2833=PLANE('',#3142);
#2834=PLANE('',#3143);
#2835=PLANE('',#3144);
#2836=PLANE('',#3147);
#2837=PLANE('',#3148);
#2838=PLANE('',#3149);
#2839=PLANE('',#3150);
#2840=PLANE('',#3151);
#2841=PLANE('',#3152);
#2842=PLANE('',#3153);
#2843=PLANE('',#3155);
#2844=PLANE('',#3156);
#2845=PLANE('',#3157);
#2846=PLANE('',#3158);
#2847=PLANE('',#3160);
#2848=PLANE('',#3161);
#2849=PLANE('',#3162);
#2850=PLANE('',#3163);
#2851=PLANE('',#3164);
#2852=PLANE('',#3165);
#2853=PLANE('',#3168);
#2854=PLANE('',#3169);
#2855=PLANE('',#3172);
#2856=PLANE('',#3173);
#2857=PLANE('',#3176);
#2858=PLANE('',#3177);
#2859=PLANE('',#3180);
#2860=PLANE('',#3181);
#2861=PLANE('',#3183);
#2862=PLANE('',#3184);
#2863=PLANE('',#3185);
#2864=PLANE('',#3186);
#2865=PLANE('',#3188);
#2866=PLANE('',#3189);
#2867=PLANE('',#3190);
#2868=PLANE('',#3192);
#2869=PLANE('',#3193);
#2870=PLANE('',#3194);
#2871=PLANE('',#3195);
#2872=PLANE('',#3196);
#2873=PLANE('',#3197);
#2874=PLANE('',#3198);
#2875=PLANE('',#3199);
#2876=PLANE('',#3200);
#2877=PLANE('',#3201);
#2878=PLANE('',#3202);
#2879=PLANE('',#3203);
#2880=PLANE('',#3204);
#2881=PLANE('',#3205);
#2882=PLANE('',#3206);
#2883=PLANE('',#3207);
#2884=PLANE('',#3208);
#2885=PLANE('',#3209);
#2886=PLANE('',#3210);
#2887=PLANE('',#3211);
#2888=PLANE('',#3212);
#2889=PLANE('',#3213);
#2890=PLANE('',#3214);
#2891=PLANE('',#3215);
#2892=PLANE('',#3216);
#2893=PLANE('',#3221);
#2894=PLANE('',#3222);
#2895=PLANE('',#3223);
#2896=PLANE('',#3224);
#2897=PLANE('',#3225);
#2898=PLANE('',#3226);
#2899=PLANE('',#3227);
#2900=PLANE('',#3228);
#2901=PLANE('',#3229);
#2902=PLANE('',#3230);
#2903=PLANE('',#3231);
#2904=PLANE('',#3232);
#2905=PLANE('',#3233);
#2906=PLANE('',#3234);
#2907=PLANE('',#3235);
#2908=PLANE('',#3236);
#2909=PLANE('',#3237);
#2910=PLANE('',#3238);
#2911=PLANE('',#3239);
#2912=PLANE('',#3240);
#2913=PLANE('',#3241);
#2914=PLANE('',#3242);
#2915=PLANE('',#3243);
#2916=PLANE('',#3244);
#2917=PLANE('',#3245);
#2918=PLANE('',#3246);
#2919=PLANE('',#3247);
#2920=PLANE('',#3248);
#2921=PLANE('',#3249);
#2922=PLANE('',#3253);
#2923=PLANE('',#3254);
#2924=PLANE('',#3299);
#2925=PLANE('',#3303);
#2926=PLANE('',#3308);
#2927=PLANE('',#3311);
#2928=PLANE('',#3314);
#2929=PLANE('',#3317);
#2930=ADVANCED_FACE('',(#2629,#2630,#2631),#2819,.T.);
#2931=ADVANCED_FACE('',(#2632),#2820,.T.);
#2932=ADVANCED_FACE('',(#2633),#2821,.T.);
#2933=ADVANCED_FACE('',(#2634),#2822,.T.);
#2934=ADVANCED_FACE('',(#2635),#2823,.F.);
#2935=ADVANCED_FACE('',(#2636,#2637,#2638,#2639,#2640,#2641,#2642,#2643,
#2644,#2645),#2824,.T.);
#2936=ADVANCED_FACE('',(#2646),#2825,.F.);
#2937=ADVANCED_FACE('',(#2647),#2826,.F.);
#2938=ADVANCED_FACE('',(#2648),#2827,.T.);
#2939=ADVANCED_FACE('',(#2649),#2828,.T.);
#2940=ADVANCED_FACE('',(#2650),#2829,.F.);
#2941=ADVANCED_FACE('',(#2651),#29,.T.);
#2942=ADVANCED_FACE('',(#2652),#2830,.F.);
#2943=ADVANCED_FACE('',(#2653),#2831,.F.);
#2944=ADVANCED_FACE('',(#2654),#2832,.F.);
#2945=ADVANCED_FACE('',(#2655),#2833,.F.);
#2946=ADVANCED_FACE('',(#2656),#2834,.T.);
#2947=ADVANCED_FACE('',(#2657),#2835,.T.);
#2948=ADVANCED_FACE('',(#2658),#30,.T.);
#2949=ADVANCED_FACE('',(#2659),#2836,.T.);
#2950=ADVANCED_FACE('',(#2660),#2837,.T.);
#2951=ADVANCED_FACE('',(#2661),#2838,.F.);
#2952=ADVANCED_FACE('',(#2662),#2839,.T.);
#2953=ADVANCED_FACE('',(#2663),#2840,.F.);
#2954=ADVANCED_FACE('',(#2664),#2841,.T.);
#2955=ADVANCED_FACE('',(#2665),#2842,.T.);
#2956=ADVANCED_FACE('',(#2666),#2843,.F.);
#2957=ADVANCED_FACE('',(#2667),#2844,.F.);
#2958=ADVANCED_FACE('',(#2668),#2845,.T.);
#2959=ADVANCED_FACE('',(#2669),#2846,.T.);
#2960=ADVANCED_FACE('',(#2670),#2847,.T.);
#2961=ADVANCED_FACE('',(#2671),#2848,.T.);
#2962=ADVANCED_FACE('',(#2672),#2849,.T.);
#2963=ADVANCED_FACE('',(#2673),#2850,.F.);
#2964=ADVANCED_FACE('',(#2674),#2851,.F.);
#2965=ADVANCED_FACE('',(#2675,#2676,#2677),#2852,.T.);
#2966=ADVANCED_FACE('',(#2678),#2853,.T.);
#2967=ADVANCED_FACE('',(#2679,#2680,#2681),#2854,.F.);
#2968=ADVANCED_FACE('',(#2682),#2855,.T.);
#2969=ADVANCED_FACE('',(#2683,#2684,#2685),#2856,.T.);
#2970=ADVANCED_FACE('',(#2686),#2857,.F.);
#2971=ADVANCED_FACE('',(#2687,#2688,#2689),#2858,.F.);
#2972=ADVANCED_FACE('',(#2690),#2859,.T.);
#2973=ADVANCED_FACE('',(#2691,#2692),#2860,.F.);
#2974=ADVANCED_FACE('',(#2693),#2861,.F.);
#2975=ADVANCED_FACE('',(#2694),#2862,.F.);
#2976=ADVANCED_FACE('',(#2695),#2863,.T.);
#2977=ADVANCED_FACE('',(#2696),#2864,.T.);
#2978=ADVANCED_FACE('',(#2697),#31,.T.);
#2979=ADVANCED_FACE('',(#2698),#2865,.T.);
#2980=ADVANCED_FACE('',(#2699),#2866,.F.);
#2981=ADVANCED_FACE('',(#2700),#2867,.F.);
#2982=ADVANCED_FACE('',(#2701),#32,.T.);
#2983=ADVANCED_FACE('',(#2702),#2868,.T.);
#2984=ADVANCED_FACE('',(#2703),#2869,.T.);
#2985=ADVANCED_FACE('',(#2704),#2870,.F.);
#2986=ADVANCED_FACE('',(#2705),#2871,.T.);
#2987=ADVANCED_FACE('',(#2706),#2872,.T.);
#2988=ADVANCED_FACE('',(#2707),#2873,.T.);
#2989=ADVANCED_FACE('',(#2708),#2874,.T.);
#2990=ADVANCED_FACE('',(#2709),#2875,.T.);
#2991=ADVANCED_FACE('',(#2710),#2876,.T.);
#2992=ADVANCED_FACE('',(#2711),#2877,.T.);
#2993=ADVANCED_FACE('',(#2712),#2878,.F.);
#2994=ADVANCED_FACE('',(#2713),#2879,.F.);
#2995=ADVANCED_FACE('',(#2714),#2880,.T.);
#2996=ADVANCED_FACE('',(#2715),#2881,.T.);
#2997=ADVANCED_FACE('',(#2716),#2882,.T.);
#2998=ADVANCED_FACE('',(#2717),#2883,.F.);
#2999=ADVANCED_FACE('',(#2718),#2884,.T.);
#3000=ADVANCED_FACE('',(#2719),#2885,.T.);
#3001=ADVANCED_FACE('',(#2720),#2886,.F.);
#3002=ADVANCED_FACE('',(#2721),#2887,.T.);
#3003=ADVANCED_FACE('',(#2722),#2888,.T.);
#3004=ADVANCED_FACE('',(#2723),#2889,.T.);
#3005=ADVANCED_FACE('',(#2724),#2890,.F.);
#3006=ADVANCED_FACE('',(#2725),#2891,.F.);
#3007=ADVANCED_FACE('',(#2726),#2892,.T.);
#3008=ADVANCED_FACE('',(#2727,#2728),#33,.F.);
#3009=ADVANCED_FACE('',(#2729,#2730),#34,.F.);
#3010=ADVANCED_FACE('',(#2731,#2732),#35,.F.);
#3011=ADVANCED_FACE('',(#2733,#2734),#36,.F.);
#3012=ADVANCED_FACE('',(#2735),#2893,.T.);
#3013=ADVANCED_FACE('',(#2736),#2894,.F.);
#3014=ADVANCED_FACE('',(#2737),#2895,.F.);
#3015=ADVANCED_FACE('',(#2738),#2896,.T.);
#3016=ADVANCED_FACE('',(#2739),#2897,.T.);
#3017=ADVANCED_FACE('',(#2740),#2898,.T.);
#3018=ADVANCED_FACE('',(#2741),#2899,.T.);
#3019=ADVANCED_FACE('',(#2742),#2900,.F.);
#3020=ADVANCED_FACE('',(#2743,#2744),#2901,.T.);
#3021=ADVANCED_FACE('',(#2745),#2902,.F.);
#3022=ADVANCED_FACE('',(#2746,#2747),#2903,.T.);
#3023=ADVANCED_FACE('',(#2748),#2904,.F.);
#3024=ADVANCED_FACE('',(#2749),#2905,.T.);
#3025=ADVANCED_FACE('',(#2750),#2906,.T.);
#3026=ADVANCED_FACE('',(#2751),#2907,.F.);
#3027=ADVANCED_FACE('',(#2752),#2908,.F.);
#3028=ADVANCED_FACE('',(#2753),#2909,.F.);
#3029=ADVANCED_FACE('',(#2754),#2910,.T.);
#3030=ADVANCED_FACE('',(#2755),#2911,.T.);
#3031=ADVANCED_FACE('',(#2756),#2912,.T.);
#3032=ADVANCED_FACE('',(#2757),#2913,.T.);
#3033=ADVANCED_FACE('',(#2758),#2914,.F.);
#3034=ADVANCED_FACE('',(#2759,#2760),#2915,.T.);
#3035=ADVANCED_FACE('',(#2761),#2916,.F.);
#3036=ADVANCED_FACE('',(#2762),#2917,.T.);
#3037=ADVANCED_FACE('',(#2763),#2918,.T.);
#3038=ADVANCED_FACE('',(#2764),#2919,.F.);
#3039=ADVANCED_FACE('',(#2765,#2766),#2920,.T.);
#3040=ADVANCED_FACE('',(#2767),#2921,.T.);
#3041=ADVANCED_FACE('',(#2768),#2922,.F.);
#3042=ADVANCED_FACE('',(#2769),#2923,.T.);
#3043=ADVANCED_FACE('',(#2770),#37,.T.);
#3044=ADVANCED_FACE('',(#2771),#38,.T.);
#3045=ADVANCED_FACE('',(#2772),#39,.T.);
#3046=ADVANCED_FACE('',(#2773),#40,.T.);
#3047=ADVANCED_FACE('',(#2774),#41,.T.);
#3048=ADVANCED_FACE('',(#2775),#42,.T.);
#3049=ADVANCED_FACE('',(#2776),#43,.T.);
#3050=ADVANCED_FACE('',(#2777),#44,.T.);
#3051=ADVANCED_FACE('',(#2778),#45,.T.);
#3052=ADVANCED_FACE('',(#2779),#46,.T.);
#3053=ADVANCED_FACE('',(#2780),#47,.T.);
#3054=ADVANCED_FACE('',(#2781),#48,.T.);
#3055=ADVANCED_FACE('',(#2782),#49,.T.);
#3056=ADVANCED_FACE('',(#2783),#50,.T.);
#3057=ADVANCED_FACE('',(#2784),#51,.T.);
#3058=ADVANCED_FACE('',(#2785),#52,.T.);
#3059=ADVANCED_FACE('',(#2786),#53,.T.);
#3060=ADVANCED_FACE('',(#2787),#54,.T.);
#3061=ADVANCED_FACE('',(#2788),#55,.T.);
#3062=ADVANCED_FACE('',(#2789),#56,.T.);
#3063=ADVANCED_FACE('',(#2790),#57,.T.);
#3064=ADVANCED_FACE('',(#2791),#58,.T.);
#3065=ADVANCED_FACE('',(#2792),#59,.T.);
#3066=ADVANCED_FACE('',(#2793),#12,.T.);
#3067=ADVANCED_FACE('',(#2794),#60,.T.);
#3068=ADVANCED_FACE('',(#2795,#2796),#13,.T.);
#3069=ADVANCED_FACE('',(#2797,#2798),#61,.T.);
#3070=ADVANCED_FACE('',(#2799,#2800),#2924,.T.);
#3071=ADVANCED_FACE('',(#2801,#2802),#62,.T.);
#3072=ADVANCED_FACE('',(#2803,#2804),#2925,.T.);
#3073=ADVANCED_FACE('',(#2805,#2806),#63,.F.);
#3074=ADVANCED_FACE('',(#2807,#2808),#64,.F.);
#3075=ADVANCED_FACE('',(#2809),#2926,.T.);
#3076=ADVANCED_FACE('',(#2810,#2811),#65,.F.);
#3077=ADVANCED_FACE('',(#2812),#2927,.T.);
#3078=ADVANCED_FACE('',(#2813,#2814),#66,.F.);
#3079=ADVANCED_FACE('',(#2815),#2928,.T.);
#3080=ADVANCED_FACE('',(#2816,#2817),#67,.F.);
#3081=ADVANCED_FACE('',(#2818),#2929,.T.);
#3082=CLOSED_SHELL('',(#2930,#2931,#2932,#2933,#2934,#2935,#2936,#2937,
#2938,#2939,#2940,#2941,#2942,#2943,#2944,#2945,#2946,#2947,#2948,#2949,
#2950,#2951,#2952,#2953,#2954,#2955,#2956,#2957,#2958,#2959,#2960,#2961,
#2962,#2963,#2964,#2965,#2966,#2967,#2968,#2969,#2970,#2971,#2972,#2973,
#2974,#2975,#2976,#2977,#2978,#2979,#2980,#2981,#2982,#2983,#2984,#2985,
#2986,#2987,#2988,#2989,#2990,#2991,#2992,#2993,#2994,#2995,#2996,#2997,
#2998,#2999,#3000,#3001,#3002,#3003,#3004,#3005,#3006,#3007,#3008,#3009,
#3010,#3011,#3012,#3013,#3014,#3015,#3016,#3017,#3018,#3019,#3020,#3021,
#3022,#3023,#3024,#3025,#3026,#3027,#3028,#3029,#3030,#3031,#3032,#3033,
#3034,#3035,#3036,#3037,#3038,#3039,#3040,#3041,#3042,#3043,#3044,#3045,
#3046,#3047,#3048,#3049,#3050,#3051,#3052,#3053,#3054,#3055,#3056,#3057,
#3058,#3059,#3060,#3061,#3062,#3063,#3064,#3065,#3066,#3067,#3068,#3069,
#3070,#3071,#3072,#3073,#3074,#3075,#3076,#3077,#3078,#3079,#3080,#3081));
#3083=STYLED_ITEM('',(#3084),#3091);
#3084=PRESENTATION_STYLE_ASSIGNMENT((#3085));
#3085=SURFACE_STYLE_USAGE(.BOTH.,#3086);
#3086=SURFACE_SIDE_STYLE('',(#3087));
#3087=SURFACE_STYLE_FILL_AREA(#3088);
#3088=FILL_AREA_STYLE('',(#3089));
#3089=FILL_AREA_STYLE_COLOUR('',#3090);
#3090=COLOUR_RGB('',0.615686274509804,0.811764705882353,0.929411764705882);
#3091=MANIFOLD_SOLID_BREP('clock holder',#3082);
#3092=SHAPE_DEFINITION_REPRESENTATION(#5017,#3093);
#3093=SHAPE_REPRESENTATION('clock holder',(#3094),#5012);
#3094=AXIS2_PLACEMENT_3D('',#4127,#3318,#3319);
#3095=AXIS2_PLACEMENT_3D('',#4128,#3320,#3321);
#3096=AXIS2_PLACEMENT_3D('',#4153,#3334,#3335);
#3097=AXIS2_PLACEMENT_3D('',#4155,#3336,#3337);
#3098=AXIS2_PLACEMENT_3D('',#4157,#3338,#3339);
#3099=AXIS2_PLACEMENT_3D('',#4161,#3341,#3342);
#3100=AXIS2_PLACEMENT_3D('',#4183,#3353,#3354);
#3101=AXIS2_PLACEMENT_3D('',#4199,#3362,#3363);
#3102=AXIS2_PLACEMENT_3D('',#4221,#3374,#3375);
#3103=AXIS2_PLACEMENT_3D('',#4250,#3390,#3391);
#3104=AXIS2_PLACEMENT_3D('',#4256,#3395,#3396);
#3105=AXIS2_PLACEMENT_3D('',#4262,#3400,#3401);
#3106=AXIS2_PLACEMENT_3D('',#4268,#3405,#3406);
#3107=AXIS2_PLACEMENT_3D('',#4269,#3407,#3408);
#3108=AXIS2_PLACEMENT_3D('',#4271,#3409,#3410);
#3109=AXIS2_PLACEMENT_3D('',#4274,#3412,#3413);
#3110=AXIS2_PLACEMENT_3D('',#4279,#3416,#3417);
#3111=AXIS2_PLACEMENT_3D('',#4282,#3419,#3420);
#3112=AXIS2_PLACEMENT_3D('',#4292,#3425,#3426);
#3113=AXIS2_PLACEMENT_3D('',#4300,#3430,#3431);
#3114=AXIS2_PLACEMENT_3D('',#4322,#3442,#3443);
#3115=AXIS2_PLACEMENT_3D('',#4330,#3447,#3448);
#3116=AXIS2_PLACEMENT_3D('',#4336,#3451,#3452);
#3117=AXIS2_PLACEMENT_3D('',#4339,#3454,#3455);
#3118=AXIS2_PLACEMENT_3D('',#4341,#3456,#3457);
#3119=AXIS2_PLACEMENT_3D('',#4346,#3459,#3460);
#3120=AXIS2_PLACEMENT_3D('',#4354,#3464,#3465);
#3121=AXIS2_PLACEMENT_3D('',#4362,#3469,#3470);
#3122=AXIS2_PLACEMENT_3D('',#4370,#3474,#3475);
#3123=AXIS2_PLACEMENT_3D('',#4378,#3479,#3480);
#3124=AXIS2_PLACEMENT_3D('',#4386,#3484,#3485);
#3125=AXIS2_PLACEMENT_3D('',#4394,#3489,#3490);
#3126=AXIS2_PLACEMENT_3D('',#4402,#3494,#3495);
#3127=AXIS2_PLACEMENT_3D('',#4410,#3499,#3500);
#3128=AXIS2_PLACEMENT_3D('',#4418,#3504,#3505);
#3129=AXIS2_PLACEMENT_3D('',#4426,#3509,#3510);
#3130=AXIS2_PLACEMENT_3D('',#4434,#3514,#3515);
#3131=AXIS2_PLACEMENT_3D('',#4439,#3518,#3519);
#3132=AXIS2_PLACEMENT_3D('',#4450,#3526,#3527);
#3133=AXIS2_PLACEMENT_3D('',#4461,#3534,#3535);
#3134=AXIS2_PLACEMENT_3D('',#4472,#3542,#3543);
#3135=AXIS2_PLACEMENT_3D('',#4483,#3550,#3551);
#3136=AXIS2_PLACEMENT_3D('',#4494,#3558,#3559);
#3137=AXIS2_PLACEMENT_3D('',#4498,#3561,#3562);
#3138=AXIS2_PLACEMENT_3D('',#4503,#3565,#3566);
#3139=AXIS2_PLACEMENT_3D('',#4504,#3567,#3568);
#3140=AXIS2_PLACEMENT_3D('',#4514,#3575,#3576);
#3141=AXIS2_PLACEMENT_3D('',#4528,#3581,#3582);
#3142=AXIS2_PLACEMENT_3D('',#4539,#3589,#3590);
#3143=AXIS2_PLACEMENT_3D('',#4550,#3597,#3598);
#3144=AXIS2_PLACEMENT_3D('',#4561,#3605,#3606);
#3145=AXIS2_PLACEMENT_3D('',#4572,#3613,#3614);
#3146=AXIS2_PLACEMENT_3D('',#4575,#3616,#3617);
#3147=AXIS2_PLACEMENT_3D('',#4579,#3620,#3621);
#3148=AXIS2_PLACEMENT_3D('',#4584,#3625,#3626);
#3149=AXIS2_PLACEMENT_3D('',#4589,#3630,#3631);
#3150=AXIS2_PLACEMENT_3D('',#4592,#3634,#3635);
#3151=AXIS2_PLACEMENT_3D('',#4595,#3638,#3639);
#3152=AXIS2_PLACEMENT_3D('',#4601,#3643,#3644);
#3153=AXIS2_PLACEMENT_3D('',#4607,#3648,#3649);
#3154=AXIS2_PLACEMENT_3D('',#4618,#3655,#3656);
#3155=AXIS2_PLACEMENT_3D('',#4619,#3657,#3658);
#3156=AXIS2_PLACEMENT_3D('',#4626,#3663,#3664);
#3157=AXIS2_PLACEMENT_3D('',#4632,#3668,#3669);
#3158=AXIS2_PLACEMENT_3D('',#4638,#3673,#3674);
#3159=AXIS2_PLACEMENT_3D('',#4644,#3677,#3678);
#3160=AXIS2_PLACEMENT_3D('',#4650,#3682,#3683);
#3161=AXIS2_PLACEMENT_3D('',#4654,#3686,#3687);
#3162=AXIS2_PLACEMENT_3D('',#4660,#3691,#3692);
#3163=AXIS2_PLACEMENT_3D('',#4661,#3693,#3694);
#3164=AXIS2_PLACEMENT_3D('',#4663,#3696,#3697);
#3165=AXIS2_PLACEMENT_3D('',#4665,#3699,#3700);
#3166=AXIS2_PLACEMENT_3D('',#4666,#3701,#3702);
#3167=AXIS2_PLACEMENT_3D('',#4668,#3703,#3704);
#3168=AXIS2_PLACEMENT_3D('',#4674,#3708,#3709);
#3169=AXIS2_PLACEMENT_3D('',#4678,#3712,#3713);
#3170=AXIS2_PLACEMENT_3D('',#4679,#3714,#3715);
#3171=AXIS2_PLACEMENT_3D('',#4681,#3716,#3717);
#3172=AXIS2_PLACEMENT_3D('',#4687,#3721,#3722);
#3173=AXIS2_PLACEMENT_3D('',#4691,#3725,#3726);
#3174=AXIS2_PLACEMENT_3D('',#4692,#3727,#3728);
#3175=AXIS2_PLACEMENT_3D('',#4694,#3729,#3730);
#3176=AXIS2_PLACEMENT_3D('',#4699,#3733,#3734);
#3177=AXIS2_PLACEMENT_3D('',#4703,#3737,#3738);
#3178=AXIS2_PLACEMENT_3D('',#4704,#3739,#3740);
#3179=AXIS2_PLACEMENT_3D('',#4706,#3741,#3742);
#3180=AXIS2_PLACEMENT_3D('',#4711,#3745,#3746);
#3181=AXIS2_PLACEMENT_3D('',#4713,#3748,#3749);
#3182=AXIS2_PLACEMENT_3D('',#4714,#3750,#3751);
#3183=AXIS2_PLACEMENT_3D('',#4716,#3752,#3753);
#3184=AXIS2_PLACEMENT_3D('',#4720,#3756,#3757);
#3185=AXIS2_PLACEMENT_3D('',#4724,#3760,#3761);
#3186=AXIS2_PLACEMENT_3D('',#4730,#3765,#3766);
#3187=AXIS2_PLACEMENT_3D('',#4737,#3771,#3772);
#3188=AXIS2_PLACEMENT_3D('',#4739,#3774,#3775);
#3189=AXIS2_PLACEMENT_3D('',#4740,#3776,#3777);
#3190=AXIS2_PLACEMENT_3D('',#4744,#3780,#3781);
#3191=AXIS2_PLACEMENT_3D('',#4748,#3784,#3785);
#3192=AXIS2_PLACEMENT_3D('',#4750,#3787,#3788);
#3193=AXIS2_PLACEMENT_3D('',#4756,#3792,#3793);
#3194=AXIS2_PLACEMENT_3D('',#4758,#3795,#3796);
#3195=AXIS2_PLACEMENT_3D('',#4759,#3797,#3798);
#3196=AXIS2_PLACEMENT_3D('',#4765,#3802,#3803);
#3197=AXIS2_PLACEMENT_3D('',#4767,#3805,#3806);
#3198=AXIS2_PLACEMENT_3D('',#4769,#3808,#3809);
#3199=AXIS2_PLACEMENT_3D('',#4771,#3811,#3812);
#3200=AXIS2_PLACEMENT_3D('',#4773,#3814,#3815);
#3201=AXIS2_PLACEMENT_3D('',#4775,#3817,#3818);
#3202=AXIS2_PLACEMENT_3D('',#4779,#3821,#3822);
#3203=AXIS2_PLACEMENT_3D('',#4783,#3825,#3826);
#3204=AXIS2_PLACEMENT_3D('',#4785,#3828,#3829);
#3205=AXIS2_PLACEMENT_3D('',#4786,#3830,#3831);
#3206=AXIS2_PLACEMENT_3D('',#4792,#3835,#3836);
#3207=AXIS2_PLACEMENT_3D('',#4795,#3839,#3840);
#3208=AXIS2_PLACEMENT_3D('',#4796,#3841,#3842);
#3209=AXIS2_PLACEMENT_3D('',#4797,#3843,#3844);
#3210=AXIS2_PLACEMENT_3D('',#4803,#3848,#3849);
#3211=AXIS2_PLACEMENT_3D('',#4805,#3851,#3852);
#3212=AXIS2_PLACEMENT_3D('',#4807,#3854,#3855);
#3213=AXIS2_PLACEMENT_3D('',#4808,#3856,#3857);
#3214=AXIS2_PLACEMENT_3D('',#4814,#3861,#3862);
#3215=AXIS2_PLACEMENT_3D('',#4817,#3865,#3866);
#3216=AXIS2_PLACEMENT_3D('',#4818,#3867,#3868);
#3217=AXIS2_PLACEMENT_3D('',#4819,#3869,#3870);
#3218=AXIS2_PLACEMENT_3D('',#4820,#3871,#3872);
#3219=AXIS2_PLACEMENT_3D('',#4821,#3873,#3874);
#3220=AXIS2_PLACEMENT_3D('',#4822,#3875,#3876);
#3221=AXIS2_PLACEMENT_3D('',#4823,#3877,#3878);
#3222=AXIS2_PLACEMENT_3D('',#4824,#3879,#3880);
#3223=AXIS2_PLACEMENT_3D('',#4825,#3881,#3882);
#3224=AXIS2_PLACEMENT_3D('',#4827,#3884,#3885);
#3225=AXIS2_PLACEMENT_3D('',#4833,#3889,#3890);
#3226=AXIS2_PLACEMENT_3D('',#4842,#3896,#3897);
#3227=AXIS2_PLACEMENT_3D('',#4846,#3900,#3901);
#3228=AXIS2_PLACEMENT_3D('',#4853,#3906,#3907);
#3229=AXIS2_PLACEMENT_3D('',#4855,#3909,#3910);
#3230=AXIS2_PLACEMENT_3D('',#4856,#3911,#3912);
#3231=AXIS2_PLACEMENT_3D('',#4858,#3914,#3915);
#3232=AXIS2_PLACEMENT_3D('',#4864,#3920,#3921);
#3233=AXIS2_PLACEMENT_3D('',#4871,#3926,#3927);
#3234=AXIS2_PLACEMENT_3D('',#4872,#3928,#3929);
#3235=AXIS2_PLACEMENT_3D('',#4873,#3930,#3931);
#3236=AXIS2_PLACEMENT_3D('',#4874,#3932,#3933);
#3237=AXIS2_PLACEMENT_3D('',#4885,#3940,#3941);
#3238=AXIS2_PLACEMENT_3D('',#4887,#3943,#3944);
#3239=AXIS2_PLACEMENT_3D('',#4893,#3948,#3949);
#3240=AXIS2_PLACEMENT_3D('',#4902,#3955,#3956);
#3241=AXIS2_PLACEMENT_3D('',#4906,#3959,#3960);
#3242=AXIS2_PLACEMENT_3D('',#4913,#3965,#3966);
#3243=AXIS2_PLACEMENT_3D('',#4915,#3968,#3969);
#3244=AXIS2_PLACEMENT_3D('',#4916,#3970,#3971);
#3245=AXIS2_PLACEMENT_3D('',#4918,#3973,#3974);
#3246=AXIS2_PLACEMENT_3D('',#4920,#3976,#3977);
#3247=AXIS2_PLACEMENT_3D('',#4922,#3979,#3980);
#3248=AXIS2_PLACEMENT_3D('',#4924,#3982,#3983);
#3249=AXIS2_PLACEMENT_3D('',#4925,#3984,#3985);
#3250=AXIS2_PLACEMENT_3D('',#4931,#3988,#3989);
#3251=AXIS2_PLACEMENT_3D('',#4932,#3990,#3991);
#3252=AXIS2_PLACEMENT_3D('',#4933,#3992,#3993);
#3253=AXIS2_PLACEMENT_3D('',#4936,#3995,#3996);
#3254=AXIS2_PLACEMENT_3D('',#4939,#3999,#4000);
#3255=AXIS2_PLACEMENT_3D('',#4940,#4001,#4002);
#3256=AXIS2_PLACEMENT_3D('',#4941,#4003,#4004);
#3257=AXIS2_PLACEMENT_3D('',#4942,#4005,#4006);
#3258=AXIS2_PLACEMENT_3D('',#4943,#4007,#4008);
#3259=AXIS2_PLACEMENT_3D('',#4944,#4009,#4010);
#3260=AXIS2_PLACEMENT_3D('',#4945,#4011,#4012);
#3261=AXIS2_PLACEMENT_3D('',#4946,#4013,#4014);
#3262=AXIS2_PLACEMENT_3D('',#4947,#4015,#4016);
#3263=AXIS2_PLACEMENT_3D('',#4948,#4017,#4018);
#3264=AXIS2_PLACEMENT_3D('',#4949,#4019,#4020);
#3265=AXIS2_PLACEMENT_3D('',#4950,#4021,#4022);
#3266=AXIS2_PLACEMENT_3D('',#4951,#4023,#4024);
#3267=AXIS2_PLACEMENT_3D('',#4952,#4025,#4026);
#3268=AXIS2_PLACEMENT_3D('',#4953,#4027,#4028);
#3269=AXIS2_PLACEMENT_3D('',#4954,#4029,#4030);
#3270=AXIS2_PLACEMENT_3D('',#4955,#4031,#4032);
#3271=AXIS2_PLACEMENT_3D('',#4956,#4033,#4034);
#3272=AXIS2_PLACEMENT_3D('',#4957,#4035,#4036);
#3273=AXIS2_PLACEMENT_3D('',#4958,#4037,#4038);
#3274=AXIS2_PLACEMENT_3D('',#4959,#4039,#4040);
#3275=AXIS2_PLACEMENT_3D('',#4960,#4041,#4042);
#3276=AXIS2_PLACEMENT_3D('',#4961,#4043,#4044);
#3277=AXIS2_PLACEMENT_3D('',#4962,#4045,#4046);
#3278=AXIS2_PLACEMENT_3D('',#4963,#4047,#4048);
#3279=AXIS2_PLACEMENT_3D('',#4964,#4049,#4050);
#3280=AXIS2_PLACEMENT_3D('',#4965,#4051,#4052);
#3281=AXIS2_PLACEMENT_3D('',#4966,#4053,#4054);
#3282=AXIS2_PLACEMENT_3D('',#4967,#4055,#4056);
#3283=AXIS2_PLACEMENT_3D('',#4968,#4057,#4058);
#3284=AXIS2_PLACEMENT_3D('',#4969,#4059,#4060);
#3285=AXIS2_PLACEMENT_3D('',#4970,#4061,#4062);
#3286=AXIS2_PLACEMENT_3D('',#4971,#4063,#4064);
#3287=AXIS2_PLACEMENT_3D('',#4972,#4065,#4066);
#3288=AXIS2_PLACEMENT_3D('',#4973,#4067,#4068);
#3289=AXIS2_PLACEMENT_3D('',#4974,#4069,#4070);
#3290=AXIS2_PLACEMENT_3D('',#4975,#4071,#4072);
#3291=AXIS2_PLACEMENT_3D('',#4976,#4073,#4074);
#3292=AXIS2_PLACEMENT_3D('',#4977,#4075,#4076);
#3293=AXIS2_PLACEMENT_3D('',#4978,#4077,#4078);
#3294=AXIS2_PLACEMENT_3D('',#4979,#4079,#4080);
#3295=AXIS2_PLACEMENT_3D('',#4980,#4081,#4082);
#3296=AXIS2_PLACEMENT_3D('',#4981,#4083,#4084);
#3297=AXIS2_PLACEMENT_3D('',#4982,#4085,#4086);
#3298=AXIS2_PLACEMENT_3D('',#4983,#4087,#4088);
#3299=AXIS2_PLACEMENT_3D('',#4985,#4089,#4090);
#3300=AXIS2_PLACEMENT_3D('',#4986,#4091,#4092);
#3301=AXIS2_PLACEMENT_3D('',#4988,#4093,#4094);
#3302=AXIS2_PLACEMENT_3D('',#4989,#4095,#4096);
#3303=AXIS2_PLACEMENT_3D('',#4991,#4097,#4098);
#3304=AXIS2_PLACEMENT_3D('',#4992,#4099,#4100);
#3305=AXIS2_PLACEMENT_3D('',#4994,#4101,#4102);
#3306=AXIS2_PLACEMENT_3D('',#4995,#4103,#4104);
#3307=AXIS2_PLACEMENT_3D('',#4996,#4105,#4106);
#3308=AXIS2_PLACEMENT_3D('',#4998,#4107,#4108);
#3309=AXIS2_PLACEMENT_3D('',#4999,#4109,#4110);
#3310=AXIS2_PLACEMENT_3D('',#5000,#4111,#4112);
#3311=AXIS2_PLACEMENT_3D('',#5002,#4113,#4114);
#3312=AXIS2_PLACEMENT_3D('',#5003,#4115,#4116);
#3313=AXIS2_PLACEMENT_3D('',#5004,#4117,#4118);
#3314=AXIS2_PLACEMENT_3D('',#5006,#4119,#4120);
#3315=AXIS2_PLACEMENT_3D('',#5007,#4121,#4122);
#3316=AXIS2_PLACEMENT_3D('',#5008,#4123,#4124);
#3317=AXIS2_PLACEMENT_3D('',#5010,#4125,#4126);
#3318=DIRECTION('',(0.,0.,1.));
#3319=DIRECTION('',(1.,0.,0.));
#3320=DIRECTION('',(2.08140799517277E-16,-1.,0.));
#3321=DIRECTION('',(1.,2.08140799517277E-16,0.));
#3322=DIRECTION('',(-1.,-2.08140799517277E-16,0.));
#3323=DIRECTION('',(0.,0.,-1.));
#3324=DIRECTION('',(-1.,-2.08140799517277E-16,0.));
#3325=DIRECTION('',(0.,0.,-1.));
#3326=DIRECTION('',(-1.,-2.08140799517277E-16,0.));
#3327=DIRECTION('',(0.,0.,-1.));
#3328=DIRECTION('',(-1.,-2.08140799517277E-16,0.));
#3329=DIRECTION('',(0.,0.,-1.));
#3330=DIRECTION('',(-1.,-2.08140799517277E-16,0.));
#3331=DIRECTION('',(0.,0.,-1.));
#3332=DIRECTION('',(-1.,-2.08140799517277E-16,0.));
#3333=DIRECTION('',(0.,0.,-1.));
#3334=DIRECTION('',(2.08140799517277E-16,-1.,0.));
#3335=DIRECTION('',(1.,2.08140799517277E-16,0.));
#3336=DIRECTION('',(-2.08140799517277E-16,1.,0.));
#3337=DIRECTION('',(1.,2.08140799517277E-16,0.));
#3338=DIRECTION('',(0.,0.,1.));
#3339=DIRECTION('',(1.,0.,0.));
#3340=DIRECTION('',(0.,-1.,0.));
#3341=DIRECTION('',(0.,0.,1.));
#3342=DIRECTION('',(1.,0.,0.));
#3343=DIRECTION('',(0.,-1.,0.));
#3344=DIRECTION('',(-1.,-3.66691005860975E-16,0.));
#3345=DIRECTION('',(-3.66691005860975E-16,1.,0.));
#3346=DIRECTION('',(-1.,-3.23295620551983E-16,0.));
#3347=DIRECTION('',(0.,-1.,0.));
#3348=DIRECTION('',(-1.,-1.04070399758639E-16,0.));
#3349=DIRECTION('',(2.42471715413988E-16,-1.,0.));
#3350=DIRECTION('',(-1.,-3.23295620551983E-16,0.));
#3351=DIRECTION('',(-3.66691005860975E-16,1.,0.));
#3352=DIRECTION('',(-1.,-3.66691005860975E-16,0.));
#3353=DIRECTION('',(0.,0.,1.));
#3354=DIRECTION('',(1.,0.,0.));
#3355=DIRECTION('',(-2.75018254395732E-16,1.,0.));
#3356=DIRECTION('',(1.,2.75018254395732E-16,0.));
#3357=DIRECTION('',(2.75018254395732E-16,-1.,0.));
#3358=DIRECTION('',(-1.,-1.04070399758639E-16,0.));
#3359=DIRECTION('',(-2.75018254395732E-16,-1.,0.));
#3360=DIRECTION('',(-1.,2.75018254395732E-16,0.));
#3361=DIRECTION('',(-2.75018254395732E-16,-1.,0.));
#3362=DIRECTION('',(0.,0.,-1.));
#3363=DIRECTION('',(1.,0.,0.));
#3364=DIRECTION('',(1.,-3.66691005860975E-16,0.));
#3365=DIRECTION('',(-3.66691005860975E-16,1.,0.));
#3366=DIRECTION('',(1.,-3.23295620551983E-16,0.));
#3367=DIRECTION('',(-2.42471715413988E-16,-1.,0.));
#3368=DIRECTION('',(-1.,-1.04070399758639E-16,0.));
#3369=DIRECTION('',(3.12211199275916E-16,-1.,0.));
#3370=DIRECTION('',(1.,-3.23295620551983E-16,0.));
#3371=DIRECTION('',(-3.66691005860975E-16,1.,0.));
#3372=DIRECTION('',(1.,-3.66691005860975E-16,0.));
#3373=DIRECTION('',(3.12211199275916E-16,-1.,0.));
#3374=DIRECTION('',(0.,0.,1.));
#3375=DIRECTION('',(1.,0.,0.));
#3376=DIRECTION('',(3.12211199275916E-16,-1.,0.));
#3377=DIRECTION('',(1.,3.66691005860975E-16,0.));
#3378=DIRECTION('',(-3.66691005860975E-16,-1.,0.));
#3379=DIRECTION('',(1.,3.23295620551983E-16,0.));
#3380=DIRECTION('',(3.12211199275916E-16,-1.,0.));
#3381=DIRECTION('',(-1.,0.,0.));
#3382=DIRECTION('',(0.,-1.,0.));
#3383=DIRECTION('',(-1.,-1.91708631134334E-16,0.));
#3384=DIRECTION('',(0.,-1.,0.));
#3385=DIRECTION('',(-1.,0.,0.));
#3386=DIRECTION('',(0.,-1.,0.));
#3387=DIRECTION('',(-1.,3.23295620551983E-16,0.));
#3388=DIRECTION('',(-3.66691005860975E-16,-1.,0.));
#3389=DIRECTION('',(-1.,3.66691005860975E-16,0.));
#3390=DIRECTION('',(1.,0.,0.));
#3391=DIRECTION('',(0.,0.,-1.));
#3392=DIRECTION('',(3.12211199275916E-16,-1.,0.));
#3393=DIRECTION('',(0.,0.,-1.));
#3394=DIRECTION('',(0.,0.,-1.));
#3395=DIRECTION('',(1.,0.,0.));
#3396=DIRECTION('',(0.,0.,-1.));
#3397=DIRECTION('',(0.,0.,-1.));
#3398=DIRECTION('',(3.12211199275916E-16,-1.,0.));
#3399=DIRECTION('',(0.,0.,-1.));
#3400=DIRECTION('',(1.,3.12211199275916E-16,0.));
#3401=DIRECTION('',(-3.12211199275916E-16,1.,0.));
#3402=DIRECTION('',(0.,0.,-1.));
#3403=DIRECTION('',(3.12211199275916E-16,-1.,0.));
#3404=DIRECTION('',(0.,0.,-1.));
#3405=DIRECTION('',(0.,0.,1.));
#3406=DIRECTION('',(1.,0.,0.));
#3407=DIRECTION('',(0.,0.,1.));
#3408=DIRECTION('',(1.,0.,0.));
#3409=DIRECTION('',(0.,0.,1.));
#3410=DIRECTION('',(1.,0.,0.));
#3411=DIRECTION('',(-1.,3.66691005860975E-16,0.));
#3412=DIRECTION('',(0.,0.,-1.));
#3413=DIRECTION('',(1.,0.,0.));
#3414=DIRECTION('',(2.75018254395732E-16,1.,0.));
#3415=DIRECTION('',(-2.75018254395732E-16,1.,0.));
#3416=DIRECTION('',(0.,0.,1.));
#3417=DIRECTION('',(1.,0.,0.));
#3418=DIRECTION('',(1.,3.66691005860975E-16,0.));
#3419=DIRECTION('',(0.,0.,-1.));
#3420=DIRECTION('',(1.,0.,0.));
#3421=DIRECTION('',(3.12211199275916E-16,-1.,0.));
#3422=DIRECTION('',(1.,-3.66691005860975E-16,0.));
#3423=DIRECTION('',(0.,-1.,0.));
#3424=DIRECTION('',(-1.,0.,0.));
#3425=DIRECTION('',(0.,0.,1.));
#3426=DIRECTION('',(1.,0.,0.));
#3427=DIRECTION('',(0.,1.,0.));
#3428=DIRECTION('',(-1.,-2.95334918233975E-16,0.));
#3429=DIRECTION('',(0.,-1.,0.));
#3430=DIRECTION('',(0.,0.,1.));
#3431=DIRECTION('',(1.,0.,0.));
#3432=DIRECTION('',(0.,-1.,0.));
#3433=DIRECTION('',(-1.,-5.33043510958881E-16,0.));
#3434=DIRECTION('',(-2.75018254395732E-16,-1.,0.));
#3435=DIRECTION('',(-1.,2.75018254395732E-16,0.));
#3436=DIRECTION('',(-2.75018254395732E-16,-1.,0.));
#3437=DIRECTION('',(-1.,-1.04070399758639E-16,0.));
#3438=DIRECTION('',(2.75018254395732E-16,-1.,0.));
#3439=DIRECTION('',(1.,2.75018254395732E-16,0.));
#3440=DIRECTION('',(-2.75018254395732E-16,1.,0.));
#3441=DIRECTION('',(-1.,0.,0.));
#3442=DIRECTION('',(0.,0.,1.));
#3443=DIRECTION('',(1.,0.,0.));
#3444=DIRECTION('',(-1.,0.,0.));
#3445=DIRECTION('',(0.,-1.,0.));
#3446=DIRECTION('',(1.,0.,0.));
#3447=DIRECTION('',(0.,0.,1.));
#3448=DIRECTION('',(1.,0.,0.));
#3449=DIRECTION('',(1.,0.,0.));
#3450=DIRECTION('',(0.,-1.,0.));
#3451=DIRECTION('',(0.,0.,1.));
#3452=DIRECTION('',(1.,0.,0.));
#3453=DIRECTION('',(-1.,-3.66691005860975E-16,0.));
#3454=DIRECTION('',(0.,0.,1.));
#3455=DIRECTION('',(1.,0.,0.));
#3456=DIRECTION('',(0.,0.,1.));
#3457=DIRECTION('',(1.,0.,0.));
#3458=DIRECTION('',(-1.,0.,0.));
#3459=DIRECTION('',(0.,0.,1.));
#3460=DIRECTION('',(1.,0.,0.));
#3461=DIRECTION('',(-1.,0.,0.));
#3462=DIRECTION('',(0.,1.,0.));
#3463=DIRECTION('',(1.,0.,0.));
#3464=DIRECTION('',(0.,0.,1.));
#3465=DIRECTION('',(1.,0.,0.));
#3466=DIRECTION('',(1.,0.,0.));
#3467=DIRECTION('',(0.,1.,0.));
#3468=DIRECTION('',(-1.,0.,0.));
#3469=DIRECTION('',(0.,0.,1.));
#3470=DIRECTION('',(1.,0.,0.));
#3471=DIRECTION('',(-1.,0.,0.));
#3472=DIRECTION('',(0.,-1.,0.));
#3473=DIRECTION('',(1.,0.,0.));
#3474=DIRECTION('',(0.,0.,1.));
#3475=DIRECTION('',(1.,0.,0.));
#3476=DIRECTION('',(1.,0.,0.));
#3477=DIRECTION('',(0.,-1.,0.));
#3478=DIRECTION('',(1.,0.,0.));
#3479=DIRECTION('',(0.,0.,1.));
#3480=DIRECTION('',(1.,0.,0.));
#3481=DIRECTION('',(1.,0.,0.));
#3482=DIRECTION('',(0.,1.,0.));
#3483=DIRECTION('',(-1.,-3.41480999208033E-17,0.));
#3484=DIRECTION('',(0.,0.,1.));
#3485=DIRECTION('',(1.,0.,0.));
#3486=DIRECTION('',(-1.,-5.69134998680055E-17,0.));
#3487=DIRECTION('',(0.,1.,0.));
#3488=DIRECTION('',(-1.,-5.69134998680055E-17,0.));
#3489=DIRECTION('',(0.,0.,1.));
#3490=DIRECTION('',(1.,0.,0.));
#3491=DIRECTION('',(-1.,-3.41480999208033E-17,0.));
#3492=DIRECTION('',(0.,-1.,0.));
#3493=DIRECTION('',(1.,0.,0.));
#3494=DIRECTION('',(0.,0.,1.));
#3495=DIRECTION('',(1.,0.,0.));
#3496=DIRECTION('',(1.,0.,0.));
#3497=DIRECTION('',(0.,-1.,0.));
#3498=DIRECTION('',(0.,-1.,0.));
#3499=DIRECTION('',(0.,0.,1.));
#3500=DIRECTION('',(1.,0.,0.));
#3501=DIRECTION('',(0.,-1.,0.));
#3502=DIRECTION('',(1.,0.,0.));
#3503=DIRECTION('',(0.,1.,0.));
#3504=DIRECTION('',(0.,0.,1.));
#3505=DIRECTION('',(1.,0.,0.));
#3506=DIRECTION('',(2.27653999472022E-16,1.,0.));
#3507=DIRECTION('',(1.,0.,0.));
#3508=DIRECTION('',(-1.,0.,0.));
#3509=DIRECTION('',(0.,0.,1.));
#3510=DIRECTION('',(1.,0.,0.));
#3511=DIRECTION('',(-1.,0.,0.));
#3512=DIRECTION('',(0.,1.,0.));
#3513=DIRECTION('',(1.,0.,0.));
#3514=DIRECTION('',(0.,0.,1.));
#3515=DIRECTION('',(1.,0.,0.));
#3516=DIRECTION('',(1.,0.,0.));
#3517=DIRECTION('',(0.,1.,0.));
#3518=DIRECTION('',(0.,1.,0.));
#3519=DIRECTION('',(0.,0.,1.));
#3520=DIRECTION('',(0.,0.,1.));
#3521=DIRECTION('',(0.,0.,-1.));
#3522=DIRECTION('',(1.,0.,0.));
#3523=DIRECTION('',(0.,0.,-1.));
#3524=DIRECTION('',(0.,0.,1.));
#3525=DIRECTION('',(1.,0.,0.));
#3526=DIRECTION('',(0.,-1.,0.));
#3527=DIRECTION('',(0.,0.,-1.));
#3528=DIRECTION('',(0.,0.,-1.));
#3529=DIRECTION('',(-1.,0.,0.));
#3530=DIRECTION('',(0.,0.,-1.));
#3531=DIRECTION('',(0.,0.,-1.));
#3532=DIRECTION('',(-1.,0.,0.));
#3533=DIRECTION('',(0.,0.,-1.));
#3534=DIRECTION('',(0.,1.,0.));
#3535=DIRECTION('',(0.,0.,1.));
#3536=DIRECTION('',(1.,0.,0.));
#3537=DIRECTION('',(0.,0.,1.));
#3538=DIRECTION('',(0.,0.,-1.));
#3539=DIRECTION('',(1.,0.,0.));
#3540=DIRECTION('',(0.,0.,-1.));
#3541=DIRECTION('',(0.,0.,1.));
#3542=DIRECTION('',(0.,-1.,0.));
#3543=DIRECTION('',(0.,0.,-1.));
#3544=DIRECTION('',(-1.,0.,0.));
#3545=DIRECTION('',(0.,0.,-1.));
#3546=DIRECTION('',(0.,0.,-1.));
#3547=DIRECTION('',(-1.,0.,0.));
#3548=DIRECTION('',(0.,0.,-1.));
#3549=DIRECTION('',(0.,0.,-1.));
#3550=DIRECTION('',(0.,1.,0.));
#3551=DIRECTION('',(0.,0.,1.));
#3552=DIRECTION('',(1.,0.,0.));
#3553=DIRECTION('',(0.,0.,-1.));
#3554=DIRECTION('',(0.,0.,-1.));
#3555=DIRECTION('',(1.,0.,0.));
#3556=DIRECTION('',(0.,0.,-1.));
#3557=DIRECTION('',(0.,0.,-1.));
#3558=DIRECTION('',(0.,0.,-1.));
#3559=DIRECTION('',(-1.,0.,0.));
#3560=DIRECTION('',(0.,0.,-1.));
#3561=DIRECTION('',(0.,0.,-1.));
#3562=DIRECTION('',(-1.,0.,0.));
#3563=DIRECTION('',(0.,0.,-1.));
#3564=DIRECTION('',(0.,0.,-1.));
#3565=DIRECTION('',(0.,0.,1.));
#3566=DIRECTION('',(1.,0.,0.));
#3567=DIRECTION('',(3.66691005860975E-16,1.,0.));
#3568=DIRECTION('',(-1.,3.66691005860975E-16,0.));
#3569=DIRECTION('',(-1.,3.66691005860975E-16,0.));
#3570=DIRECTION('',(0.,0.,1.));
#3571=DIRECTION('',(0.,0.,-1.));
#3572=DIRECTION('',(-1.82123199577617E-16,-6.67829392437357E-32,1.));
#3573=DIRECTION('',(1.,3.66691005860975E-16,1.13826999736011E-16));
#3574=DIRECTION('',(-1.82123199577617E-16,-6.67829392437357E-32,1.));
#3575=DIRECTION('',(-1.,2.27653999472022E-16,0.));
#3576=DIRECTION('',(-2.27653999472022E-16,-1.,0.));
#3577=DIRECTION('',(0.,0.,-1.));
#3578=DIRECTION('',(-2.27653999472022E-16,-1.,0.));
#3579=DIRECTION('',(2.27653999472022E-16,1.,0.));
#3580=DIRECTION('',(0.,0.,-1.));
#3581=DIRECTION('',(1.,0.,0.));
#3582=DIRECTION('',(0.,0.,-1.));
#3583=DIRECTION('',(0.,-1.,0.));
#3584=DIRECTION('',(0.,0.,-1.));
#3585=DIRECTION('',(0.,0.,-1.));
#3586=DIRECTION('',(0.,-1.,0.));
#3587=DIRECTION('',(0.,0.,-1.));
#3588=DIRECTION('',(0.,0.,-1.));
#3589=DIRECTION('',(0.,1.,0.));
#3590=DIRECTION('',(0.,0.,1.));
#3591=DIRECTION('',(1.,0.,0.));
#3592=DIRECTION('',(0.,0.,-1.));
#3593=DIRECTION('',(0.,0.,-1.));
#3594=DIRECTION('',(1.,0.,0.));
#3595=DIRECTION('',(0.,0.,-1.));
#3596=DIRECTION('',(0.,0.,-1.));
#3597=DIRECTION('',(0.,-1.,0.));
#3598=DIRECTION('',(0.,0.,-1.));
#3599=DIRECTION('',(0.,0.,1.));
#3600=DIRECTION('',(-1.,0.,0.));
#3601=DIRECTION('',(0.,0.,1.));
#3602=DIRECTION('',(0.,0.,-1.));
#3603=DIRECTION('',(-1.,0.,0.));
#3604=DIRECTION('',(0.,0.,-1.));
#3605=DIRECTION('',(0.,1.,0.));
#3606=DIRECTION('',(0.,0.,1.));
#3607=DIRECTION('',(1.,0.,0.));
#3608=DIRECTION('',(0.,0.,-1.));
#3609=DIRECTION('',(0.,0.,-1.));
#3610=DIRECTION('',(1.,0.,0.));
#3611=DIRECTION('',(0.,0.,-1.));
#3612=DIRECTION('',(0.,0.,-1.));
#3613=DIRECTION('',(0.,0.,-1.));
#3614=DIRECTION('',(-1.,0.,0.));
#3615=DIRECTION('',(0.,0.,-1.));
#3616=DIRECTION('',(0.,0.,1.));
#3617=DIRECTION('',(1.,0.,0.));
#3618=DIRECTION('',(0.,0.,-1.));
#3619=DIRECTION('',(0.,0.,-1.));
#3620=DIRECTION('',(1.,2.75018254395732E-16,0.));
#3621=DIRECTION('',(-2.75018254395732E-16,1.,0.));
#3622=DIRECTION('',(2.75018254395732E-16,-1.,0.));
#3623=DIRECTION('',(0.,0.,-1.));
#3624=DIRECTION('',(0.,0.,-1.));
#3625=DIRECTION('',(-1.,2.75018254395732E-16,0.));
#3626=DIRECTION('',(-2.75018254395732E-16,-1.,0.));
#3627=DIRECTION('',(0.,0.,1.));
#3628=DIRECTION('',(2.75018254395732E-16,1.,0.));
#3629=DIRECTION('',(0.,0.,-1.));
#3630=DIRECTION('',(1.,-2.75018254395732E-16,0.));
#3631=DIRECTION('',(2.75018254395732E-16,1.,0.));
#3632=DIRECTION('',(0.,0.,-1.));
#3633=DIRECTION('',(0.,0.,-1.));
#3634=DIRECTION('',(1.,2.75018254395732E-16,0.));
#3635=DIRECTION('',(-2.75018254395732E-16,1.,0.));
#3636=DIRECTION('',(0.,0.,-1.));
#3637=DIRECTION('',(0.,0.,-1.));
#3638=DIRECTION('',(-3.23295620551983E-16,1.,0.));
#3639=DIRECTION('',(-1.,-3.23295620551983E-16,0.));
#3640=DIRECTION('',(0.,0.,1.));
#3641=DIRECTION('',(1.,3.23295620551983E-16,0.));
#3642=DIRECTION('',(0.,0.,-1.));
#3643=DIRECTION('',(-3.23295620551983E-16,-1.,0.));
#3644=DIRECTION('',(1.,-3.23295620551983E-16,0.));
#3645=DIRECTION('',(-1.,3.23295620551983E-16,0.));
#3646=DIRECTION('',(0.,0.,1.));
#3647=DIRECTION('',(0.,0.,-1.));
#3648=DIRECTION('',(0.,0.,1.));
#3649=DIRECTION('',(1.,0.,0.));
#3650=DIRECTION('',(-1.,3.66691005860975E-16,0.));
#3651=DIRECTION('',(-3.66691005860975E-16,-1.,0.));
#3652=DIRECTION('',(-1.,3.23295620551983E-16,0.));
#3653=DIRECTION('',(2.42471715413988E-16,1.,0.));
#3654=DIRECTION('',(2.75018254395732E-16,1.,0.));
#3655=DIRECTION('',(0.,0.,-1.));
#3656=DIRECTION('',(1.,0.,0.));
#3657=DIRECTION('',(-3.66691005860975E-16,-1.,0.));
#3658=DIRECTION('',(1.,-3.66691005860975E-16,0.));
#3659=DIRECTION('',(0.,0.,1.));
#3660=DIRECTION('',(1.,-3.66691005860975E-16,-1.32798166358679E-16));
#3661=DIRECTION('',(0.,0.,1.));
#3662=DIRECTION('',(0.,0.,-1.));
#3663=DIRECTION('',(3.23295620551983E-16,-1.,0.));
#3664=DIRECTION('',(1.,3.23295620551983E-16,0.));
#3665=DIRECTION('',(0.,0.,1.));
#3666=DIRECTION('',(-1.,-3.23295620551983E-16,0.));
#3667=DIRECTION('',(0.,0.,-1.));
#3668=DIRECTION('',(3.23295620551983E-16,1.,0.));
#3669=DIRECTION('',(-1.,3.23295620551983E-16,0.));
#3670=DIRECTION('',(1.,-3.23295620551983E-16,0.));
#3671=DIRECTION('',(-1.82123199577617E-16,-6.67829392437357E-32,1.));
#3672=DIRECTION('',(0.,0.,-1.));
#3673=DIRECTION('',(0.,0.,1.));
#3674=DIRECTION('',(1.,0.,0.));
#3675=DIRECTION('',(-3.66691005860975E-16,-1.,0.));
#3676=DIRECTION('',(1.,3.66691005860975E-16,0.));
#3677=DIRECTION('',(0.,0.,1.));
#3678=DIRECTION('',(1.,0.,0.));
#3679=DIRECTION('',(-2.75018254395732E-16,1.,0.));
#3680=DIRECTION('',(-2.42471715413988E-16,1.,0.));
#3681=DIRECTION('',(1.,3.23295620551983E-16,0.));
#3682=DIRECTION('',(1.,0.,0.));
#3683=DIRECTION('',(0.,0.,-1.));
#3684=DIRECTION('',(3.12211199275916E-16,-1.,0.));
#3685=DIRECTION('',(0.,0.,-1.));
#3686=DIRECTION('',(1.04070399758639E-16,-1.,0.));
#3687=DIRECTION('',(1.,1.04070399758639E-16,0.));
#3688=DIRECTION('',(-1.,-1.04070399758639E-16,0.));
#3689=DIRECTION('',(0.,0.,-1.));
#3690=DIRECTION('',(0.,0.,-1.));
#3691=DIRECTION('',(1.04070399758639E-16,-1.,0.));
#3692=DIRECTION('',(1.,1.04070399758639E-16,0.));
#3693=DIRECTION('',(1.,3.12211199275916E-16,0.));
#3694=DIRECTION('',(-3.12211199275916E-16,1.,0.));
#3695=DIRECTION('',(3.12211199275916E-16,-1.,0.));
#3696=DIRECTION('',(1.,3.12211199275916E-16,0.));
#3697=DIRECTION('',(-3.12211199275916E-16,1.,0.));
#3698=DIRECTION('',(0.,0.,-1.));
#3699=DIRECTION('',(1.,0.,0.));
#3700=DIRECTION('',(0.,0.,-1.));
#3701=DIRECTION('',(1.,0.,0.));
#3702=DIRECTION('',(0.,0.,-1.));
#3703=DIRECTION('',(1.,0.,0.));
#3704=DIRECTION('',(0.,0.,-1.));
#3705=DIRECTION('',(3.12211199275916E-16,-1.,0.));
#3706=DIRECTION('',(0.,0.,-1.));
#3707=DIRECTION('',(0.,-1.,0.));
#3708=DIRECTION('',(1.04070399758639E-16,-1.,0.));
#3709=DIRECTION('',(1.,1.04070399758639E-16,0.));
#3710=DIRECTION('',(-1.,-1.04070399758639E-16,0.));
#3711=DIRECTION('',(0.,0.,-1.));
#3712=DIRECTION('',(1.,3.12211199275916E-16,0.));
#3713=DIRECTION('',(-3.12211199275916E-16,1.,0.));
#3714=DIRECTION('',(1.,3.12211199275916E-16,0.));
#3715=DIRECTION('',(-3.12211199275916E-16,1.,0.));
#3716=DIRECTION('',(1.,3.12211199275916E-16,0.));
#3717=DIRECTION('',(-3.12211199275916E-16,1.,0.));
#3718=DIRECTION('',(3.12211199275916E-16,-1.,0.));
#3719=DIRECTION('',(3.12211199275916E-16,-1.,0.));
#3720=DIRECTION('',(0.,0.,-1.));
#3721=DIRECTION('',(0.,-1.,0.));
#3722=DIRECTION('',(0.,0.,-1.));
#3723=DIRECTION('',(-1.,0.,0.));
#3724=DIRECTION('',(0.,0.,-1.));
#3725=DIRECTION('',(1.,0.,0.));
#3726=DIRECTION('',(0.,0.,-1.));
#3727=DIRECTION('',(1.,0.,0.));
#3728=DIRECTION('',(0.,0.,-1.));
#3729=DIRECTION('',(1.,0.,0.));
#3730=DIRECTION('',(0.,0.,-1.));
#3731=DIRECTION('',(0.,-1.,0.));
#3732=DIRECTION('',(0.,0.,-1.));
#3733=DIRECTION('',(1.91708631134334E-16,-1.,0.));
#3734=DIRECTION('',(1.,1.91708631134334E-16,0.));
#3735=DIRECTION('',(-1.,-1.91708631134334E-16,0.));
#3736=DIRECTION('',(0.,0.,-1.));
#3737=DIRECTION('',(1.,0.,0.));
#3738=DIRECTION('',(0.,0.,-1.));
#3739=DIRECTION('',(-1.,0.,0.));
#3740=DIRECTION('',(0.,0.,1.));
#3741=DIRECTION('',(-1.,0.,0.));
#3742=DIRECTION('',(0.,0.,1.));
#3743=DIRECTION('',(0.,-1.,0.));
#3744=DIRECTION('',(0.,0.,-1.));
#3745=DIRECTION('',(0.,-1.,0.));
#3746=DIRECTION('',(0.,0.,-1.));
#3747=DIRECTION('',(-1.,0.,0.));
#3748=DIRECTION('',(0.,0.,1.));
#3749=DIRECTION('',(1.,0.,0.));
#3750=DIRECTION('',(0.,0.,-1.));
#3751=DIRECTION('',(-1.,0.,0.));
#3752=DIRECTION('',(1.,2.42471715413988E-16,0.));
#3753=DIRECTION('',(-2.42471715413988E-16,1.,0.));
#3754=DIRECTION('',(2.42471715413988E-16,-1.,0.));
#3755=DIRECTION('',(0.,0.,-1.));
#3756=DIRECTION('',(3.23295620551983E-16,-1.,0.));
#3757=DIRECTION('',(1.,3.23295620551983E-16,0.));
#3758=DIRECTION('',(-1.,-3.23295620551983E-16,0.));
#3759=DIRECTION('',(0.,0.,1.));
#3760=DIRECTION('',(3.66691005860975E-16,-1.,0.));
#3761=DIRECTION('',(1.,3.66691005860975E-16,0.));
#3762=DIRECTION('',(0.,0.,1.));
#3763=DIRECTION('',(-1.,-3.66691005860975E-16,1.13826999736011E-16));
#3764=DIRECTION('',(0.,0.,1.));
#3765=DIRECTION('',(-3.66691005860975E-16,1.,0.));
#3766=DIRECTION('',(-1.,-3.66691005860975E-16,0.));
#3767=DIRECTION('',(0.,0.,1.));
#3768=DIRECTION('',(-1.,3.66691005860975E-16,-1.32798166358679E-16));
#3769=DIRECTION('',(0.,0.,1.));
#3770=DIRECTION('',(0.,0.,-1.));
#3771=DIRECTION('',(0.,0.,-1.));
#3772=DIRECTION('',(-1.,0.,0.));
#3773=DIRECTION('',(0.,0.,-1.));
#3774=DIRECTION('',(-1.,-2.75018254395732E-16,0.));
#3775=DIRECTION('',(2.75018254395732E-16,-1.,0.));
#3776=DIRECTION('',(-1.,-2.42471715413988E-16,0.));
#3777=DIRECTION('',(2.42471715413988E-16,-1.,0.));
#3778=DIRECTION('',(-2.42471715413988E-16,1.,0.));
#3779=DIRECTION('',(0.,0.,-1.));
#3780=DIRECTION('',(-3.23295620551983E-16,1.,0.));
#3781=DIRECTION('',(-1.,-3.23295620551983E-16,0.));
#3782=DIRECTION('',(1.,3.23295620551983E-16,0.));
#3783=DIRECTION('',(0.,0.,1.));
#3784=DIRECTION('',(0.,0.,-1.));
#3785=DIRECTION('',(-1.,0.,0.));
#3786=DIRECTION('',(0.,0.,-1.));
#3787=DIRECTION('',(-3.23295620551983E-16,-1.,0.));
#3788=DIRECTION('',(1.,-3.23295620551983E-16,0.));
#3789=DIRECTION('',(0.,0.,1.));
#3790=DIRECTION('',(-1.,3.23295620551983E-16,0.));
#3791=DIRECTION('',(0.,0.,-1.));
#3792=DIRECTION('',(-1.,2.42471715413988E-16,0.));
#3793=DIRECTION('',(-2.42471715413988E-16,-1.,0.));
#3794=DIRECTION('',(2.42471715413988E-16,1.,0.));
#3795=DIRECTION('',(-1.,2.75018254395732E-16,0.));
#3796=DIRECTION('',(-2.75018254395732E-16,-1.,0.));
#3797=DIRECTION('',(3.23295620551983E-16,1.,0.));
#3798=DIRECTION('',(-1.,3.23295620551983E-16,0.));
#3799=DIRECTION('',(-1.82123199577617E-16,-6.67829392437357E-32,1.));
#3800=DIRECTION('',(1.,-3.23295620551983E-16,0.));
#3801=DIRECTION('',(0.,0.,-1.));
#3802=DIRECTION('',(1.,-2.42471715413988E-16,0.));
#3803=DIRECTION('',(2.42471715413988E-16,1.,0.));
#3804=DIRECTION('',(-2.42471715413988E-16,-1.,0.));
#3805=DIRECTION('',(0.,0.,1.));
#3806=DIRECTION('',(1.,0.,0.));
#3807=DIRECTION('',(1.,-3.23295620551983E-16,0.));
#3808=DIRECTION('',(0.,0.,1.));
#3809=DIRECTION('',(1.,0.,0.));
#3810=DIRECTION('',(-1.,3.23295620551983E-16,0.));
#3811=DIRECTION('',(0.,0.,1.));
#3812=DIRECTION('',(1.,0.,0.));
#3813=DIRECTION('',(1.,3.23295620551983E-16,0.));
#3814=DIRECTION('',(0.,0.,1.));
#3815=DIRECTION('',(1.,0.,0.));
#3816=DIRECTION('',(-1.,-3.23295620551983E-16,0.));
#3817=DIRECTION('',(1.,3.66691005860975E-16,1.82123199577617E-16));
#3818=DIRECTION('',(-3.66691005860975E-16,1.,0.));
#3819=DIRECTION('',(3.66691005860975E-16,-1.,0.));
#3820=DIRECTION('',(-1.82123199577617E-16,-6.67829392437357E-32,1.));
#3821=DIRECTION('',(1.13826999736011E-16,4.17393370273348E-32,-1.));
#3822=DIRECTION('',(-1.,0.,-1.13826999736011E-16));
#3823=DIRECTION('',(3.66691005860975E-16,-1.,0.));
#3824=DIRECTION('',(1.,3.66691005860975E-16,1.13826999736011E-16));
#3825=DIRECTION('',(1.,3.66691005860975E-16,1.82123199577617E-16));
#3826=DIRECTION('',(-3.66691005860975E-16,1.,0.));
#3827=DIRECTION('',(-1.82123199577617E-16,-6.67829392437357E-32,1.));
#3828=DIRECTION('',(3.66691005860975E-16,-1.,0.));
#3829=DIRECTION('',(1.,3.66691005860975E-16,0.));
#3830=DIRECTION('',(3.66691005860975E-16,-1.,0.));
#3831=DIRECTION('',(1.,3.66691005860975E-16,0.));
#3832=DIRECTION('',(0.,0.,1.));
#3833=DIRECTION('',(-1.,-3.66691005860975E-16,1.13826999736011E-16));
#3834=DIRECTION('',(0.,0.,1.));
#3835=DIRECTION('',(1.13826999736011E-16,4.17393370273348E-32,1.));
#3836=DIRECTION('',(1.,0.,-1.13826999736011E-16));
#3837=DIRECTION('',(3.66691005860975E-16,-1.,0.));
#3838=DIRECTION('',(3.66691005860975E-16,-1.,0.));
#3839=DIRECTION('',(1.,3.66691005860975E-16,0.));
#3840=DIRECTION('',(-3.66691005860975E-16,1.,0.));
#3841=DIRECTION('',(1.,3.66691005860975E-16,0.));
#3842=DIRECTION('',(-3.66691005860975E-16,1.,0.));
#3843=DIRECTION('',(1.32798166358679E-16,-4.86958931985573E-32,1.));
#3844=DIRECTION('',(1.,0.,-1.32798166358679E-16));
#3845=DIRECTION('',(3.66691005860975E-16,1.,0.));
#3846=DIRECTION('',(1.,-3.66691005860975E-16,-1.32798166358679E-16));
#3847=DIRECTION('',(3.66691005860975E-16,1.,0.));
#3848=DIRECTION('',(-1.,3.66691005860975E-16,0.));
#3849=DIRECTION('',(-3.66691005860975E-16,-1.,0.));
#3850=DIRECTION('',(0.,0.,1.));
#3851=DIRECTION('',(-1.,3.66691005860975E-16,0.));
#3852=DIRECTION('',(-3.66691005860975E-16,-1.,0.));
#3853=DIRECTION('',(0.,0.,1.));
#3854=DIRECTION('',(3.66691005860975E-16,1.,0.));
#3855=DIRECTION('',(-1.,3.66691005860975E-16,0.));
#3856=DIRECTION('',(3.66691005860975E-16,1.,0.));
#3857=DIRECTION('',(-1.,3.66691005860975E-16,0.));
#3858=DIRECTION('',(0.,0.,1.));
#3859=DIRECTION('',(-1.,3.66691005860975E-16,-1.32798166358679E-16));
#3860=DIRECTION('',(0.,0.,1.));
#3861=DIRECTION('',(1.32798166358679E-16,-4.86958931985573E-32,-1.));
#3862=DIRECTION('',(-1.,0.,-1.32798166358679E-16));
#3863=DIRECTION('',(3.66691005860975E-16,1.,0.));
#3864=DIRECTION('',(3.66691005860975E-16,1.,0.));
#3865=DIRECTION('',(-1.,3.66691005860975E-16,0.));
#3866=DIRECTION('',(-3.66691005860975E-16,-1.,0.));
#3867=DIRECTION('',(-1.,3.66691005860975E-16,0.));
#3868=DIRECTION('',(-3.66691005860975E-16,-1.,0.));
#3869=DIRECTION('',(-1.,0.,0.));
#3870=DIRECTION('',(0.,0.,1.));
#3871=DIRECTION('',(-1.,0.,0.));
#3872=DIRECTION('',(0.,0.,1.));
#3873=DIRECTION('',(-1.,0.,0.));
#3874=DIRECTION('',(0.,0.,1.));
#3875=DIRECTION('',(-1.,0.,0.));
#3876=DIRECTION('',(0.,0.,1.));
#3877=DIRECTION('',(2.75018254395732E-16,-1.,0.));
#3878=DIRECTION('',(1.,2.75018254395732E-16,0.));
#3879=DIRECTION('',(2.75018254395732E-16,1.,0.));
#3880=DIRECTION('',(-1.,2.75018254395732E-16,0.));
#3881=DIRECTION('',(5.33043510958881E-16,-1.,0.));
#3882=DIRECTION('',(1.,5.33043510958881E-16,0.));
#3883=DIRECTION('',(-1.,-5.33043510958881E-16,0.));
#3884=DIRECTION('',(2.95334918233975E-16,-1.,0.));
#3885=DIRECTION('',(1.,2.95334918233975E-16,0.));
#3886=DIRECTION('',(0.,0.,-1.));
#3887=DIRECTION('',(-1.,-2.95334918233975E-16,0.));
#3888=DIRECTION('',(0.,0.,-1.));
#3889=DIRECTION('',(-1.,0.,0.));
#3890=DIRECTION('',(0.,0.,1.));
#3891=DIRECTION('',(0.,0.,-1.));
#3892=DIRECTION('',(0.,-1.,0.));
#3893=DIRECTION('',(0.,0.,-1.));
#3894=DIRECTION('',(0.,0.,-1.));
#3895=DIRECTION('',(0.,1.,0.));
#3896=DIRECTION('',(0.,1.,0.));
#3897=DIRECTION('',(0.,0.,1.));
#3898=DIRECTION('',(0.,0.,-1.));
#3899=DIRECTION('',(1.,0.,0.));
#3900=DIRECTION('',(1.,0.,0.));
#3901=DIRECTION('',(0.,0.,-1.));
#3902=DIRECTION('',(0.,0.,1.));
#3903=DIRECTION('',(0.,-1.,0.));
#3904=DIRECTION('',(0.,0.,1.));
#3905=DIRECTION('',(0.,1.,0.));
#3906=DIRECTION('',(0.,1.,0.));
#3907=DIRECTION('',(0.,0.,1.));
#3908=DIRECTION('',(1.,0.,0.));
#3909=DIRECTION('',(0.,0.,1.));
#3910=DIRECTION('',(1.,0.,0.));
#3911=DIRECTION('',(1.,0.,0.));
#3912=DIRECTION('',(0.,0.,-1.));
#3913=DIRECTION('',(0.,-1.,0.));
#3914=DIRECTION('',(0.,0.,1.));
#3915=DIRECTION('',(1.,0.,0.));
#3916=DIRECTION('',(0.,-1.,0.));
#3917=DIRECTION('',(0.,1.,0.));
#3918=DIRECTION('',(0.,1.,0.));
#3919=DIRECTION('',(-1.,0.,0.));
#3920=DIRECTION('',(0.,-1.,0.));
#3921=DIRECTION('',(0.,0.,-1.));
#3922=DIRECTION('',(0.,0.,-1.));
#3923=DIRECTION('',(1.,0.,0.));
#3924=DIRECTION('',(0.,0.,-1.));
#3925=DIRECTION('',(0.,0.,-1.));
#3926=DIRECTION('',(1.,0.,0.));
#3927=DIRECTION('',(0.,0.,-1.));
#3928=DIRECTION('',(-1.,0.,0.));
#3929=DIRECTION('',(0.,0.,1.));
#3930=DIRECTION('',(-1.,0.,0.));
#3931=DIRECTION('',(0.,0.,1.));
#3932=DIRECTION('',(5.69134998680055E-17,-1.,0.));
#3933=DIRECTION('',(1.,5.69134998680055E-17,0.));
#3934=DIRECTION('',(0.,0.,-1.));
#3935=DIRECTION('',(1.,5.69134998680055E-17,0.));
#3936=DIRECTION('',(0.,0.,-1.));
#3937=DIRECTION('',(0.,0.,-1.));
#3938=DIRECTION('',(-1.,-5.69134998680055E-17,0.));
#3939=DIRECTION('',(0.,0.,-1.));
#3940=DIRECTION('',(1.,0.,0.));
#3941=DIRECTION('',(0.,0.,-1.));
#3942=DIRECTION('',(0.,-1.,0.));
#3943=DIRECTION('',(1.,0.,0.));
#3944=DIRECTION('',(0.,0.,-1.));
#3945=DIRECTION('',(0.,0.,-1.));
#3946=DIRECTION('',(0.,-1.,0.));
#3947=DIRECTION('',(0.,0.,-1.));
#3948=DIRECTION('',(3.41480999208033E-17,-1.,0.));
#3949=DIRECTION('',(1.,3.41480999208033E-17,0.));
#3950=DIRECTION('',(0.,0.,-1.));
#3951=DIRECTION('',(1.,3.41480999208033E-17,0.));
#3952=DIRECTION('',(0.,0.,-1.));
#3953=DIRECTION('',(0.,0.,-1.));
#3954=DIRECTION('',(-1.,-3.41480999208033E-17,0.));
#3955=DIRECTION('',(-1.,0.,0.));
#3956=DIRECTION('',(0.,0.,1.));
#3957=DIRECTION('',(0.,0.,-1.));
#3958=DIRECTION('',(0.,1.,0.));
#3959=DIRECTION('',(0.,1.,0.));
#3960=DIRECTION('',(0.,0.,1.));
#3961=DIRECTION('',(0.,0.,1.));
#3962=DIRECTION('',(1.,0.,0.));
#3963=DIRECTION('',(0.,0.,1.));
#3964=DIRECTION('',(-1.,0.,0.));
#3965=DIRECTION('',(-1.,0.,0.));
#3966=DIRECTION('',(0.,0.,1.));
#3967=DIRECTION('',(0.,1.,0.));
#3968=DIRECTION('',(0.,0.,1.));
#3969=DIRECTION('',(1.,0.,0.));
#3970=DIRECTION('',(1.,0.,0.));
#3971=DIRECTION('',(0.,0.,-1.));
#3972=DIRECTION('',(0.,-1.,0.));
#3973=DIRECTION('',(1.,0.,0.));
#3974=DIRECTION('',(0.,0.,-1.));
#3975=DIRECTION('',(0.,-1.,0.));
#3976=DIRECTION('',(-1.,0.,0.));
#3977=DIRECTION('',(0.,0.,1.));
#3978=DIRECTION('',(0.,1.,0.));
#3979=DIRECTION('',(-1.,0.,0.));
#3980=DIRECTION('',(0.,0.,1.));
#3981=DIRECTION('',(0.,1.,0.));
#3982=DIRECTION('',(0.,0.,1.));
#3983=DIRECTION('',(1.,0.,0.));
#3984=DIRECTION('',(0.,0.,-1.));
#3985=DIRECTION('',(-1.,0.,0.));
#3986=DIRECTION('',(0.,-1.,0.));
#3987=DIRECTION('',(-1.,3.66691005860975E-16,0.));
#3988=DIRECTION('',(0.,0.,-1.));
#3989=DIRECTION('',(-1.,0.,0.));
#3990=DIRECTION('',(0.,0.,-1.));
#3991=DIRECTION('',(-1.,0.,0.));
#3992=DIRECTION('',(0.,0.,-1.));
#3993=DIRECTION('',(-1.,0.,0.));
#3994=DIRECTION('',(-1.,0.,0.));
#3995=DIRECTION('',(0.,1.,0.));
#3996=DIRECTION('',(0.,0.,1.));
#3997=DIRECTION('',(0.,0.,-1.));
#3998=DIRECTION('',(0.,0.,-1.));
#3999=DIRECTION('',(-1.,0.,0.));
#4000=DIRECTION('',(0.,-1.,0.));
#4001=DIRECTION('',(-1.,0.,0.));
#4002=DIRECTION('',(0.,0.,1.));
#4003=DIRECTION('',(0.,0.,1.));
#4004=DIRECTION('',(1.,0.,0.));
#4005=DIRECTION('',(0.,0.,-1.));
#4006=DIRECTION('',(-1.,0.,0.));
#4007=DIRECTION('',(-0.707106781186548,0.,-0.707106781186548));
#4008=DIRECTION('',(-0.707106781186548,0.,0.707106781186548));
#4009=DIRECTION('',(-1.,0.,0.));
#4010=DIRECTION('',(0.,0.,1.));
#4011=DIRECTION('',(-0.707106781186548,0.,0.707106781186548));
#4012=DIRECTION('',(0.707106781186548,0.,0.707106781186548));
#4013=DIRECTION('',(0.,0.,1.));
#4014=DIRECTION('',(1.,0.,0.));
#4015=DIRECTION('',(0.,0.,-1.));
#4016=DIRECTION('',(-1.,0.,0.));
#4017=DIRECTION('',(-0.707106781186548,-4.02439216977263E-17,-0.707106781186548));
#4018=DIRECTION('',(-0.707106781186548,-4.02439216977263E-17,0.707106781186548));
#4019=DIRECTION('',(-1.,-5.69134998680055E-17,0.));
#4020=DIRECTION('',(5.69134998680055E-17,-1.,0.));
#4021=DIRECTION('',(-0.707106781186548,-4.02439216977263E-17,0.707106781186548));
#4022=DIRECTION('',(0.707106781186548,4.02439216977263E-17,0.707106781186548));
#4023=DIRECTION('',(0.,0.,1.));
#4024=DIRECTION('',(1.,0.,0.));
#4025=DIRECTION('',(0.,0.,-1.));
#4026=DIRECTION('',(-1.,0.,0.));
#4027=DIRECTION('',(0.,0.707106781186548,-0.707106781186548));
#4028=DIRECTION('',(0.,-0.707106781186548,-0.707106781186548));
#4029=DIRECTION('',(0.,1.,0.));
#4030=DIRECTION('',(0.,0.,1.));
#4031=DIRECTION('',(0.,0.707106781186548,0.707106781186548));
#4032=DIRECTION('',(0.,-0.707106781186548,0.707106781186548));
#4033=DIRECTION('',(0.,0.,1.));
#4034=DIRECTION('',(1.,0.,0.));
#4035=DIRECTION('',(0.,0.,1.));
#4036=DIRECTION('',(1.,0.,0.));
#4037=DIRECTION('',(0.707106781186548,0.,0.707106781186548));
#4038=DIRECTION('',(0.707106781186548,0.,-0.707106781186548));
#4039=DIRECTION('',(1.,0.,0.));
#4040=DIRECTION('',(0.,0.,-1.));
#4041=DIRECTION('',(0.707106781186548,0.,-0.707106781186548));
#4042=DIRECTION('',(-0.707106781186548,0.,-0.707106781186548));
#4043=DIRECTION('',(0.,0.,-1.));
#4044=DIRECTION('',(-1.,0.,0.));
#4045=DIRECTION('',(0.,0.,1.));
#4046=DIRECTION('',(1.,0.,0.));
#4047=DIRECTION('',(0.707106781186548,0.,0.707106781186548));
#4048=DIRECTION('',(0.707106781186548,0.,-0.707106781186548));
#4049=DIRECTION('',(1.,0.,0.));
#4050=DIRECTION('',(0.,0.,-1.));
#4051=DIRECTION('',(0.707106781186548,0.,-0.707106781186548));
#4052=DIRECTION('',(-0.707106781186548,0.,-0.707106781186548));
#4053=DIRECTION('',(0.,0.,-1.));
#4054=DIRECTION('',(-1.,0.,0.));
#4055=DIRECTION('',(0.,0.,1.));
#4056=DIRECTION('',(1.,0.,0.));
#4057=DIRECTION('',(-0.707106781186548,0.,0.707106781186548));
#4058=DIRECTION('',(-0.707106781186548,0.,-0.707106781186548));
#4059=DIRECTION('',(-1.,0.,0.));
#4060=DIRECTION('',(0.,0.,1.));
#4061=DIRECTION('',(-0.707106781186548,0.,-0.707106781186548));
#4062=DIRECTION('',(0.707106781186548,0.,-0.707106781186548));
#4063=DIRECTION('',(0.,0.,-1.));
#4064=DIRECTION('',(-1.,0.,0.));
#4065=DIRECTION('',(0.,0.,1.));
#4066=DIRECTION('',(1.,0.,0.));
#4067=DIRECTION('',(0.707106781186548,0.,0.707106781186548));
#4068=DIRECTION('',(-0.707106781186548,0.,0.707106781186548));
#4069=DIRECTION('',(1.,0.,0.));
#4070=DIRECTION('',(0.,0.,-1.));
#4071=DIRECTION('',(0.707106781186548,0.,-0.707106781186548));
#4072=DIRECTION('',(-0.707106781186548,0.,-0.707106781186548));
#4073=DIRECTION('',(0.,0.,-1.));
#4074=DIRECTION('',(-1.,0.,0.));
#4075=DIRECTION('',(0.,0.,1.));
#4076=DIRECTION('',(1.,0.,0.));
#4077=DIRECTION('',(0.,0.,-1.));
#4078=DIRECTION('',(-1.,0.,0.));
#4079=DIRECTION('',(1.,0.,0.));
#4080=DIRECTION('',(0.,0.,-1.));
#4081=DIRECTION('',(1.,-3.66691005860975E-16,0.));
#4082=DIRECTION('',(3.66691005860975E-16,1.,0.));
#4083=DIRECTION('',(-2.08140799517277E-16,1.,0.));
#4084=DIRECTION('',(-1.,-2.08140799517277E-16,0.));
#4085=DIRECTION('',(0.,0.,-1.));
#4086=DIRECTION('',(-1.,0.,0.));
#4087=DIRECTION('',(0.,0.,-1.));
#4088=DIRECTION('',(1.,0.,0.));
#4089=DIRECTION('',(0.,0.,1.));
#4090=DIRECTION('',(1.,0.,0.));
#4091=DIRECTION('',(0.,0.,-1.));
#4092=DIRECTION('',(1.,0.,0.));
#4093=DIRECTION('',(0.,0.,-1.));
#4094=DIRECTION('',(-1.,0.,0.));
#4095=DIRECTION('',(0.,0.,1.));
#4096=DIRECTION('',(1.,0.,0.));
#4097=DIRECTION('',(0.,0.,1.));
#4098=DIRECTION('',(1.,0.,0.));
#4099=DIRECTION('',(0.,0.,1.));
#4100=DIRECTION('',(1.,0.,0.));
#4101=DIRECTION('',(0.,0.,-1.));
#4102=DIRECTION('',(-1.,0.,0.));
#4103=DIRECTION('',(2.08140799517277E-16,-1.,0.));
#4104=DIRECTION('',(1.,2.08140799517277E-16,0.));
#4105=DIRECTION('',(2.08140799517277E-16,-1.,0.));
#4106=DIRECTION('',(1.,2.08140799517277E-16,0.));
#4107=DIRECTION('',(2.08140799517277E-16,-1.,0.));
#4108=DIRECTION('',(1.,2.08140799517277E-16,0.));
#4109=DIRECTION('',(2.08140799517277E-16,-1.,0.));
#4110=DIRECTION('',(1.,2.08140799517277E-16,0.));
#4111=DIRECTION('',(-2.08140799517277E-16,1.,0.));
#4112=DIRECTION('',(1.,2.08140799517277E-16,0.));
#4113=DIRECTION('',(2.08140799517277E-16,-1.,0.));
#4114=DIRECTION('',(1.,2.08140799517277E-16,0.));
#4115=DIRECTION('',(0.,0.,1.));
#4116=DIRECTION('',(1.,0.,0.));
#4117=DIRECTION('',(0.,0.,1.));
#4118=DIRECTION('',(1.,0.,0.));
#4119=DIRECTION('',(0.,0.,1.));
#4120=DIRECTION('',(1.,0.,0.));
#4121=DIRECTION('',(0.,0.,1.));
#4122=DIRECTION('',(1.,0.,0.));
#4123=DIRECTION('',(0.,0.,-1.));
#4124=DIRECTION('',(1.,0.,0.));
#4125=DIRECTION('',(0.,0.,1.));
#4126=DIRECTION('',(1.,0.,0.));
#4127=CARTESIAN_POINT('',(0.,0.,0.));
#4128=CARTESIAN_POINT('',(1.38777878078145E-17,-0.066675,0.00127));
#4129=CARTESIAN_POINT('',(1.38777878078145E-17,-0.066675,0.));
#4130=CARTESIAN_POINT('',(0.066675,-0.066675,0.));
#4131=CARTESIAN_POINT('',(-0.066675,-0.066675,0.));
#4132=CARTESIAN_POINT('',(0.066675,-0.066675,0.00127));
#4133=CARTESIAN_POINT('',(0.066675,-0.066675,0.01651));
#4134=CARTESIAN_POINT('',(1.38777878078145E-17,-0.066675,0.01651));
#4135=CARTESIAN_POINT('',(0.023749,-0.066675,0.01651));
#4136=CARTESIAN_POINT('',(0.023749,-0.066675,0.04191));
#4137=CARTESIAN_POINT('',(0.023749,-0.066675,0.04191));
#4138=CARTESIAN_POINT('',(1.38777878078145E-17,-0.066675,0.04191));
#4139=CARTESIAN_POINT('',(0.021209,-0.066675,0.04191));
#4140=CARTESIAN_POINT('',(0.021209,-0.066675,0.04191));
#4141=CARTESIAN_POINT('',(0.021209,-0.066675,0.00127));
#4142=CARTESIAN_POINT('',(1.38777878078145E-17,-0.066675,0.00127));
#4143=CARTESIAN_POINT('',(-0.021209,-0.066675,0.00127));
#4144=CARTESIAN_POINT('',(-0.021209,-0.066675,0.04191));
#4145=CARTESIAN_POINT('',(-0.021209,-0.066675,0.04191));
#4146=CARTESIAN_POINT('',(1.38777878078145E-17,-0.066675,0.04191));
#4147=CARTESIAN_POINT('',(-0.023749,-0.066675,0.04191));
#4148=CARTESIAN_POINT('',(-0.023749,-0.066675,0.04191));
#4149=CARTESIAN_POINT('',(-0.023749,-0.066675,0.01651));
#4150=CARTESIAN_POINT('',(1.38777878078145E-17,-0.066675,0.01651));
#4151=CARTESIAN_POINT('',(-0.066675,-0.066675,0.01651));
#4152=CARTESIAN_POINT('',(-0.066675,-0.066675,0.00127));
#4153=CARTESIAN_POINT('',(-0.045212,-0.066675,0.00889));
#4154=CARTESIAN_POINT('',(-0.042672,-0.066675,0.00889));
#4155=CARTESIAN_POINT('',(0.045212,-0.066675,0.00889));
#4156=CARTESIAN_POINT('',(0.047752,-0.066675,0.00889));
#4157=CARTESIAN_POINT('',(0.,1.38777878078145E-17,0.04191));
#4158=CARTESIAN_POINT('',(-0.066675,-0.0695325,0.04191));
#4159=CARTESIAN_POINT('',(-0.066675,-0.0021060567418757,0.04191));
#4160=CARTESIAN_POINT('',(-0.066675,-0.021209,0.04191));
#4161=CARTESIAN_POINT('',(-0.0635,2.33295215237571E-19,0.04191));
#4162=CARTESIAN_POINT('',(-0.066675,0.0021060567418757,0.04191));
#4163=CARTESIAN_POINT('',(-0.066675,-0.0695325,0.04191));
#4164=CARTESIAN_POINT('',(-0.066675,0.021209,0.04191));
#4165=CARTESIAN_POINT('',(-0.047752,0.021209,0.04191));
#4166=CARTESIAN_POINT('',(-0.059182,0.021209,0.04191));
#4167=CARTESIAN_POINT('',(-0.059182,-7.82371930104976E-18,0.04191));
#4168=CARTESIAN_POINT('',(-0.059182,0.023749,0.04191));
#4169=CARTESIAN_POINT('',(-0.045212,0.023749,0.04191));
#4170=CARTESIAN_POINT('',(-0.066675,0.023749,0.04191));
#4171=CARTESIAN_POINT('',(-0.066675,-0.0695325,0.04191));
#4172=CARTESIAN_POINT('',(-0.066675,0.066675,0.04191));
#4173=CARTESIAN_POINT('',(-2.77555756156289E-17,0.066675,0.04191));
#4174=CARTESIAN_POINT('',(-0.023749,0.066675,0.04191));
#4175=CARTESIAN_POINT('',(-0.023749,0.045212,0.04191));
#4176=CARTESIAN_POINT('',(-0.023749,0.023749,0.04191));
#4177=CARTESIAN_POINT('',(-0.045212,0.023749,0.04191));
#4178=CARTESIAN_POINT('',(-0.036322,0.023749,0.04191));
#4179=CARTESIAN_POINT('',(-0.036322,5.58837092932125E-19,0.04191));
#4180=CARTESIAN_POINT('',(-0.036322,0.021209,0.04191));
#4181=CARTESIAN_POINT('',(-0.047752,0.021209,0.04191));
#4182=CARTESIAN_POINT('',(-0.028829,0.021209,0.04191));
#4183=CARTESIAN_POINT('',(-0.028829,0.028829,0.04191));
#4184=CARTESIAN_POINT('',(-0.022479,0.0246168865162487,0.04191));
#4185=CARTESIAN_POINT('',(-0.022479,0.035052,0.04191));
#4186=CARTESIAN_POINT('',(-0.022479,0.047752,0.04191));
#4187=CARTESIAN_POINT('',(-0.022479,0.047752,0.04191));
#4188=CARTESIAN_POINT('',(-0.021209,0.047752,0.04191));
#4189=CARTESIAN_POINT('',(-0.021209,0.047752,0.04191));
#4190=CARTESIAN_POINT('',(-0.021209,0.066675,0.04191));
#4191=CARTESIAN_POINT('',(-2.77555756156289E-17,0.066675,0.04191));
#4192=CARTESIAN_POINT('',(0.021209,0.066675,0.04191));
#4193=CARTESIAN_POINT('',(0.021209,0.047752,0.04191));
#4194=CARTESIAN_POINT('',(0.021209,0.047752,0.04191));
#4195=CARTESIAN_POINT('',(0.022479,0.047752,0.04191));
#4196=CARTESIAN_POINT('',(0.022479,0.047752,0.04191));
#4197=CARTESIAN_POINT('',(0.022479,0.047752,0.04191));
#4198=CARTESIAN_POINT('',(0.022479,0.0246168865162487,0.04191));
#4199=CARTESIAN_POINT('',(0.028829,0.028829,0.04191));
#4200=CARTESIAN_POINT('',(0.028829,0.021209,0.04191));
#4201=CARTESIAN_POINT('',(0.047752,0.021209,0.04191));
#4202=CARTESIAN_POINT('',(0.036322,0.021209,0.04191));
#4203=CARTESIAN_POINT('',(0.036322,2.71967385226968E-17,0.04191));
#4204=CARTESIAN_POINT('',(0.036322,0.023749,0.04191));
#4205=CARTESIAN_POINT('',(0.045212,0.023749,0.04191));
#4206=CARTESIAN_POINT('',(0.023749,0.023749,0.04191));
#4207=CARTESIAN_POINT('',(0.023749,0.045212,0.04191));
#4208=CARTESIAN_POINT('',(0.023749,0.066675,0.04191));
#4209=CARTESIAN_POINT('',(-2.77555756156289E-17,0.066675,0.04191));
#4210=CARTESIAN_POINT('',(0.066675,0.066675,0.04191));
#4211=CARTESIAN_POINT('',(0.066675,1.38777878078145E-17,0.04191));
#4212=CARTESIAN_POINT('',(0.066675,0.023749,0.04191));
#4213=CARTESIAN_POINT('',(0.045212,0.023749,0.04191));
#4214=CARTESIAN_POINT('',(0.059182,0.023749,0.04191));
#4215=CARTESIAN_POINT('',(0.059182,3.55792949166787E-17,0.04191));
#4216=CARTESIAN_POINT('',(0.059182,0.021209,0.04191));
#4217=CARTESIAN_POINT('',(0.047752,0.021209,0.04191));
#4218=CARTESIAN_POINT('',(0.066675,0.021209,0.04191));
#4219=CARTESIAN_POINT('',(0.066675,1.38777878078145E-17,0.04191));
#4220=CARTESIAN_POINT('',(0.066675,0.00210605674187566,0.04191));
#4221=CARTESIAN_POINT('',(0.0635,2.33295215237571E-19,0.04191));
#4222=CARTESIAN_POINT('',(0.066675,-0.00210605674187565,0.04191));
#4223=CARTESIAN_POINT('',(0.066675,1.38777878078145E-17,0.04191));
#4224=CARTESIAN_POINT('',(0.066675,-0.021209,0.04191));
#4225=CARTESIAN_POINT('',(0.047752,-0.021209,0.04191));
#4226=CARTESIAN_POINT('',(0.059182,-0.021209,0.04191));
#4227=CARTESIAN_POINT('',(0.059182,-7.82371930104976E-18,0.04191));
#4228=CARTESIAN_POINT('',(0.059182,-0.023749,0.04191));
#4229=CARTESIAN_POINT('',(0.045212,-0.023749,0.04191));
#4230=CARTESIAN_POINT('',(0.066675,-0.023749,0.04191));
#4231=CARTESIAN_POINT('',(0.066675,1.38777878078145E-17,0.04191));
#4232=CARTESIAN_POINT('',(0.066675,-0.07239,0.04191));
#4233=CARTESIAN_POINT('',(0.0695325,-0.07239,0.04191));
#4234=CARTESIAN_POINT('',(0.07239,-0.07239,0.04191));
#4235=CARTESIAN_POINT('',(0.07239,2.77555756156289E-17,0.04191));
#4236=CARTESIAN_POINT('',(0.07239,0.07239,0.04191));
#4237=CARTESIAN_POINT('',(-1.38777878078145E-17,0.07239,0.04191));
#4238=CARTESIAN_POINT('',(-0.07239,0.07239,0.04191));
#4239=CARTESIAN_POINT('',(-0.07239,-1.38777878078145E-17,0.04191));
#4240=CARTESIAN_POINT('',(-0.07239,-0.07239,0.04191));
#4241=CARTESIAN_POINT('',(-0.0695325,-0.07239,0.04191));
#4242=CARTESIAN_POINT('',(-0.066675,-0.07239,0.04191));
#4243=CARTESIAN_POINT('',(-0.066675,-0.0695325,0.04191));
#4244=CARTESIAN_POINT('',(-0.066675,-0.023749,0.04191));
#4245=CARTESIAN_POINT('',(-0.045212,-0.023749,0.04191));
#4246=CARTESIAN_POINT('',(-0.059182,-0.023749,0.04191));
#4247=CARTESIAN_POINT('',(-0.059182,3.55792949166787E-17,0.04191));
#4248=CARTESIAN_POINT('',(-0.059182,-0.021209,0.04191));
#4249=CARTESIAN_POINT('',(-0.047752,-0.021209,0.04191));
#4250=CARTESIAN_POINT('',(-0.066675,-0.0695325,0.04191));
#4251=CARTESIAN_POINT('',(-0.066675,-1.38777878078145E-17,0.00127));
#4252=CARTESIAN_POINT('',(-0.066675,-0.00210605674187565,0.00127));
#4253=CARTESIAN_POINT('',(-0.066675,-0.021209,0.00127));
#4254=CARTESIAN_POINT('',(-0.066675,-0.0021060567418757,0.070866));
#4255=CARTESIAN_POINT('',(-0.066675,-0.021209,0.04191));
#4256=CARTESIAN_POINT('',(-0.066675,-0.0695325,0.04191));
#4257=CARTESIAN_POINT('',(-0.066675,0.0021060567418757,0.070866));
#4258=CARTESIAN_POINT('',(-0.066675,0.00210605674187565,0.00127));
#4259=CARTESIAN_POINT('',(-0.066675,-1.38777878078145E-17,0.00127));
#4260=CARTESIAN_POINT('',(-0.066675,0.021209,0.00127));
#4261=CARTESIAN_POINT('',(-0.066675,0.021209,0.04191));
#4262=CARTESIAN_POINT('',(0.066675,1.38777878078145E-17,0.04191));
#4263=CARTESIAN_POINT('',(0.066675,-0.00210605674187565,0.070866));
#4264=CARTESIAN_POINT('',(0.066675,-0.00210605674187565,0.00127));
#4265=CARTESIAN_POINT('',(0.066675,1.38777878078145E-17,0.00127));
#4266=CARTESIAN_POINT('',(0.066675,-0.021209,0.00127));
#4267=CARTESIAN_POINT('',(0.066675,-0.021209,0.04191));
#4268=CARTESIAN_POINT('',(0.,1.38777878078145E-17,0.00127));
#4269=CARTESIAN_POINT('',(0.,-0.059055,0.00127));
#4270=CARTESIAN_POINT('',(0.003175,-0.059055,0.00127));
#4271=CARTESIAN_POINT('',(-0.0635,2.33295215237571E-19,0.00127));
#4272=CARTESIAN_POINT('',(-0.047752,-0.021209,0.00127));
#4273=CARTESIAN_POINT('',(-0.028829,-0.021209,0.00127));
#4274=CARTESIAN_POINT('',(-0.028829,-0.028829,0.00127));
#4275=CARTESIAN_POINT('',(-0.021209,-0.028829,0.00127));
#4276=CARTESIAN_POINT('',(-0.021209,-0.047752,0.00127));
#4277=CARTESIAN_POINT('',(0.021209,-0.047752,0.00127));
#4278=CARTESIAN_POINT('',(0.021209,-0.028829,0.00127));
#4279=CARTESIAN_POINT('',(0.028829,-0.028829,0.00127));
#4280=CARTESIAN_POINT('',(0.028829,-0.021209,0.00127));
#4281=CARTESIAN_POINT('',(0.047752,-0.021209,0.00127));
#4282=CARTESIAN_POINT('',(0.0635,2.33295215237571E-19,0.00127));
#4283=CARTESIAN_POINT('',(0.066675,0.00210605674187566,0.00127));
#4284=CARTESIAN_POINT('',(0.066675,1.38777878078145E-17,0.00127));
#4285=CARTESIAN_POINT('',(0.066675,0.021209,0.00127));
#4286=CARTESIAN_POINT('',(0.047752,0.021209,0.00127));
#4287=CARTESIAN_POINT('',(0.0349158052,0.021209,0.00127));
#4288=CARTESIAN_POINT('',(0.0349158052,0.0239522,0.00127));
#4289=CARTESIAN_POINT('',(0.0349158052,0.0283972,0.00127));
#4290=CARTESIAN_POINT('',(0.0349158052,0.0283972,0.00127));
#4291=CARTESIAN_POINT('',(0.0228508052,0.0283972,0.00127));
#4292=CARTESIAN_POINT('',(0.0228508052,0.0296672,0.00127));
#4293=CARTESIAN_POINT('',(0.0215808052,0.0296672,0.00127));
#4294=CARTESIAN_POINT('',(0.0215808052,0.0239522,0.00127));
#4295=CARTESIAN_POINT('',(0.0215808052,0.0303022,0.00127));
#4296=CARTESIAN_POINT('',(0.0098333052,0.0303022,0.00127));
#4297=CARTESIAN_POINT('',(-0.0019141948,0.0303022,0.00127));
#4298=CARTESIAN_POINT('',(-0.0019141948,0.0239522,0.00127));
#4299=CARTESIAN_POINT('',(-0.00191419479999999,0.0283972,0.00127));
#4300=CARTESIAN_POINT('',(-0.0019141948,0.0296672,0.00127));
#4301=CARTESIAN_POINT('',(-0.00318419480000001,0.0296672,0.00127));
#4302=CARTESIAN_POINT('',(-0.00318419480000001,0.0239522,0.00127));
#4303=CARTESIAN_POINT('',(-0.00318419480000001,0.0315722,0.00127));
#4304=CARTESIAN_POINT('',(0.0098333052,0.0315722,0.00127));
#4305=CARTESIAN_POINT('',(0.022479,0.0315722,0.00127));
#4306=CARTESIAN_POINT('',(0.022479,0.047752,0.00127));
#4307=CARTESIAN_POINT('',(0.022479,0.047752,0.00127));
#4308=CARTESIAN_POINT('',(0.022479,0.047752,0.00127));
#4309=CARTESIAN_POINT('',(0.021209,0.047752,0.00127));
#4310=CARTESIAN_POINT('',(0.021209,0.047752,0.00127));
#4311=CARTESIAN_POINT('',(0.021209,0.066675,0.00127));
#4312=CARTESIAN_POINT('',(-2.77555756156289E-17,0.066675,0.00127));
#4313=CARTESIAN_POINT('',(-0.021209,0.066675,0.00127));
#4314=CARTESIAN_POINT('',(-0.021209,0.047752,0.00127));
#4315=CARTESIAN_POINT('',(-0.021209,0.047752,0.00127));
#4316=CARTESIAN_POINT('',(-0.022479,0.047752,0.00127));
#4317=CARTESIAN_POINT('',(-0.022479,0.047752,0.00127));
#4318=CARTESIAN_POINT('',(-0.022479,0.035052,0.00127));
#4319=CARTESIAN_POINT('',(-0.022479,0.0318516,0.00127));
#4320=CARTESIAN_POINT('',(-0.0152908,0.0318516,0.00127));
#4321=CARTESIAN_POINT('',(-0.0204089,0.0318516,0.00127));
#4322=CARTESIAN_POINT('',(-0.0204089,0.0305816,0.00127));
#4323=CARTESIAN_POINT('',(-0.0191389,0.0305816,0.00127));
#4324=CARTESIAN_POINT('',(-0.0152908,0.0305816,0.00127));
#4325=CARTESIAN_POINT('',(-0.0216408,0.0305816,0.00127));
#4326=CARTESIAN_POINT('',(-0.0216408,0.0188341,0.00127));
#4327=CARTESIAN_POINT('',(-0.0216408,0.0070866,0.00127));
#4328=CARTESIAN_POINT('',(-0.0152908,0.0070866,0.00127));
#4329=CARTESIAN_POINT('',(-0.0191389,0.0070866,0.00127));
#4330=CARTESIAN_POINT('',(-0.0204089,0.0070866,0.00127));
#4331=CARTESIAN_POINT('',(-0.0204089,0.0058166,0.00127));
#4332=CARTESIAN_POINT('',(-0.0152908,0.0058166,0.00127));
#4333=CARTESIAN_POINT('',(-0.0229108,0.0058166,0.00127));
#4334=CARTESIAN_POINT('',(-0.0229108,0.0188341,0.00127));
#4335=CARTESIAN_POINT('',(-0.0229108,0.0240290720047067,0.00127));
#4336=CARTESIAN_POINT('',(-0.028829,0.028829,0.00127));
#4337=CARTESIAN_POINT('',(-0.028829,0.021209,0.00127));
#4338=CARTESIAN_POINT('',(-0.047752,0.021209,0.00127));
#4339=CARTESIAN_POINT('',(0.0127,-0.059055,0.00127));
#4340=CARTESIAN_POINT('',(0.0142875,-0.059055,0.00127));
#4341=CARTESIAN_POINT('',(-0.0127,-0.059055,0.00127));
#4342=CARTESIAN_POINT('',(-0.0111125,-0.059055,0.00127));
#4343=CARTESIAN_POINT('',(-0.015053056,-0.0227089208,0.00127));
#4344=CARTESIAN_POINT('',(-0.019117056,-0.0227089208,0.00127));
#4345=CARTESIAN_POINT('',(-0.021403056,-0.0227089208,0.00127));
#4346=CARTESIAN_POINT('',(-0.020387056,-0.0227089208,0.00127));
#4347=CARTESIAN_POINT('',(-0.020387056,-0.0239789208,0.00127));
#4348=CARTESIAN_POINT('',(-0.015053056,-0.0239789208,0.00127));
#4349=CARTESIAN_POINT('',(-0.022673056,-0.0239789208,0.00127));
#4350=CARTESIAN_POINT('',(-0.022673056,-0.0109614208,0.00127));
#4351=CARTESIAN_POINT('',(-0.022673056,0.0020560792,0.00127));
#4352=CARTESIAN_POINT('',(-0.015053056,0.0020560792,0.00127));
#4353=CARTESIAN_POINT('',(-0.020387056,0.0020560792,0.00127));
#4354=CARTESIAN_POINT('',(-0.020387056,0.0007860792,0.00127));
#4355=CARTESIAN_POINT('',(-0.019117056,0.0007860792,0.00127));
#4356=CARTESIAN_POINT('',(-0.015053056,0.0007860792,0.00127));
#4357=CARTESIAN_POINT('',(-0.021403056,0.0007860792,0.00127));
#4358=CARTESIAN_POINT('',(-0.021403056,-0.0109614208,0.00127));
#4359=CARTESIAN_POINT('',(-0.015053056,-0.0239789208,0.00127));
#4360=CARTESIAN_POINT('',(-0.007433056,-0.0239789208,0.00127));
#4361=CARTESIAN_POINT('',(-0.009719056,-0.0239789208,0.00127));
#4362=CARTESIAN_POINT('',(-0.009719056,-0.0227089208,0.00127));
#4363=CARTESIAN_POINT('',(-0.010989056,-0.0227089208,0.00127));
#4364=CARTESIAN_POINT('',(-0.015053056,-0.0227089208,0.00127));
#4365=CARTESIAN_POINT('',(-0.008703056,-0.0227089208,0.00127));
#4366=CARTESIAN_POINT('',(-0.008703056,-0.0109614208,0.00127));
#4367=CARTESIAN_POINT('',(-0.008703056,0.0007860792,0.00127));
#4368=CARTESIAN_POINT('',(-0.015053056,0.0007860792,0.00127));
#4369=CARTESIAN_POINT('',(-0.010989056,0.0007860792,0.00127));
#4370=CARTESIAN_POINT('',(-0.009719056,0.0007860792,0.00127));
#4371=CARTESIAN_POINT('',(-0.009719056,0.0020560792,0.00127));
#4372=CARTESIAN_POINT('',(-0.015053056,0.0020560792,0.00127));
#4373=CARTESIAN_POINT('',(-0.007433056,0.0020560792,0.00127));
#4374=CARTESIAN_POINT('',(-0.007433056,-0.0109614208,0.00127));
#4375=CARTESIAN_POINT('',(0.0146115532,-0.023824692,0.00127));
#4376=CARTESIAN_POINT('',(0.0199455532,-0.023824692,0.00127));
#4377=CARTESIAN_POINT('',(0.0222315532,-0.023824692,0.00127));
#4378=CARTESIAN_POINT('',(0.0199455532,-0.022554692,0.00127));
#4379=CARTESIAN_POINT('',(0.0186755532,-0.022554692,0.00127));
#4380=CARTESIAN_POINT('',(0.0146115532,-0.022554692,0.00127));
#4381=CARTESIAN_POINT('',(0.0209615532,-0.022554692,0.00127));
#4382=CARTESIAN_POINT('',(0.0209615532,-0.010807192,0.00127));
#4383=CARTESIAN_POINT('',(0.0209615532,0.000940308,0.00127));
#4384=CARTESIAN_POINT('',(0.0146115532,0.000940308,0.00127));
#4385=CARTESIAN_POINT('',(0.0186755532,0.000940308,0.00127));
#4386=CARTESIAN_POINT('',(0.0199455532,0.000940308,0.00127));
#4387=CARTESIAN_POINT('',(0.0199455532,0.002210308,0.00127));
#4388=CARTESIAN_POINT('',(0.0146115532,0.002210308,0.00127));
#4389=CARTESIAN_POINT('',(0.0222315532,0.002210308,0.00127));
#4390=CARTESIAN_POINT('',(0.0222315532,-0.010807192,0.00127));
#4391=CARTESIAN_POINT('',(0.0146115532,0.002210308,0.00127));
#4392=CARTESIAN_POINT('',(0.0092775532,0.002210308,0.00127));
#4393=CARTESIAN_POINT('',(0.0069915532,0.002210308,0.00127));
#4394=CARTESIAN_POINT('',(0.0092775532,0.000940308,0.00127));
#4395=CARTESIAN_POINT('',(0.0105475532,0.000940308,0.00127));
#4396=CARTESIAN_POINT('',(0.0146115532,0.000940308,0.00127));
#4397=CARTESIAN_POINT('',(0.0082615532,0.000940308,0.00127));
#4398=CARTESIAN_POINT('',(0.0082615532,-0.010807192,0.00127));
#4399=CARTESIAN_POINT('',(0.0082615532,-0.022554692,0.00127));
#4400=CARTESIAN_POINT('',(0.0146115532,-0.022554692,0.00127));
#4401=CARTESIAN_POINT('',(0.0105475532,-0.022554692,0.00127));
#4402=CARTESIAN_POINT('',(0.0092775532,-0.022554692,0.00127));
#4403=CARTESIAN_POINT('',(0.0092775532,-0.023824692,0.00127));
#4404=CARTESIAN_POINT('',(0.0146115532,-0.023824692,0.00127));
#4405=CARTESIAN_POINT('',(0.0069915532,-0.023824692,0.00127));
#4406=CARTESIAN_POINT('',(0.0069915532,-0.010807192,0.00127));
#4407=CARTESIAN_POINT('',(-0.00318419480000001,0.0239522,0.00127));
#4408=CARTESIAN_POINT('',(-0.00318419480000001,0.0182372,0.00127));
#4409=CARTESIAN_POINT('',(-0.00318419480000001,0.0163322,0.00127));
#4410=CARTESIAN_POINT('',(-0.0019141948,0.0182372,0.00127));
#4411=CARTESIAN_POINT('',(-0.00191419479999999,0.0195072,0.00127));
#4412=CARTESIAN_POINT('',(-0.0019141948,0.0239522,0.00127));
#4413=CARTESIAN_POINT('',(-0.0019141948,0.0176022,0.00127));
#4414=CARTESIAN_POINT('',(0.0098333052,0.0176022,0.00127));
#4415=CARTESIAN_POINT('',(0.0215808052,0.0176022,0.00127));
#4416=CARTESIAN_POINT('',(0.0215808052,0.0239522,0.00127));
#4417=CARTESIAN_POINT('',(0.0215808052,0.0195072,0.00127));
#4418=CARTESIAN_POINT('',(0.0215808052,0.0182372,0.00127));
#4419=CARTESIAN_POINT('',(0.0228508052,0.0182372,0.00127));
#4420=CARTESIAN_POINT('',(0.0228508052,0.0239522,0.00127));
#4421=CARTESIAN_POINT('',(0.0228508052,0.0163322,0.00127));
#4422=CARTESIAN_POINT('',(0.00983330519999999,0.0163322,0.00127));
#4423=CARTESIAN_POINT('',(-0.0152908,0.0305816,0.00127));
#4424=CARTESIAN_POINT('',(-0.0089408,0.0305816,0.00127));
#4425=CARTESIAN_POINT('',(-0.0110109,0.0305816,0.00127));
#4426=CARTESIAN_POINT('',(-0.0097409,0.0305816,0.00127));
#4427=CARTESIAN_POINT('',(-0.0097409,0.0318516,0.00127));
#4428=CARTESIAN_POINT('',(-0.0152908,0.0318516,0.00127));
#4429=CARTESIAN_POINT('',(-0.0076708,0.0318516,0.00127));
#4430=CARTESIAN_POINT('',(-0.0076708,0.0188341,0.00127));
#4431=CARTESIAN_POINT('',(-0.0076708,0.0058166,0.00127));
#4432=CARTESIAN_POINT('',(-0.0152908,0.0058166,0.00127));
#4433=CARTESIAN_POINT('',(-0.0097409,0.0058166,0.00127));
#4434=CARTESIAN_POINT('',(-0.0097409,0.0070866,0.00127));
#4435=CARTESIAN_POINT('',(-0.0110109,0.0070866,0.00127));
#4436=CARTESIAN_POINT('',(-0.0152908,0.0070866,0.00127));
#4437=CARTESIAN_POINT('',(-0.0089408,0.0070866,0.00127));
#4438=CARTESIAN_POINT('',(-0.0089408,0.0188341,0.00127));
#4439=CARTESIAN_POINT('',(-0.015053056,0.0007860792,0.01651));
#4440=CARTESIAN_POINT('',(-0.010989056,0.0007860792,0.01651));
#4441=CARTESIAN_POINT('',(-0.010989056,0.0007860792,0.00635));
#4442=CARTESIAN_POINT('',(-0.008703056,0.0007860792,0.01651));
#4443=CARTESIAN_POINT('',(-0.008703056,0.0007860792,0.01651));
#4444=CARTESIAN_POINT('',(-0.015053056,0.0007860792,0.01651));
#4445=CARTESIAN_POINT('',(-0.021403056,0.0007860792,0.01651));
#4446=CARTESIAN_POINT('',(-0.021403056,0.0007860792,0.01651));
#4447=CARTESIAN_POINT('',(-0.019117056,0.0007860792,0.01651));
#4448=CARTESIAN_POINT('',(-0.019117056,0.0007860792,0.00635));
#4449=CARTESIAN_POINT('',(-0.015053056,0.0007860792,0.00635));
#4450=CARTESIAN_POINT('',(-0.015053056,-0.0227089208,0.01651));
#4451=CARTESIAN_POINT('',(-0.010989056,-0.0227089208,0.01651));
#4452=CARTESIAN_POINT('',(-0.010989056,-0.0227089208,0.00635));
#4453=CARTESIAN_POINT('',(-0.015053056,-0.0227089208,0.00635));
#4454=CARTESIAN_POINT('',(-0.019117056,-0.0227089208,0.00635));
#4455=CARTESIAN_POINT('',(-0.019117056,-0.0227089208,0.01651));
#4456=CARTESIAN_POINT('',(-0.021403056,-0.0227089208,0.01651));
#4457=CARTESIAN_POINT('',(-0.021403056,-0.0227089208,0.01651));
#4458=CARTESIAN_POINT('',(-0.015053056,-0.0227089208,0.01651));
#4459=CARTESIAN_POINT('',(-0.008703056,-0.0227089208,0.01651));
#4460=CARTESIAN_POINT('',(-0.008703056,-0.0227089208,0.01651));
#4461=CARTESIAN_POINT('',(-0.015053056,0.0020560792,0.01651));
#4462=CARTESIAN_POINT('',(-0.019117056,0.0020560792,0.00762));
#4463=CARTESIAN_POINT('',(-0.009719056,0.0020560792,0.00762));
#4464=CARTESIAN_POINT('',(-0.020387056,0.0020560792,0.00762));
#4465=CARTESIAN_POINT('',(-0.020387056,0.0020560792,0.00127));
#4466=CARTESIAN_POINT('',(-0.022673056,0.0020560792,0.01651));
#4467=CARTESIAN_POINT('',(-0.022673056,0.0020560792,0.01651));
#4468=CARTESIAN_POINT('',(-0.015053056,0.0020560792,0.01651));
#4469=CARTESIAN_POINT('',(-0.007433056,0.0020560792,0.01651));
#4470=CARTESIAN_POINT('',(-0.007433056,0.0020560792,0.01651));
#4471=CARTESIAN_POINT('',(-0.009719056,0.0020560792,0.01651));
#4472=CARTESIAN_POINT('',(-0.015053056,-0.0239789208,0.01651));
#4473=CARTESIAN_POINT('',(-0.010989056,-0.0239789208,0.00762));
#4474=CARTESIAN_POINT('',(-0.020387056,-0.0239789208,0.00762));
#4475=CARTESIAN_POINT('',(-0.009719056,-0.0239789208,0.00762));
#4476=CARTESIAN_POINT('',(-0.009719056,-0.0239789208,0.01651));
#4477=CARTESIAN_POINT('',(-0.007433056,-0.0239789208,0.01651));
#4478=CARTESIAN_POINT('',(-0.007433056,-0.0239789208,0.01651));
#4479=CARTESIAN_POINT('',(-0.015053056,-0.0239789208,0.01651));
#4480=CARTESIAN_POINT('',(-0.022673056,-0.0239789208,0.01651));
#4481=CARTESIAN_POINT('',(-0.022673056,-0.0239789208,0.01651));
#4482=CARTESIAN_POINT('',(-0.020387056,-0.0239789208,0.00635));
#4483=CARTESIAN_POINT('',(0.0146115532,-0.023824692,0.01651));
#4484=CARTESIAN_POINT('',(0.0186755532,-0.023824692,0.00762));
#4485=CARTESIAN_POINT('',(0.0092775532,-0.023824692,0.00762));
#4486=CARTESIAN_POINT('',(0.0199455532,-0.023824692,0.00762));
#4487=CARTESIAN_POINT('',(0.0199455532,-0.023824692,0.00127));
#4488=CARTESIAN_POINT('',(0.0222315532,-0.023824692,0.01651));
#4489=CARTESIAN_POINT('',(0.0222315532,-0.023824692,0.01651));
#4490=CARTESIAN_POINT('',(0.0146115532,-0.023824692,0.01651));
#4491=CARTESIAN_POINT('',(0.0069915532,-0.023824692,0.01651));
#4492=CARTESIAN_POINT('',(0.0069915532,-0.023824692,0.01651));
#4493=CARTESIAN_POINT('',(0.0092775532,-0.023824692,0.01651));
#4494=CARTESIAN_POINT('',(0.028829,0.028829,0.04191));
#4495=CARTESIAN_POINT('',(0.0228508052,0.0241040040282289,0.04191));
#4496=CARTESIAN_POINT('',(0.0228508052,0.0241040040282289,0.01651));
#4497=CARTESIAN_POINT('',(0.0228508052,0.0241040040282289,0.00762));
#4498=CARTESIAN_POINT('',(0.028829,0.028829,0.00762));
#4499=CARTESIAN_POINT('',(0.028829,0.021209,0.00762));
#4500=CARTESIAN_POINT('',(0.028829,0.021209,0.04191));
#4501=CARTESIAN_POINT('',(0.022479,0.0246168865162487,0.04191));
#4502=CARTESIAN_POINT('',(0.022479,0.0246168865162487,0.01651));
#4503=CARTESIAN_POINT('',(0.028829,0.028829,0.01651));
#4504=CARTESIAN_POINT('',(0.047752,0.021209,0.04191));
#4505=CARTESIAN_POINT('',(0.0349158052,0.021209,0.00762));
#4506=CARTESIAN_POINT('',(0.0349158052,0.021209,0.00762));
#4507=CARTESIAN_POINT('',(0.0349158052,0.021209,0.04191));
#4508=CARTESIAN_POINT('',(0.066675,0.021209,0.04191));
#4509=CARTESIAN_POINT('',(0.059182,0.021209,0.02286));
#4510=CARTESIAN_POINT('',(0.059182,0.021209,0.00381));
#4511=CARTESIAN_POINT('',(0.047752,0.021209,0.00381));
#4512=CARTESIAN_POINT('',(0.036322,0.021209,0.00381));
#4513=CARTESIAN_POINT('',(0.036322,0.021209,0.02286));
#4514=CARTESIAN_POINT('',(0.0228508052,0.0239522,0.01651));
#4515=CARTESIAN_POINT('',(0.0228508052,0.0182372,0.00635));
#4516=CARTESIAN_POINT('',(0.0228508052,0.0182372,0.00635));
#4517=CARTESIAN_POINT('',(0.0228508052,0.0239522,0.00635));
#4518=CARTESIAN_POINT('',(0.0228508052,0.0266880453219994,0.00635));
#4519=CARTESIAN_POINT('',(0.0228508052,0.0266880453219994,0.00635));
#4520=CARTESIAN_POINT('',(0.0228508052,0.026161719910334,0.00635));
#4521=CARTESIAN_POINT('',(0.0228508052,0.0253667676032306,0.0063969824700099));
#4522=CARTESIAN_POINT('',(0.0228508052,0.0243944441246745,0.00686293655815931));
#4523=CARTESIAN_POINT('',(0.0228508052,0.0241040040282289,0.0073526897916138));
#4524=CARTESIAN_POINT('',(0.0228508052,0.0241040040282289,0.00762));
#4525=CARTESIAN_POINT('',(0.0228508052,0.0239522,0.01651));
#4526=CARTESIAN_POINT('',(0.0228508052,0.0163322,0.01651));
#4527=CARTESIAN_POINT('',(0.0228508052,0.0163322,0.01651));
#4528=CARTESIAN_POINT('',(-0.00318419480000001,0.0239522,0.01651));
#4529=CARTESIAN_POINT('',(-0.00318419480000001,0.0195072,0.00762));
#4530=CARTESIAN_POINT('',(-0.00318419480000001,0.0296672,0.00762));
#4531=CARTESIAN_POINT('',(-0.00318419480000001,0.0182372,0.00762));
#4532=CARTESIAN_POINT('',(-0.00318419480000001,0.0182372,0.00127));
#4533=CARTESIAN_POINT('',(-0.00318419480000001,0.0163322,0.01651));
#4534=CARTESIAN_POINT('',(-0.00318419480000001,0.0163322,0.01651));
#4535=CARTESIAN_POINT('',(-0.00318419480000001,0.0239522,0.01651));
#4536=CARTESIAN_POINT('',(-0.00318419480000001,0.0315722,0.01651));
#4537=CARTESIAN_POINT('',(-0.00318419480000001,0.0315722,0.01651));
#4538=CARTESIAN_POINT('',(-0.00318419480000001,0.0296672,0.01651));
#4539=CARTESIAN_POINT('',(-0.0152908,0.0058166,0.01651));
#4540=CARTESIAN_POINT('',(-0.0152908,0.0058166,0.00762));
#4541=CARTESIAN_POINT('',(-0.0204089,0.0058166,0.00762));
#4542=CARTESIAN_POINT('',(-0.0097409,0.0058166,0.00762));
#4543=CARTESIAN_POINT('',(-0.0097409,0.0058166,0.01651));
#4544=CARTESIAN_POINT('',(-0.0076708,0.0058166,0.01651));
#4545=CARTESIAN_POINT('',(-0.0076708,0.0058166,0.01651));
#4546=CARTESIAN_POINT('',(-0.0152908,0.0058166,0.01651));
#4547=CARTESIAN_POINT('',(-0.0229108,0.0058166,0.01651));
#4548=CARTESIAN_POINT('',(-0.0229108,0.0058166,0.01651));
#4549=CARTESIAN_POINT('',(-0.0204089,0.0058166,0.00635));
#4550=CARTESIAN_POINT('',(-0.0152908,0.0305816,0.01651));
#4551=CARTESIAN_POINT('',(-0.0191389,0.0305816,0.01651));
#4552=CARTESIAN_POINT('',(-0.0191389,0.0305816,0.00635));
#4553=CARTESIAN_POINT('',(-0.0152908,0.0305816,0.00635));
#4554=CARTESIAN_POINT('',(-0.0110109,0.0305816,0.00635));
#4555=CARTESIAN_POINT('',(-0.0110109,0.0305816,0.01651));
#4556=CARTESIAN_POINT('',(-0.0089408,0.0305816,0.01651));
#4557=CARTESIAN_POINT('',(-0.0089408,0.0305816,0.01651));
#4558=CARTESIAN_POINT('',(-0.0152908,0.0305816,0.01651));
#4559=CARTESIAN_POINT('',(-0.0216408,0.0305816,0.01651));
#4560=CARTESIAN_POINT('',(-0.0216408,0.0305816,0.01651));
#4561=CARTESIAN_POINT('',(-0.0152908,0.0070866,0.01651));
#4562=CARTESIAN_POINT('',(-0.0152908,0.0070866,0.00635));
#4563=CARTESIAN_POINT('',(-0.0191389,0.0070866,0.00635));
#4564=CARTESIAN_POINT('',(-0.0110109,0.0070866,0.00635));
#4565=CARTESIAN_POINT('',(-0.0191389,0.0070866,0.01651));
#4566=CARTESIAN_POINT('',(-0.0216408,0.0070866,0.01651));
#4567=CARTESIAN_POINT('',(-0.0216408,0.0070866,0.01651));
#4568=CARTESIAN_POINT('',(-0.0152908,0.0070866,0.01651));
#4569=CARTESIAN_POINT('',(-0.0089408,0.0070866,0.01651));
#4570=CARTESIAN_POINT('',(-0.0089408,0.0070866,0.01651));
#4571=CARTESIAN_POINT('',(-0.0110109,0.0070866,0.01651));
#4572=CARTESIAN_POINT('',(-0.028829,0.028829,0.04191));
#4573=CARTESIAN_POINT('',(-0.0229108,0.0240290720047067,0.04191));
#4574=CARTESIAN_POINT('',(-0.0229108,0.0240290720047067,0.01651));
#4575=CARTESIAN_POINT('',(-0.028829,0.028829,0.01651));
#4576=CARTESIAN_POINT('',(-0.022479,0.0246168865162487,0.01651));
#4577=CARTESIAN_POINT('',(-0.022479,0.0246168865162487,0.04191));
#4578=CARTESIAN_POINT('',(-0.028829,0.021209,0.04191));
#4579=CARTESIAN_POINT('',(-0.022479,0.0445135,0.02159));
#4580=CARTESIAN_POINT('',(-0.022479,0.0445135,0.01651));
#4581=CARTESIAN_POINT('',(-0.022479,0.0318516,0.01651));
#4582=CARTESIAN_POINT('',(-0.022479,0.0318516,0.02159));
#4583=CARTESIAN_POINT('',(-0.022479,0.047752,0.02159));
#4584=CARTESIAN_POINT('',(0.022479,0.0445135,0.02159));
#4585=CARTESIAN_POINT('',(0.022479,0.0315722,0.02159));
#4586=CARTESIAN_POINT('',(0.022479,0.0315722,0.01651));
#4587=CARTESIAN_POINT('',(0.022479,0.0445135,0.01651));
#4588=CARTESIAN_POINT('',(0.022479,0.047752,0.02159));
#4589=CARTESIAN_POINT('',(0.021209,0.047752,0.04191));
#4590=CARTESIAN_POINT('',(0.021209,0.047752,0.02159));
#4591=CARTESIAN_POINT('',(0.021209,0.066675,0.04191));
#4592=CARTESIAN_POINT('',(-0.021209,0.047752,0.04191));
#4593=CARTESIAN_POINT('',(-0.021209,0.047752,0.02159));
#4594=CARTESIAN_POINT('',(-0.021209,0.066675,0.04191));
#4595=CARTESIAN_POINT('',(0.045212,-0.023749,0.04191));
#4596=CARTESIAN_POINT('',(0.059182,-0.023749,0.04191));
#4597=CARTESIAN_POINT('',(0.059182,-0.023749,0.01651));
#4598=CARTESIAN_POINT('',(0.045212,-0.023749,0.01651));
#4599=CARTESIAN_POINT('',(0.066675,-0.023749,0.01651));
#4600=CARTESIAN_POINT('',(0.066675,-0.023749,0.04191));
#4601=CARTESIAN_POINT('',(-0.045212,-0.023749,0.04191));
#4602=CARTESIAN_POINT('',(-0.045212,-0.023749,0.01651));
#4603=CARTESIAN_POINT('',(-0.059182,-0.023749,0.01651));
#4604=CARTESIAN_POINT('',(-0.066675,-0.023749,0.01651));
#4605=CARTESIAN_POINT('',(-0.059182,-0.023749,0.04191));
#4606=CARTESIAN_POINT('',(-0.066675,-0.023749,0.04191));
#4607=CARTESIAN_POINT('',(0.,1.38777878078145E-17,0.04191));
#4608=CARTESIAN_POINT('',(-0.047752,-0.021209,0.04191));
#4609=CARTESIAN_POINT('',(-0.028829,-0.021209,0.04191));
#4610=CARTESIAN_POINT('',(-0.036322,-0.021209,0.04191));
#4611=CARTESIAN_POINT('',(-0.036322,2.71967385226968E-17,0.04191));
#4612=CARTESIAN_POINT('',(-0.036322,-0.023749,0.04191));
#4613=CARTESIAN_POINT('',(-0.045212,-0.023749,0.04191));
#4614=CARTESIAN_POINT('',(-0.023749,-0.023749,0.04191));
#4615=CARTESIAN_POINT('',(-0.023749,-0.045212,0.04191));
#4616=CARTESIAN_POINT('',(-0.021209,-0.047752,0.04191));
#4617=CARTESIAN_POINT('',(-0.021209,-0.028829,0.04191));
#4618=CARTESIAN_POINT('',(-0.028829,-0.028829,0.04191));
#4619=CARTESIAN_POINT('',(-0.047752,-0.021209,0.04191));
#4620=CARTESIAN_POINT('',(-0.059182,-0.021209,0.04191));
#4621=CARTESIAN_POINT('',(-0.059182,-0.021209,0.00381));
#4622=CARTESIAN_POINT('',(-0.047752,-0.021209,0.00381));
#4623=CARTESIAN_POINT('',(-0.036322,-0.021209,0.00381));
#4624=CARTESIAN_POINT('',(-0.036322,-0.021209,0.04191));
#4625=CARTESIAN_POINT('',(-0.028829,-0.021209,0.04191));
#4626=CARTESIAN_POINT('',(-0.045212,0.023749,0.04191));
#4627=CARTESIAN_POINT('',(-0.059182,0.023749,0.04191));
#4628=CARTESIAN_POINT('',(-0.059182,0.023749,0.01651));
#4629=CARTESIAN_POINT('',(-0.045212,0.023749,0.01651));
#4630=CARTESIAN_POINT('',(-0.066675,0.023749,0.01651));
#4631=CARTESIAN_POINT('',(-0.066675,0.023749,0.04191));
#4632=CARTESIAN_POINT('',(0.045212,0.023749,0.04191));
#4633=CARTESIAN_POINT('',(0.045212,0.023749,0.01651));
#4634=CARTESIAN_POINT('',(0.059182,0.023749,0.01651));
#4635=CARTESIAN_POINT('',(0.066675,0.023749,0.01651));
#4636=CARTESIAN_POINT('',(0.059182,0.023749,0.02286));
#4637=CARTESIAN_POINT('',(0.066675,0.023749,0.04191));
#4638=CARTESIAN_POINT('',(0.,1.38777878078145E-17,0.04191));
#4639=CARTESIAN_POINT('',(0.036322,5.5883709293213E-19,0.04191));
#4640=CARTESIAN_POINT('',(0.036322,-0.021209,0.04191));
#4641=CARTESIAN_POINT('',(0.036322,-0.023749,0.04191));
#4642=CARTESIAN_POINT('',(0.047752,-0.021209,0.04191));
#4643=CARTESIAN_POINT('',(0.028829,-0.021209,0.04191));
#4644=CARTESIAN_POINT('',(0.028829,-0.028829,0.04191));
#4645=CARTESIAN_POINT('',(0.021209,-0.028829,0.04191));
#4646=CARTESIAN_POINT('',(0.021209,-0.047752,0.04191));
#4647=CARTESIAN_POINT('',(0.023749,-0.045212,0.04191));
#4648=CARTESIAN_POINT('',(0.023749,-0.023749,0.04191));
#4649=CARTESIAN_POINT('',(0.045212,-0.023749,0.04191));
#4650=CARTESIAN_POINT('',(-0.066675,-0.0695325,0.04191));
#4651=CARTESIAN_POINT('',(-0.066675,-1.38777878078145E-17,0.01651));
#4652=CARTESIAN_POINT('',(-0.066675,0.066675,0.01651));
#4653=CARTESIAN_POINT('',(-0.066675,0.066675,0.04191));
#4654=CARTESIAN_POINT('',(-2.77555756156289E-17,0.066675,0.04191));
#4655=CARTESIAN_POINT('',(-2.77555756156289E-17,0.066675,0.01651));
#4656=CARTESIAN_POINT('',(0.066675,0.066675,0.01651));
#4657=CARTESIAN_POINT('',(0.023749,0.066675,0.01651));
#4658=CARTESIAN_POINT('',(0.066675,0.066675,0.04191));
#4659=CARTESIAN_POINT('',(0.023749,0.066675,0.04191));
#4660=CARTESIAN_POINT('',(-2.77555756156289E-17,0.066675,0.04191));
#4661=CARTESIAN_POINT('',(0.066675,1.38777878078145E-17,0.04191));
#4662=CARTESIAN_POINT('',(0.066675,1.38777878078145E-17,0.01651));
#4663=CARTESIAN_POINT('',(0.066675,1.38777878078145E-17,0.04191));
#4664=CARTESIAN_POINT('',(0.066675,0.00210605674187566,0.070866));
#4665=CARTESIAN_POINT('',(-0.066675,-0.0695325,0.04191));
#4666=CARTESIAN_POINT('',(-0.066675,-0.069215,0.03556));
#4667=CARTESIAN_POINT('',(-0.066675,-0.069215,0.03429));
#4668=CARTESIAN_POINT('',(-0.066675,-0.069215,0.00635));
#4669=CARTESIAN_POINT('',(-0.066675,-0.069215,0.00508));
#4670=CARTESIAN_POINT('',(-0.066675,-1.38777878078145E-17,0.01651));
#4671=CARTESIAN_POINT('',(-0.066675,-0.07239,0.04191));
#4672=CARTESIAN_POINT('',(-0.066675,-0.07239,0.));
#4673=CARTESIAN_POINT('',(-0.066675,-0.0695325,0.));
#4674=CARTESIAN_POINT('',(-2.77555756156289E-17,0.066675,0.04191));
#4675=CARTESIAN_POINT('',(-2.77555756156289E-17,0.066675,0.01651));
#4676=CARTESIAN_POINT('',(-0.023749,0.066675,0.01651));
#4677=CARTESIAN_POINT('',(-0.023749,0.066675,0.04191));
#4678=CARTESIAN_POINT('',(0.066675,1.38777878078145E-17,0.04191));
#4679=CARTESIAN_POINT('',(0.066675,-0.069215,0.03556));
#4680=CARTESIAN_POINT('',(0.066675,-0.067945,0.03556));
#4681=CARTESIAN_POINT('',(0.066675,-0.069215,0.00635));
#4682=CARTESIAN_POINT('',(0.066675,-0.067945,0.00635));
#4683=CARTESIAN_POINT('',(0.066675,1.38777878078145E-17,0.01651));
#4684=CARTESIAN_POINT('',(0.066675,1.38777878078145E-17,0.));
#4685=CARTESIAN_POINT('',(0.066675,-0.07239,0.));
#4686=CARTESIAN_POINT('',(0.066675,-0.07239,0.04191));
#4687=CARTESIAN_POINT('',(0.0695325,-0.07239,0.04191));
#4688=CARTESIAN_POINT('',(0.0695325,-0.07239,0.));
#4689=CARTESIAN_POINT('',(0.07239,-0.07239,0.));
#4690=CARTESIAN_POINT('',(0.07239,-0.07239,0.04191));
#4691=CARTESIAN_POINT('',(0.07239,2.77555756156289E-17,0.04191));
#4692=CARTESIAN_POINT('',(0.07239,-0.069215,0.03556));
#4693=CARTESIAN_POINT('',(0.07239,-0.069215,0.03429));
#4694=CARTESIAN_POINT('',(0.07239,-0.069215,0.00635));
#4695=CARTESIAN_POINT('',(0.07239,-0.069215,0.00508));
#4696=CARTESIAN_POINT('',(0.07239,2.77555756156289E-17,0.));
#4697=CARTESIAN_POINT('',(0.07239,0.07239,0.));
#4698=CARTESIAN_POINT('',(0.07239,0.07239,0.04191));
#4699=CARTESIAN_POINT('',(-1.38777878078145E-17,0.07239,0.04191));
#4700=CARTESIAN_POINT('',(-1.38777878078145E-17,0.07239,0.));
#4701=CARTESIAN_POINT('',(-0.07239,0.07239,0.));
#4702=CARTESIAN_POINT('',(-0.07239,0.07239,0.04191));
#4703=CARTESIAN_POINT('',(-0.07239,-1.38777878078145E-17,0.04191));
#4704=CARTESIAN_POINT('',(-0.07239,-0.069215,0.03556));
#4705=CARTESIAN_POINT('',(-0.07239,-0.069215,0.03683));
#4706=CARTESIAN_POINT('',(-0.07239,-0.069215,0.00635));
#4707=CARTESIAN_POINT('',(-0.07239,-0.069215,0.00762));
#4708=CARTESIAN_POINT('',(-0.07239,-1.38777878078145E-17,0.));
#4709=CARTESIAN_POINT('',(-0.07239,-0.07239,0.));
#4710=CARTESIAN_POINT('',(-0.07239,-0.07239,0.04191));
#4711=CARTESIAN_POINT('',(-0.0695325,-0.07239,0.04191));
#4712=CARTESIAN_POINT('',(-0.0695325,-0.07239,0.));
#4713=CARTESIAN_POINT('',(0.,1.38777878078145E-17,0.));
#4714=CARTESIAN_POINT('',(0.,-0.059055,0.));
#4715=CARTESIAN_POINT('',(-0.003175,-0.059055,0.));
#4716=CARTESIAN_POINT('',(-0.023749,0.045212,0.04191));
#4717=CARTESIAN_POINT('',(-0.023749,0.045212,0.01651));
#4718=CARTESIAN_POINT('',(-0.023749,0.023749,0.01651));
#4719=CARTESIAN_POINT('',(-0.023749,0.023749,0.04191));
#4720=CARTESIAN_POINT('',(-0.045212,0.023749,0.04191));
#4721=CARTESIAN_POINT('',(-0.045212,0.023749,0.01651));
#4722=CARTESIAN_POINT('',(-0.036322,0.023749,0.01651));
#4723=CARTESIAN_POINT('',(-0.036322,0.023749,0.04191));
#4724=CARTESIAN_POINT('',(-0.047752,0.021209,0.04191));
#4725=CARTESIAN_POINT('',(-0.036322,0.021209,0.04191));
#4726=CARTESIAN_POINT('',(-0.036322,0.021209,0.00381));
#4727=CARTESIAN_POINT('',(-0.047752,0.021209,0.00381));
#4728=CARTESIAN_POINT('',(-0.059182,0.021209,0.00381));
#4729=CARTESIAN_POINT('',(-0.059182,0.021209,0.04191));
#4730=CARTESIAN_POINT('',(0.047752,-0.021209,0.04191));
#4731=CARTESIAN_POINT('',(0.036322,-0.021209,0.04191));
#4732=CARTESIAN_POINT('',(0.036322,-0.021209,0.00381));
#4733=CARTESIAN_POINT('',(0.047752,-0.021209,0.00381));
#4734=CARTESIAN_POINT('',(0.059182,-0.021209,0.00381));
#4735=CARTESIAN_POINT('',(0.059182,-0.021209,0.04191));
#4736=CARTESIAN_POINT('',(0.028829,-0.021209,0.04191));
#4737=CARTESIAN_POINT('',(0.028829,-0.028829,0.04191));
#4738=CARTESIAN_POINT('',(0.021209,-0.028829,0.04191));
#4739=CARTESIAN_POINT('',(0.021209,-0.047752,0.04191));
#4740=CARTESIAN_POINT('',(0.023749,-0.045212,0.04191));
#4741=CARTESIAN_POINT('',(0.023749,-0.045212,0.01651));
#4742=CARTESIAN_POINT('',(0.023749,-0.023749,0.01651));
#4743=CARTESIAN_POINT('',(0.023749,-0.023749,0.04191));
#4744=CARTESIAN_POINT('',(0.045212,-0.023749,0.04191));
#4745=CARTESIAN_POINT('',(0.045212,-0.023749,0.01651));
#4746=CARTESIAN_POINT('',(0.036322,-0.023749,0.01651));
#4747=CARTESIAN_POINT('',(0.036322,-0.023749,0.04191));
#4748=CARTESIAN_POINT('',(-0.028829,-0.028829,0.04191));
#4749=CARTESIAN_POINT('',(-0.021209,-0.028829,0.04191));
#4750=CARTESIAN_POINT('',(-0.045212,-0.023749,0.04191));
#4751=CARTESIAN_POINT('',(-0.036322,-0.023749,0.04191));
#4752=CARTESIAN_POINT('',(-0.036322,-0.023749,0.01651));
#4753=CARTESIAN_POINT('',(-0.045212,-0.023749,0.01651));
#4754=CARTESIAN_POINT('',(-0.023749,-0.023749,0.01651));
#4755=CARTESIAN_POINT('',(-0.023749,-0.023749,0.04191));
#4756=CARTESIAN_POINT('',(-0.023749,-0.045212,0.04191));
#4757=CARTESIAN_POINT('',(-0.023749,-0.045212,0.01651));
#4758=CARTESIAN_POINT('',(-0.021209,-0.047752,0.04191));
#4759=CARTESIAN_POINT('',(0.045212,0.023749,0.04191));
#4760=CARTESIAN_POINT('',(0.036322,0.023749,0.02286));
#4761=CARTESIAN_POINT('',(0.036322,0.023749,0.01651));
#4762=CARTESIAN_POINT('',(0.045212,0.023749,0.01651));
#4763=CARTESIAN_POINT('',(0.023749,0.023749,0.01651));
#4764=CARTESIAN_POINT('',(0.023749,0.023749,0.04191));
#4765=CARTESIAN_POINT('',(0.023749,0.045212,0.04191));
#4766=CARTESIAN_POINT('',(0.023749,0.045212,0.01651));
#4767=CARTESIAN_POINT('',(0.,0.,0.01651));
#4768=CARTESIAN_POINT('',(0.045212,0.023749,0.01651));
#4769=CARTESIAN_POINT('',(0.,0.,0.01651));
#4770=CARTESIAN_POINT('',(-0.045212,-0.023749,0.01651));
#4771=CARTESIAN_POINT('',(0.,0.,0.01651));
#4772=CARTESIAN_POINT('',(0.045212,-0.023749,0.01651));
#4773=CARTESIAN_POINT('',(0.,0.,0.01651));
#4774=CARTESIAN_POINT('',(-0.045212,0.023749,0.01651));
#4775=CARTESIAN_POINT('',(0.036322,0.023749,0.02286));
#4776=CARTESIAN_POINT('',(0.036322,0.023749,0.00381));
#4777=CARTESIAN_POINT('',(0.036322,0.023749,0.00381));
#4778=CARTESIAN_POINT('',(0.036322,0.023749,0.02286));
#4779=CARTESIAN_POINT('',(0.047752,0.023749,0.00381));
#4780=CARTESIAN_POINT('',(0.059182,0.023749,0.00381));
#4781=CARTESIAN_POINT('',(0.059182,0.023749,0.00381));
#4782=CARTESIAN_POINT('',(0.047752,0.023749,0.00381));
#4783=CARTESIAN_POINT('',(0.059182,0.023749,0.02286));
#4784=CARTESIAN_POINT('',(0.059182,0.023749,0.02286));
#4785=CARTESIAN_POINT('',(-0.0037465,0.023749,0.04064));
#4786=CARTESIAN_POINT('',(-0.0037465,0.023749,0.04064));
#4787=CARTESIAN_POINT('',(-0.059182,0.023749,0.04191));
#4788=CARTESIAN_POINT('',(-0.059182,0.023749,0.00381));
#4789=CARTESIAN_POINT('',(-0.047752,0.023749,0.00381));
#4790=CARTESIAN_POINT('',(-0.036322,0.023749,0.00381));
#4791=CARTESIAN_POINT('',(-0.036322,0.023749,0.04191));
#4792=CARTESIAN_POINT('',(-0.047752,0.023749,0.00381));
#4793=CARTESIAN_POINT('',(-0.036322,0.023749,0.00381));
#4794=CARTESIAN_POINT('',(-0.059182,0.023749,0.00381));
#4795=CARTESIAN_POINT('',(-0.036322,0.023749,0.04191));
#4796=CARTESIAN_POINT('',(-0.059182,0.023749,0.04191));
#4797=CARTESIAN_POINT('',(-0.047752,-0.023749,0.00381));
#4798=CARTESIAN_POINT('',(-0.059182,-0.023749,0.00381));
#4799=CARTESIAN_POINT('',(-0.059182,-0.023749,0.00381));
#4800=CARTESIAN_POINT('',(-0.047752,-0.023749,0.00381));
#4801=CARTESIAN_POINT('',(-0.036322,-0.023749,0.00381));
#4802=CARTESIAN_POINT('',(-0.036322,-0.023749,0.00381));
#4803=CARTESIAN_POINT('',(-0.059182,-0.023749,0.04191));
#4804=CARTESIAN_POINT('',(-0.059182,-0.023749,0.04191));
#4805=CARTESIAN_POINT('',(-0.036322,-0.023749,0.04191));
#4806=CARTESIAN_POINT('',(-0.036322,-0.023749,0.04191));
#4807=CARTESIAN_POINT('',(-0.0037465,-0.023749,0.04064));
#4808=CARTESIAN_POINT('',(-0.0037465,-0.023749,0.04064));
#4809=CARTESIAN_POINT('',(0.059182,-0.023749,0.04191));
#4810=CARTESIAN_POINT('',(0.059182,-0.023749,0.00381));
#4811=CARTESIAN_POINT('',(0.047752,-0.023749,0.00381));
#4812=CARTESIAN_POINT('',(0.036322,-0.023749,0.00381));
#4813=CARTESIAN_POINT('',(0.036322,-0.023749,0.04191));
#4814=CARTESIAN_POINT('',(0.047752,-0.023749,0.00381));
#4815=CARTESIAN_POINT('',(0.036322,-0.023749,0.00381));
#4816=CARTESIAN_POINT('',(0.059182,-0.023749,0.00381));
#4817=CARTESIAN_POINT('',(0.036322,-0.023749,0.04191));
#4818=CARTESIAN_POINT('',(0.059182,-0.023749,0.04191));
#4819=CARTESIAN_POINT('',(0.136615083434994,-0.069215,0.00635));
#4820=CARTESIAN_POINT('',(0.136615083434994,-0.069215,0.03556));
#4821=CARTESIAN_POINT('',(0.136615083434994,-0.069215,0.00635));
#4822=CARTESIAN_POINT('',(0.136615083434994,-0.069215,0.03556));
#4823=CARTESIAN_POINT('',(-0.022479,0.047752,0.02159));
#4824=CARTESIAN_POINT('',(0.022479,0.047752,0.02159));
#4825=CARTESIAN_POINT('',(0.0098333052,0.0315722,0.01651));
#4826=CARTESIAN_POINT('',(0.0098333052,0.0315722,0.01651));
#4827=CARTESIAN_POINT('',(0.0098333052,0.0303022,0.01651));
#4828=CARTESIAN_POINT('',(0.0215808052,0.0303022,0.01651));
#4829=CARTESIAN_POINT('',(0.0215808052,0.0303022,0.01651));
#4830=CARTESIAN_POINT('',(0.0098333052,0.0303022,0.01651));
#4831=CARTESIAN_POINT('',(-0.0019141948,0.0303022,0.01651));
#4832=CARTESIAN_POINT('',(-0.0019141948,0.0303022,0.01651));
#4833=CARTESIAN_POINT('',(0.0215808052,0.0239522,0.01651));
#4834=CARTESIAN_POINT('',(0.0215808052,0.0296672,0.00635));
#4835=CARTESIAN_POINT('',(0.0215808052,0.0296672,0.00635));
#4836=CARTESIAN_POINT('',(0.0215808052,0.0239522,0.00635));
#4837=CARTESIAN_POINT('',(0.0215808052,0.0195072,0.00635));
#4838=CARTESIAN_POINT('',(0.0215808052,0.0195072,0.01651));
#4839=CARTESIAN_POINT('',(0.0215808052,0.0176022,0.01651));
#4840=CARTESIAN_POINT('',(0.0215808052,0.0176022,0.01651));
#4841=CARTESIAN_POINT('',(0.0215808052,0.0239522,0.01651));
#4842=CARTESIAN_POINT('',(0.0098333052,0.0176022,0.01651));
#4843=CARTESIAN_POINT('',(-0.0019141948,0.0176022,0.01651));
#4844=CARTESIAN_POINT('',(-0.0019141948,0.0176022,0.01651));
#4845=CARTESIAN_POINT('',(0.0098333052,0.0176022,0.01651));
#4846=CARTESIAN_POINT('',(-0.0019141948,0.0239522,0.01651));
#4847=CARTESIAN_POINT('',(-0.0019141948,0.0283972,0.01651));
#4848=CARTESIAN_POINT('',(-0.00191419479999999,0.0283972,0.00635));
#4849=CARTESIAN_POINT('',(-0.0019141948,0.0239522,0.01651));
#4850=CARTESIAN_POINT('',(-0.0019141948,0.0195072,0.01651));
#4851=CARTESIAN_POINT('',(-0.0019141948,0.0195072,0.00635));
#4852=CARTESIAN_POINT('',(-0.0019141948,0.0239522,0.00635));
#4853=CARTESIAN_POINT('',(0.00983330519999999,0.0163322,0.01651));
#4854=CARTESIAN_POINT('',(0.00983330519999999,0.0163322,0.01651));
#4855=CARTESIAN_POINT('',(0.,1.38777878078145E-17,0.01651));
#4856=CARTESIAN_POINT('',(-0.0229108,0.0188341,0.01651));
#4857=CARTESIAN_POINT('',(-0.0229108,0.0188341,0.01651));
#4858=CARTESIAN_POINT('',(0.,1.38777878078145E-17,0.01651));
#4859=CARTESIAN_POINT('',(-0.0216408,0.0188341,0.01651));
#4860=CARTESIAN_POINT('',(-0.0089408,0.0188341,0.01651));
#4861=CARTESIAN_POINT('',(-0.0076708,0.0188341,0.01651));
#4862=CARTESIAN_POINT('',(-0.0076708,0.0318516,0.01651));
#4863=CARTESIAN_POINT('',(-0.0152908,0.0318516,0.01651));
#4864=CARTESIAN_POINT('',(-0.0152908,0.0318516,0.01651));
#4865=CARTESIAN_POINT('',(-0.0097409,0.0318516,0.01651));
#4866=CARTESIAN_POINT('',(-0.0097409,0.0318516,0.00762));
#4867=CARTESIAN_POINT('',(-0.0152908,0.0318516,0.00762));
#4868=CARTESIAN_POINT('',(-0.0204089,0.0318516,0.00762));
#4869=CARTESIAN_POINT('',(-0.0204089,0.0318516,0.00127));
#4870=CARTESIAN_POINT('',(-0.0076708,0.0318516,0.01651));
#4871=CARTESIAN_POINT('',(-0.0216408,0.0188341,0.01651));
#4872=CARTESIAN_POINT('',(-0.0089408,0.0188341,0.01651));
#4873=CARTESIAN_POINT('',(-0.0076708,0.0188341,0.01651));
#4874=CARTESIAN_POINT('',(0.0146115532,0.002210308,0.01651));
#4875=CARTESIAN_POINT('',(0.0199455532,0.002210308,0.00635));
#4876=CARTESIAN_POINT('',(0.0199455532,0.002210308,0.00762));
#4877=CARTESIAN_POINT('',(0.0105475532,0.002210308,0.00762));
#4878=CARTESIAN_POINT('',(0.0092775532,0.002210308,0.00762));
#4879=CARTESIAN_POINT('',(0.0092775532,0.002210308,0.01651));
#4880=CARTESIAN_POINT('',(0.0069915532,0.002210308,0.01651));
#4881=CARTESIAN_POINT('',(0.0069915532,0.002210308,0.01651));
#4882=CARTESIAN_POINT('',(0.0146115532,0.002210308,0.01651));
#4883=CARTESIAN_POINT('',(0.0222315532,0.002210308,0.01651));
#4884=CARTESIAN_POINT('',(0.0222315532,0.002210308,0.01651));
#4885=CARTESIAN_POINT('',(0.0069915532,-0.010807192,0.01651));
#4886=CARTESIAN_POINT('',(0.0069915532,-0.010807192,0.01651));
#4887=CARTESIAN_POINT('',(0.0082615532,-0.010807192,0.01651));
#4888=CARTESIAN_POINT('',(0.0082615532,0.000940308,0.01651));
#4889=CARTESIAN_POINT('',(0.0082615532,0.000940308,0.01651));
#4890=CARTESIAN_POINT('',(0.0082615532,-0.010807192,0.01651));
#4891=CARTESIAN_POINT('',(0.0082615532,-0.022554692,0.01651));
#4892=CARTESIAN_POINT('',(0.0082615532,-0.022554692,0.01651));
#4893=CARTESIAN_POINT('',(0.0146115532,0.000940308,0.01651));
#4894=CARTESIAN_POINT('',(0.0105475532,0.000940308,0.01651));
#4895=CARTESIAN_POINT('',(0.0105475532,0.000940308,0.00635));
#4896=CARTESIAN_POINT('',(0.0146115532,0.000940308,0.00635));
#4897=CARTESIAN_POINT('',(0.0186755532,0.000940308,0.00635));
#4898=CARTESIAN_POINT('',(0.0186755532,0.000940308,0.01651));
#4899=CARTESIAN_POINT('',(0.0209615532,0.000940308,0.01651));
#4900=CARTESIAN_POINT('',(0.0209615532,0.000940308,0.01651));
#4901=CARTESIAN_POINT('',(0.0146115532,0.000940308,0.01651));
#4902=CARTESIAN_POINT('',(0.0209615532,-0.010807192,0.01651));
#4903=CARTESIAN_POINT('',(0.0209615532,-0.022554692,0.01651));
#4904=CARTESIAN_POINT('',(0.0209615532,-0.022554692,0.01651));
#4905=CARTESIAN_POINT('',(0.0209615532,-0.010807192,0.01651));
#4906=CARTESIAN_POINT('',(0.0146115532,-0.022554692,0.01651));
#4907=CARTESIAN_POINT('',(0.0105475532,-0.022554692,0.01651));
#4908=CARTESIAN_POINT('',(0.0105475532,-0.022554692,0.00635));
#4909=CARTESIAN_POINT('',(0.0146115532,-0.022554692,0.01651));
#4910=CARTESIAN_POINT('',(0.0186755532,-0.022554692,0.01651));
#4911=CARTESIAN_POINT('',(0.0186755532,-0.022554692,0.00635));
#4912=CARTESIAN_POINT('',(0.0146115532,-0.022554692,0.00635));
#4913=CARTESIAN_POINT('',(0.0222315532,-0.010807192,0.01651));
#4914=CARTESIAN_POINT('',(0.0222315532,-0.010807192,0.01651));
#4915=CARTESIAN_POINT('',(0.,1.38777878078145E-17,0.01651));
#4916=CARTESIAN_POINT('',(-0.008703056,-0.0109614208,0.01651));
#4917=CARTESIAN_POINT('',(-0.008703056,-0.0109614208,0.01651));
#4918=CARTESIAN_POINT('',(-0.007433056,-0.0109614208,0.01651));
#4919=CARTESIAN_POINT('',(-0.007433056,-0.0109614208,0.01651));
#4920=CARTESIAN_POINT('',(-0.022673056,-0.0109614208,0.01651));
#4921=CARTESIAN_POINT('',(-0.022673056,-0.0109614208,0.01651));
#4922=CARTESIAN_POINT('',(-0.021403056,-0.0109614208,0.01651));
#4923=CARTESIAN_POINT('',(-0.021403056,-0.0109614208,0.01651));
#4924=CARTESIAN_POINT('',(0.,1.38777878078145E-17,0.01651));
#4925=CARTESIAN_POINT('',(0.0349158052,0.0239522,0.00635));
#4926=CARTESIAN_POINT('',(0.0349158052,0.0239522,0.00635));
#4927=CARTESIAN_POINT('',(0.0349158052,0.0283972,0.00635));
#4928=CARTESIAN_POINT('',(0.0349158052,0.022479,0.00635));
#4929=CARTESIAN_POINT('',(0.028829,0.022479,0.00635));
#4930=CARTESIAN_POINT('',(0.028829,0.022479,0.00635));
#4931=CARTESIAN_POINT('',(0.028829,0.028829,0.00635));
#4932=CARTESIAN_POINT('',(0.0215808052,0.0182372,0.00635));
#4933=CARTESIAN_POINT('',(0.0228508052,0.0296672,0.00635));
#4934=CARTESIAN_POINT('',(0.0228508052,0.0283972,0.00635));
#4935=CARTESIAN_POINT('',(0.0349158052,0.0283972,0.00635));
#4936=CARTESIAN_POINT('',(0.0349158052,0.0283972,0.00127));
#4937=CARTESIAN_POINT('',(0.0228508052,0.0283972,0.00127));
#4938=CARTESIAN_POINT('',(0.0349158052,0.0283972,0.00127));
#4939=CARTESIAN_POINT('',(0.0349158052,0.0239522,0.00635));
#4940=CARTESIAN_POINT('',(0.0349158052,0.022479,0.00762));
#4941=CARTESIAN_POINT('',(0.0228508052,0.0296672,0.00127));
#4942=CARTESIAN_POINT('',(0.0092775532,-0.022554692,0.00127));
#4943=CARTESIAN_POINT('',(0.0092775532,-0.022554692,0.00762));
#4944=CARTESIAN_POINT('',(0.0146115532,-0.022554692,0.00762));
#4945=CARTESIAN_POINT('',(0.0199455532,-0.022554692,0.00762));
#4946=CARTESIAN_POINT('',(0.0199455532,-0.022554692,0.01651));
#4947=CARTESIAN_POINT('',(0.0092775532,0.000940308,0.01651));
#4948=CARTESIAN_POINT('',(0.0092775532,0.000940308,0.00762));
#4949=CARTESIAN_POINT('',(0.0146115532,0.000940308,0.00762));
#4950=CARTESIAN_POINT('',(0.0199455532,0.000940308,0.00762));
#4951=CARTESIAN_POINT('',(0.0199455532,0.000940308,0.00127));
#4952=CARTESIAN_POINT('',(-0.0019141948,0.0296672,0.00127));
#4953=CARTESIAN_POINT('',(-0.0019141948,0.0296672,0.00762));
#4954=CARTESIAN_POINT('',(-0.0019141948,0.0239522,0.00762));
#4955=CARTESIAN_POINT('',(-0.0019141948,0.0182372,0.00762));
#4956=CARTESIAN_POINT('',(-0.0019141948,0.0182372,0.01651));
#4957=CARTESIAN_POINT('',(-0.0204089,0.0305816,0.01651));
#4958=CARTESIAN_POINT('',(-0.0204089,0.0305816,0.00762));
#4959=CARTESIAN_POINT('',(-0.0150749,0.0305816,0.00762));
#4960=CARTESIAN_POINT('',(-0.0097409,0.0305816,0.00762));
#4961=CARTESIAN_POINT('',(-0.0097409,0.0305816,0.00127));
#4962=CARTESIAN_POINT('',(-0.0204089,0.0070866,0.00127));
#4963=CARTESIAN_POINT('',(-0.0204089,0.0070866,0.00762));
#4964=CARTESIAN_POINT('',(-0.0152908,0.0070866,0.00762));
#4965=CARTESIAN_POINT('',(-0.0097409,0.0070866,0.00762));
#4966=CARTESIAN_POINT('',(-0.0097409,0.0070866,0.01651));
#4967=CARTESIAN_POINT('',(-0.009719056,0.0007860792,0.01651));
#4968=CARTESIAN_POINT('',(-0.009719056,0.0007860792,0.00762));
#4969=CARTESIAN_POINT('',(-0.015053056,0.0007860792,0.00762));
#4970=CARTESIAN_POINT('',(-0.020387056,0.0007860792,0.00762));
#4971=CARTESIAN_POINT('',(-0.020387056,0.0007860792,0.00127));
#4972=CARTESIAN_POINT('',(-0.020387056,-0.0227089208,0.00127));
#4973=CARTESIAN_POINT('',(-0.020387056,-0.0227089208,0.00762));
#4974=CARTESIAN_POINT('',(-0.015053056,-0.0227089208,0.00762));
#4975=CARTESIAN_POINT('',(-0.009719056,-0.0227089208,0.00762));
#4976=CARTESIAN_POINT('',(-0.009719056,-0.0227089208,0.01651));
#4977=CARTESIAN_POINT('',(0.0215808052,0.0182372,0.00127));
#4978=CARTESIAN_POINT('',(0.028829,0.028829,0.00762));
#4979=CARTESIAN_POINT('',(0.028829,0.022479,0.00762));
#4980=CARTESIAN_POINT('',(0.0349158052,0.022479,0.00762));
#4981=CARTESIAN_POINT('',(1.21430643318376E-17,-0.059055,0.00127));
#4982=CARTESIAN_POINT('',(0.0635,2.33295215237571E-19,0.070866));
#4983=CARTESIAN_POINT('',(0.0635,2.33295215237571E-19,0.070866));
#4984=CARTESIAN_POINT('',(0.06731,2.33295215237571E-19,0.070866));
#4985=CARTESIAN_POINT('',(0.,1.38777878078145E-17,0.070866));
#4986=CARTESIAN_POINT('',(0.0635,3.22081930601968E-19,0.070866));
#4987=CARTESIAN_POINT('',(0.0649499971,3.22081930601968E-19,0.070866));
#4988=CARTESIAN_POINT('',(-0.0635,2.33295215237571E-19,0.070866));
#4989=CARTESIAN_POINT('',(-0.0635,2.33295215237571E-19,0.070866));
#4990=CARTESIAN_POINT('',(-0.05969,2.33295215237571E-19,0.070866));
#4991=CARTESIAN_POINT('',(0.,1.38777878078145E-17,0.070866));
#4992=CARTESIAN_POINT('',(-0.0635,3.22081930601968E-19,0.070866));
#4993=CARTESIAN_POINT('',(-0.0620500029,3.22081930601968E-19,0.070866));
#4994=CARTESIAN_POINT('',(0.,-0.059055,0.00254));
#4995=CARTESIAN_POINT('',(-0.045212,-0.061595,0.00889));
#4996=CARTESIAN_POINT('',(-0.045212,-0.061595,0.00889));
#4997=CARTESIAN_POINT('',(-0.042672,-0.061595,0.00889));
#4998=CARTESIAN_POINT('',(2.66982203540811E-17,-0.061595,0.020955));
#4999=CARTESIAN_POINT('',(0.045212,-0.061595,0.00889));
#5000=CARTESIAN_POINT('',(0.045212,-0.061595,0.00889));
#5001=CARTESIAN_POINT('',(0.047752,-0.061595,0.00889));
#5002=CARTESIAN_POINT('',(2.66982203540811E-17,-0.061595,0.020955));
#5003=CARTESIAN_POINT('',(-0.0635,3.22081930601968E-19,0.045466));
#5004=CARTESIAN_POINT('',(-0.0635,3.22081930601968E-19,0.045466));
#5005=CARTESIAN_POINT('',(-0.0620500029,3.22081930601968E-19,0.045466));
#5006=CARTESIAN_POINT('',(-0.00118000145,0.,0.045466));
#5007=CARTESIAN_POINT('',(0.0635,3.22081930601968E-19,0.045466));
#5008=CARTESIAN_POINT('',(0.0635,3.22081930601968E-19,0.045466));
#5009=CARTESIAN_POINT('',(0.0649499971,3.22081930601968E-19,0.045466));
#5010=CARTESIAN_POINT('',(-0.00118000145,0.,0.045466));
#5011=MECHANICAL_DESIGN_GEOMETRIC_PRESENTATION_REPRESENTATION('',(#3083),
#5012);
#5012=(
GEOMETRIC_REPRESENTATION_CONTEXT(3)
GLOBAL_UNCERTAINTY_ASSIGNED_CONTEXT((#5013))
GLOBAL_UNIT_ASSIGNED_CONTEXT((#5016,#5015,#5014))
REPRESENTATION_CONTEXT('clock holder','TOP_LEVEL_ASSEMBLY_PART')
);
#5013=UNCERTAINTY_MEASURE_WITH_UNIT(LENGTH_MEASURE(2.E-5),#5016,
'DISTANCE_ACCURACY_VALUE','Maximum Tolerance applied to model');
#5014=(
NAMED_UNIT(*)
SI_UNIT($,.STERADIAN.)
SOLID_ANGLE_UNIT()
);
#5015=(
NAMED_UNIT(*)
PLANE_ANGLE_UNIT()
SI_UNIT($,.RADIAN.)
);
#5016=(
LENGTH_UNIT()
NAMED_UNIT(*)
SI_UNIT($,.METRE.)
);
#5017=PRODUCT_DEFINITION_SHAPE('','',#5018);
#5018=PRODUCT_DEFINITION('','',#5020,#5019);
#5019=PRODUCT_DEFINITION_CONTEXT('',#5026,'design');
#5020=PRODUCT_DEFINITION_FORMATION_WITH_SPECIFIED_SOURCE('','',#5022,
 .NOT_KNOWN.);
#5021=PRODUCT_RELATED_PRODUCT_CATEGORY('','',(#5022));
#5022=PRODUCT('clock holder','clock holder','clock holder',(#5024));
#5023=PRODUCT_CATEGORY('','');
#5024=PRODUCT_CONTEXT('',#5026,'mechanical');
#5025=APPLICATION_PROTOCOL_DEFINITION('international standard',
'ap242_managed_model_based_3d_engineering',2020,#5026);
#5026=APPLICATION_CONTEXT('managed model based 3d engineering');
ENDSEC;
END-ISO-10303-21;
